#0 building with "desktop-linux" instance using docker driver

#1 [internal] load build definition from Dockerfile
#1 transferring dockerfile: 1.30kB done
#1 DONE 0.0s

#2 [internal] load metadata for docker.io/naverlinux/navix:9.7
#2 DONE 1.1s

#3 [internal] load .dockerignore
#3 transferring context: 2B done
#3 DONE 0.0s

#4 [ 1/21] FROM docker.io/naverlinux/navix:9.7@sha256:f40eb46b75865cdbcff316e2ec6c4cbb0d4d9581f4d1a1d29865631a753a7d4f
#4 CACHED

#5 [internal] load build context
#5 transferring context: 150B done
#5 DONE 0.0s

#6 [ 2/21] RUN rm -rf /etc/yum.repos.d/*.repo
#6 DONE 0.1s

#7 [ 3/21] COPY navix.repo /etc/yum.repos.d/
#7 DONE 0.0s

#8 [ 4/21] COPY rpmmacros /root/.rpmmacros
#8 DONE 0.0s

#9 [ 5/21] COPY shim-unsigned-x64-16.1-2.el9.src.rpm /
#9 DONE 0.0s

#10 [ 6/21] RUN rpm -ivh shim-unsigned-x64-16.1-2.el9.src.rpm
#10 0.211 Updating / installing...
#10 0.212 shim-unsigned-x64-16.1-2.el9          ########################################
#10 DONE 0.2s

#11 [ 7/21] RUN dnf install -y 'dnf-command(builddep)' rpm-build
#11 3.608 Navix 9 - appstream                             2.5 MB/s | 7.8 MB     00:03    
#11 5.712 Navix 9 - baseos                                2.7 MB/s | 2.1 MB     00:00    
#11 6.971 Navix 9 - codeready                             2.4 MB/s | 2.3 MB     00:00    
#11 7.804 Dependencies resolved.
#11 7.812 ================================================================================
#11 7.812  Package                      Arch     Version                Repository   Size
#11 7.812 ================================================================================
#11 7.812 Installing:
#11 7.812  dnf-plugins-core             noarch   4.3.0-24.el9_7         baseos       35 k
#11 7.812  rpm-build                    x86_64   4.16.1.3-39.el9        appstream    58 k
#11 7.812 Installing dependencies:
#11 7.812  binutils                     x86_64   2.35.2-67.el9          baseos      4.5 M
#11 7.812  binutils-gold                x86_64   2.35.2-67.el9          baseos      734 k
#11 7.812  bzip2                        x86_64   1.0.8-10.el9_5         baseos       51 k
#11 7.812  cpio                         x86_64   2.13-16.el9            baseos      270 k
#11 7.812  dbus-libs                    x86_64   1:1.12.20-8.el9        baseos      151 k
#11 7.812  debugedit                    x86_64   5.0-11.el9             appstream    77 k
#11 7.812  diffutils                    x86_64   3.7-12.el9             baseos      388 k
#11 7.812  dwz                          x86_64   0.16-1.el9             appstream   133 k
#11 7.812  ed                           x86_64   1.14.2-12.el9          baseos       74 k
#11 7.812  efi-srpm-macros              noarch   6-4.el9                appstream    21 k
#11 7.812  elfutils                     x86_64   0.193-1.el9            baseos      587 k
#11 7.812  elfutils-debuginfod-client   x86_64   0.193-1.el9            baseos       43 k
#11 7.812  file                         x86_64   5.39-16.el9            baseos       48 k
#11 7.812  fonts-srpm-macros            noarch   1:2.0.5-7.el9.1        appstream    27 k
#11 7.812  gdb-minimal                  x86_64   16.3-2.el9             appstream   4.4 M
#11 7.812  ghc-srpm-macros              noarch   1.5.0-6.el9            appstream   7.8 k
#11 7.812  glibc-gconv-extra            x86_64   2.34-231.el9           baseos      1.5 M
#11 7.812  go-srpm-macros               noarch   3.6.0-11.el9           appstream    27 k
#11 7.812  groff-base                   x86_64   1.22.4-10.el9          baseos      1.0 M
#11 7.812  info                         x86_64   6.7-15.el9             baseos      224 k
#11 7.812  kernel-srpm-macros           noarch   1.0-14.el9             appstream    14 k
#11 7.812  libpkgconf                   x86_64   1.7.3-10.el9           baseos       35 k
#11 7.812  lua-srpm-macros              noarch   1-6.el9                appstream   8.5 k
#11 7.812  ncurses                      x86_64   6.2-12.20210508.el9    baseos      399 k
#11 7.812  ocaml-srpm-macros            noarch   6-6.el9                appstream   7.8 k
#11 7.812  openblas-srpm-macros         noarch   2-11.el9               appstream   7.3 k
#11 7.812  patch                        x86_64   2.7.6-16.el9           appstream   127 k
#11 7.812  perl-AutoLoader              noarch   5.74-481.1.el9_6       appstream    20 k
#11 7.812  perl-B                       x86_64   1.80-481.1.el9_6       appstream   177 k
#11 7.812  perl-Carp                    noarch   1.50-460.el9           appstream    29 k
#11 7.812  perl-Class-Struct            noarch   0.66-481.1.el9_6       appstream    21 k
#11 7.812  perl-Data-Dumper             x86_64   2.174-462.el9          appstream    55 k
#11 7.812  perl-Digest                  noarch   1.19-4.el9             appstream    25 k
#11 7.812  perl-Digest-MD5              x86_64   2.58-4.el9             appstream    36 k
#11 7.812  perl-Encode                  x86_64   4:3.08-462.el9         appstream   1.7 M
#11 7.812  perl-Errno                   x86_64   1.30-481.1.el9_6       appstream    13 k
#11 7.812  perl-Exporter                noarch   5.74-461.el9           appstream    31 k
#11 7.812  perl-Fcntl                   x86_64   1.13-481.1.el9_6       appstream    19 k
#11 7.812  perl-File-Basename           noarch   2.85-481.1.el9_6       appstream    16 k
#11 7.812  perl-File-Path               noarch   2.18-4.el9             appstream    35 k
#11 7.812  perl-File-Temp               noarch   1:0.231.100-4.el9      appstream    59 k
#11 7.812  perl-File-stat               noarch   1.09-481.1.el9_6       appstream    16 k
#11 7.812  perl-FileHandle              noarch   2.03-481.1.el9_6       appstream    14 k
#11 7.812  perl-Getopt-Long             noarch   1:2.52-4.el9           appstream    59 k
#11 7.812  perl-Getopt-Std              noarch   1.12-481.1.el9_6       appstream    14 k
#11 7.812  perl-HTTP-Tiny               noarch   0.076-462.el9          appstream    53 k
#11 7.812  perl-IO                      x86_64   1.43-481.1.el9_6       appstream    85 k
#11 7.812  perl-IO-Socket-IP            noarch   0.41-5.el9             appstream    42 k
#11 7.812  perl-IO-Socket-SSL           noarch   2.073-2.el9            appstream   214 k
#11 7.812  perl-IPC-Open3               noarch   1.21-481.1.el9_6       appstream    21 k
#11 7.812  perl-MIME-Base64             x86_64   3.16-4.el9             appstream    30 k
#11 7.812  perl-Mozilla-CA              noarch   20200520-6.el9         appstream    12 k
#11 7.812  perl-Net-SSLeay              x86_64   1.94-3.el9             appstream   390 k
#11 7.812  perl-POSIX                   x86_64   1.94-481.1.el9_6       appstream    95 k
#11 7.812  perl-PathTools               x86_64   3.78-461.el9           appstream    85 k
#11 7.812  perl-Pod-Escapes             noarch   1:1.07-460.el9         appstream    20 k
#11 7.812  perl-Pod-Perldoc             noarch   3.28.01-461.el9        appstream    83 k
#11 7.812  perl-Pod-Simple              noarch   1:3.42-4.el9           appstream   215 k
#11 7.812  perl-Pod-Usage               noarch   4:2.01-4.el9           appstream    40 k
#11 7.812  perl-Scalar-List-Utils       x86_64   4:1.56-462.el9         appstream    70 k
#11 7.812  perl-SelectSaver             noarch   1.02-481.1.el9_6       appstream    10 k
#11 7.812  perl-Socket                  x86_64   4:2.031-4.el9          appstream    54 k
#11 7.812  perl-Storable                x86_64   1:3.21-460.el9         appstream    95 k
#11 7.812  perl-Symbol                  noarch   1.08-481.1.el9_6       appstream    13 k
#11 7.812  perl-Term-ANSIColor          noarch   5.01-461.el9           appstream    48 k
#11 7.812  perl-Term-Cap                noarch   1.17-460.el9           appstream    22 k
#11 7.812  perl-Text-ParseWords         noarch   3.30-460.el9           appstream    16 k
#11 7.812  perl-Text-Tabs+Wrap          noarch   2013.0523-460.el9      appstream    23 k
#11 7.812  perl-Time-Local              noarch   2:1.300-7.el9          appstream    33 k
#11 7.812  perl-URI                     noarch   5.09-3.el9             appstream   108 k
#11 7.812  perl-base                    noarch   2.27-481.1.el9_6       appstream    15 k
#11 7.812  perl-constant                noarch   1.33-461.el9           appstream    23 k
#11 7.812  perl-if                      noarch   0.60.800-481.1.el9_6   appstream    12 k
#11 7.812  perl-interpreter             x86_64   4:5.32.1-481.1.el9_6   appstream    69 k
#11 7.812  perl-libnet                  noarch   3.13-4.el9             appstream   125 k
#11 7.812  perl-libs                    x86_64   4:5.32.1-481.1.el9_6   appstream   2.0 M
#11 7.812  perl-mro                     x86_64   1.23-481.1.el9_6       appstream    27 k
#11 7.812  perl-overload                noarch   1.31-481.1.el9_6       appstream    44 k
#11 7.812  perl-overloading             noarch   0.02-481.1.el9_6       appstream    11 k
#11 7.812  perl-parent                  noarch   1:0.238-460.el9        appstream    14 k
#11 7.812  perl-podlators               noarch   1:4.14-460.el9         appstream   111 k
#11 7.812  perl-srpm-macros             noarch   1-41.el9               appstream   8.1 k
#11 7.812  perl-subs                    noarch   1.03-481.1.el9_6       appstream    10 k
#11 7.812  perl-vars                    noarch   1.05-481.1.el9_6       appstream    12 k
#11 7.812  pkgconf                      x86_64   1.7.3-10.el9           baseos       40 k
#11 7.812  pkgconf-m4                   noarch   1.7.3-10.el9           baseos       14 k
#11 7.812  pkgconf-pkg-config           x86_64   1.7.3-10.el9           baseos       10 k
#11 7.812  pyproject-srpm-macros        noarch   1.16.2-1.el9           appstream    13 k
#11 7.812  python-srpm-macros           noarch   3.9-54.el9             appstream    17 k
#11 7.812  python3-dateutil             noarch   1:2.8.1-7.el9          baseos      287 k
#11 7.812  python3-dbus                 x86_64   1.2.18-2.el9           baseos      132 k
#11 7.812  python3-dnf-plugins-core     noarch   4.3.0-24.el9_7         baseos      245 k
#11 7.812  python3-six                  noarch   1.15.0-9.el9           baseos       36 k
#11 7.812  python3-systemd              x86_64   234-19.el9             baseos       82 k
#11 7.812  qt5-srpm-macros              noarch   5.15.9-1.el9           appstream   7.9 k
#11 7.812  redhat-rpm-config            noarch   210-1.el9              appstream    64 k
#11 7.812  rust-srpm-macros             noarch   17-4.el9               appstream   9.2 k
#11 7.812  systemd-libs                 x86_64   252-55.el9             baseos      666 k
#11 7.812  unzip                        x86_64   6.0-59.el9             baseos      179 k
#11 7.812  xz                           x86_64   5.2.5-8.el9_0          baseos      214 k
#11 7.812  zip                          x86_64   3.0-35.el9             baseos      263 k
#11 7.812  zstd                         x86_64   1.5.5-1.el9            baseos      462 k
#11 7.812 Installing weak dependencies:
#11 7.812  glibc-langpack-en            x86_64   2.34-231.el9           baseos      556 k
#11 7.812  perl-NDBM_File               x86_64   1.15-481.1.el9_6       appstream    21 k
#11 7.812 Downgrading:
#11 7.812  glibc                        x86_64   2.34-231.el9           baseos      2.0 M
#11 7.812  glibc-common                 x86_64   2.34-231.el9           baseos      299 k
#11 7.812  glibc-minimal-langpack       x86_64   2.34-231.el9           baseos       26 k
#11 7.812 
#11 7.812 Transaction Summary
#11 7.812 ================================================================================
#11 7.812 Install    106 Packages
#11 7.812 Downgrade    3 Packages
#11 7.812 
#11 7.815 Total download size: 27 M
#11 7.816 Downloading Packages:
#11 7.959 (1/109): glibc-minimal-langpack-2.34-231.el9.x8 189 kB/s |  26 kB     00:00    
#11 8.092 (2/109): debugedit-5.0-11.el9.x86_64.rpm        579 kB/s |  77 kB     00:00    
#11 8.149 (3/109): glibc-common-2.34-231.el9.x86_64.rpm   918 kB/s | 299 kB     00:00    
#11 8.218 (4/109): dwz-0.16-1.el9.x86_64.rpm              1.0 MB/s | 133 kB     00:00    
#11 8.226 (5/109): efi-srpm-macros-6-4.el9.noarch.rpm     279 kB/s |  21 kB     00:00    
#11 8.260 (6/109): fonts-srpm-macros-2.0.5-7.el9.1.noarch 675 kB/s |  27 kB     00:00    
#11 8.354 (7/109): ghc-srpm-macros-1.5.0-6.el9.noarch.rpm  83 kB/s | 7.8 kB     00:00    
#11 8.515 (8/109): go-srpm-macros-3.6.0-11.el9.noarch.rpm 170 kB/s |  27 kB     00:00    
#11 8.555 (9/109): kernel-srpm-macros-1.0-14.el9.noarch.r 365 kB/s |  14 kB     00:00    
#11 8.581 (10/109): lua-srpm-macros-1-6.el9.noarch.rpm    338 kB/s | 8.5 kB     00:00    
#11 8.631 (11/109): ocaml-srpm-macros-6-6.el9.noarch.rpm  161 kB/s | 7.8 kB     00:00    
#11 8.741 (12/109): openblas-srpm-macros-2-11.el9.noarch.  68 kB/s | 7.3 kB     00:00    
#11 8.916 (13/109): patch-2.7.6-16.el9.x86_64.rpm         733 kB/s | 127 kB     00:00    
#11 9.058 (14/109): perl-AutoLoader-5.74-481.1.el9_6.noar 142 kB/s |  20 kB     00:00    
#11 9.246 (15/109): perl-B-1.80-481.1.el9_6.x86_64.rpm    955 kB/s | 177 kB     00:00    
#11 9.311 (16/109): perl-Carp-1.50-460.el9.noarch.rpm     456 kB/s |  29 kB     00:00    
#11 9.382 (17/109): perl-Class-Struct-0.66-481.1.el9_6.no 301 kB/s |  21 kB     00:00    
#11 9.592 (18/109): perl-Data-Dumper-2.174-462.el9.x86_64 265 kB/s |  55 kB     00:00    
#11 9.613 (19/109): glibc-2.34-231.el9.x86_64.rpm         1.1 MB/s | 2.0 MB     00:01    
#11 9.621 (20/109): perl-Digest-1.19-4.el9.noarch.rpm     964 kB/s |  25 kB     00:00    
#11 9.663 (21/109): perl-Digest-MD5-2.58-4.el9.x86_64.rpm 720 kB/s |  36 kB     00:00    
#11 9.731 (22/109): perl-Errno-1.30-481.1.el9_6.x86_64.rp 200 kB/s |  13 kB     00:00    
#11 9.801 (23/109): perl-Exporter-5.74-461.el9.noarch.rpm 442 kB/s |  31 kB     00:00    
#11 9.875 (24/109): perl-Fcntl-1.13-481.1.el9_6.x86_64.rp 261 kB/s |  19 kB     00:00    
#11 9.956 (25/109): perl-File-Basename-2.85-481.1.el9_6.n 201 kB/s |  16 kB     00:00    
#11 10.11 (26/109): perl-File-Path-2.18-4.el9.noarch.rpm  235 kB/s |  35 kB     00:00    
#11 10.16 (27/109): perl-File-Temp-0.231.100-4.el9.noarch 1.1 MB/s |  59 kB     00:00    
#11 10.24 (28/109): perl-File-stat-1.09-481.1.el9_6.noarc 217 kB/s |  16 kB     00:00    
#11 10.31 (29/109): perl-FileHandle-2.03-481.1.el9_6.noar 190 kB/s |  14 kB     00:00    
#11 10.44 (30/109): perl-Getopt-Long-2.52-4.el9.noarch.rp 488 kB/s |  59 kB     00:00    
#11 10.46 (31/109): perl-Getopt-Std-1.12-481.1.el9_6.noar 619 kB/s |  14 kB     00:00    
#11 10.63 (32/109): perl-HTTP-Tiny-0.076-462.el9.noarch.r 318 kB/s |  53 kB     00:00    
#11 10.76 (33/109): perl-IO-1.43-481.1.el9_6.x86_64.rpm   675 kB/s |  85 kB     00:00    
#11 10.83 (34/109): perl-IO-Socket-IP-0.41-5.el9.noarch.r 590 kB/s |  42 kB     00:00    
#11 11.15 (35/109): perl-IO-Socket-SSL-2.073-2.el9.noarch 664 kB/s | 214 kB     00:00    
#11 11.20 (36/109): perl-IPC-Open3-1.21-481.1.el9_6.noarc 515 kB/s |  21 kB     00:00    
#11 11.23 (37/109): perl-MIME-Base64-3.16-4.el9.x86_64.rp 858 kB/s |  30 kB     00:00    
#11 11.26 (38/109): perl-Mozilla-CA-20200520-6.el9.noarch 408 kB/s |  12 kB     00:00    
#11 11.33 (39/109): perl-NDBM_File-1.15-481.1.el9_6.x86_6 295 kB/s |  21 kB     00:00    
#11 11.39 (40/109): perl-Encode-3.08-462.el9.x86_64.rpm   978 kB/s | 1.7 MB     00:01    
#11 11.54 (41/109): perl-POSIX-1.94-481.1.el9_6.x86_64.rp 668 kB/s |  95 kB     00:00    
#11 11.71 (42/109): perl-PathTools-3.78-461.el9.x86_64.rp 488 kB/s |  85 kB     00:00    
#11 11.74 (43/109): perl-Net-SSLeay-1.94-3.el9.x86_64.rpm 968 kB/s | 390 kB     00:00    
#11 11.75 (44/109): perl-Pod-Escapes-1.07-460.el9.noarch. 595 kB/s |  20 kB     00:00    
#11 11.87 (45/109): perl-Pod-Perldoc-3.28.01-461.el9.noar 658 kB/s |  83 kB     00:00    
#11 11.95 (46/109): perl-Pod-Usage-2.01-4.el9.noarch.rpm  497 kB/s |  40 kB     00:00    
#11 12.03 (47/109): perl-Pod-Simple-3.42-4.el9.noarch.rpm 764 kB/s | 215 kB     00:00    
#11 12.16 (48/109): perl-Scalar-List-Utils-1.56-462.el9.x 328 kB/s |  70 kB     00:00    
#11 12.20 (49/109): gdb-minimal-16.3-2.el9.x86_64.rpm     1.1 MB/s | 4.4 MB     00:03    
#11 12.20 (50/109): perl-SelectSaver-1.02-481.1.el9_6.noa  60 kB/s |  10 kB     00:00    
#11 12.21 (51/109): perl-Symbol-1.08-481.1.el9_6.noarch.r 766 kB/s |  13 kB     00:00    
#11 12.22 (52/109): perl-Socket-2.031-4.el9.x86_64.rpm    1.0 MB/s |  54 kB     00:00    
#11 12.24 (53/109): perl-Term-Cap-1.17-460.el9.noarch.rpm 1.2 MB/s |  22 kB     00:00    
#11 12.26 (54/109): perl-Term-ANSIColor-5.01-461.el9.noar 1.1 MB/s |  48 kB     00:00    
#11 12.27 (55/109): perl-Text-ParseWords-3.30-460.el9.noa 443 kB/s |  16 kB     00:00    
#11 12.27 (56/109): perl-Storable-3.21-460.el9.x86_64.rpm 1.2 MB/s |  95 kB     00:00    
#11 12.28 (57/109): perl-Text-Tabs+Wrap-2013.0523-460.el9 874 kB/s |  23 kB     00:00    
#11 12.30 (58/109): perl-Time-Local-1.300-7.el9.noarch.rp 1.2 MB/s |  33 kB     00:00    
#11 12.33 (59/109): perl-base-2.27-481.1.el9_6.noarch.rpm 351 kB/s |  15 kB     00:00    
#11 12.33 (60/109): perl-URI-5.09-3.el9.noarch.rpm        1.9 MB/s | 108 kB     00:00    
#11 12.33 (61/109): perl-constant-1.33-461.el9.noarch.rpm 653 kB/s |  23 kB     00:00    
#11 12.34 (62/109): perl-if-0.60.800-481.1.el9_6.noarch.r 825 kB/s |  12 kB     00:00    
#11 12.39 (63/109): perl-interpreter-5.32.1-481.1.el9_6.x 1.2 MB/s |  69 kB     00:00    
#11 12.43 (64/109): perl-libnet-3.13-4.el9.noarch.rpm     1.3 MB/s | 125 kB     00:00    
#11 12.44 (65/109): perl-mro-1.23-481.1.el9_6.x86_64.rpm  525 kB/s |  27 kB     00:00    
#11 12.48 (66/109): perl-overloading-0.02-481.1.el9_6.noa 272 kB/s |  11 kB     00:00    
#11 12.49 (67/109): perl-overload-1.31-481.1.el9_6.noarch 808 kB/s |  44 kB     00:00    
#11 12.52 (68/109): perl-parent-0.238-460.el9.noarch.rpm  384 kB/s |  14 kB     00:00    
#11 12.58 (69/109): perl-srpm-macros-1-41.el9.noarch.rpm  147 kB/s | 8.1 kB     00:00    
#11 12.68 (70/109): perl-podlators-4.14-460.el9.noarch.rp 566 kB/s | 111 kB     00:00    
#11 12.70 (71/109): perl-subs-1.03-481.1.el9_6.noarch.rpm  86 kB/s |  10 kB     00:00    
#11 12.72 (72/109): perl-vars-1.05-481.1.el9_6.noarch.rpm 356 kB/s |  12 kB     00:00    
#11 12.72 (73/109): pyproject-srpm-macros-1.16.2-1.el9.no 511 kB/s |  13 kB     00:00    
#11 12.74 (74/109): python-srpm-macros-3.9-54.el9.noarch. 991 kB/s |  17 kB     00:00    
#11 12.74 (75/109): qt5-srpm-macros-5.15.9-1.el9.noarch.r 481 kB/s | 7.9 kB     00:00    
#11 12.79 (76/109): redhat-rpm-config-210-1.el9.noarch.rp 1.1 MB/s |  64 kB     00:00    
#11 12.82 (77/109): rpm-build-4.16.1.3-39.el9.x86_64.rpm  737 kB/s |  58 kB     00:00    
#11 12.83 (78/109): rust-srpm-macros-17-4.el9.noarch.rpm  232 kB/s | 9.2 kB     00:00    
#11 13.79 (79/109): binutils-gold-2.35.2-67.el9.x86_64.rp 766 kB/s | 734 kB     00:00    
#11 13.86 (80/109): bzip2-1.0.8-10.el9_5.x86_64.rpm       761 kB/s |  51 kB     00:00    
#11 14.14 (81/109): cpio-2.13-16.el9.x86_64.rpm           976 kB/s | 270 kB     00:00    
#11 14.36 (82/109): perl-libs-5.32.1-481.1.el9_6.x86_64.r 1.0 MB/s | 2.0 MB     00:02    
#11 14.38 (83/109): dbus-libs-1.12.20-8.el9.x86_64.rpm    637 kB/s | 151 kB     00:00    
#11 14.43 (84/109): dnf-plugins-core-4.3.0-24.el9_7.noarc 607 kB/s |  35 kB     00:00    
#11 14.54 (85/109): ed-1.14.2-12.el9.x86_64.rpm           734 kB/s |  74 kB     00:00    
#11 14.69 (86/109): diffutils-3.7-12.el9.x86_64.rpm       1.2 MB/s | 388 kB     00:00    
#11 14.84 (87/109): elfutils-debuginfod-client-0.193-1.el 271 kB/s |  43 kB     00:00    
#11 14.92 (88/109): file-5.39-16.el9.x86_64.rpm           675 kB/s |  48 kB     00:00    
#11 15.19 (89/109): elfutils-0.193-1.el9.x86_64.rpm       905 kB/s | 587 kB     00:00    
#11 15.85 (90/109): glibc-langpack-en-2.34-231.el9.x86_64 835 kB/s | 556 kB     00:00    
#11 16.93 (91/109): glibc-gconv-extra-2.34-231.el9.x86_64 787 kB/s | 1.5 MB     00:02    
#11 17.10 (92/109): groff-base-1.22.4-10.el9.x86_64.rpm   847 kB/s | 1.0 MB     00:01    
#11 17.20 (93/109): libpkgconf-1.7.3-10.el9.x86_64.rpm    387 kB/s |  35 kB     00:00    
#11 17.24 (94/109): info-6.7-15.el9.x86_64.rpm            729 kB/s | 224 kB     00:00    
#11 17.40 (95/109): pkgconf-1.7.3-10.el9.x86_64.rpm       246 kB/s |  40 kB     00:00    
#11 17.45 (96/109): pkgconf-m4-1.7.3-10.el9.noarch.rpm    301 kB/s |  14 kB     00:00    
#11 17.47 (97/109): pkgconf-pkg-config-1.7.3-10.el9.x86_6 493 kB/s |  10 kB     00:00    
#11 17.62 (98/109): ncurses-6.2-12.20210508.el9.x86_64.rp 953 kB/s | 399 kB     00:00    
#11 17.72 (99/109): binutils-2.35.2-67.el9.x86_64.rpm     945 kB/s | 4.5 MB     00:04    
#11 17.73 (100/109): python3-dateutil-2.8.1-7.el9.noarch. 1.1 MB/s | 287 kB     00:00    
#11 17.73 (101/109): python3-dbus-1.2.18-2.el9.x86_64.rpm 1.1 MB/s | 132 kB     00:00    
#11 17.77 (102/109): python3-six-1.15.0-9.el9.noarch.rpm  922 kB/s |  36 kB     00:00    
#11 17.80 (103/109): python3-systemd-234-19.el9.x86_64.rp 1.2 MB/s |  82 kB     00:00    
#11 17.97 (104/109): python3-dnf-plugins-core-4.3.0-24.el 974 kB/s | 245 kB     00:00    
#11 18.06 (105/109): unzip-6.0-59.el9.x86_64.rpm          694 kB/s | 179 kB     00:00    
#11 18.20 (106/109): xz-5.2.5-8.el9_0.x86_64.rpm          950 kB/s | 214 kB     00:00    
#11 18.30 (107/109): zip-3.0-35.el9.x86_64.rpm            1.1 MB/s | 263 kB     00:00    
#11 18.51 (108/109): systemd-libs-252-55.el9.x86_64.rpm   907 kB/s | 666 kB     00:00    
#11 18.60 (109/109): zstd-1.5.5-1.el9.x86_64.rpm          1.1 MB/s | 462 kB     00:00    
#11 18.60 --------------------------------------------------------------------------------
#11 18.60 Total                                           2.5 MB/s |  27 MB     00:10     
#11 18.71 Navix 9 - baseos                                1.7 MB/s | 1.8 kB     00:00    
#11 18.99 Importing GPG key 0xFEE808BB:
#11 18.99  Userid     : "Linux Engineering (GPG key for NAVIX) <dl_le@navercorp.com>"
#11 18.99  Fingerprint: 71F2 050C D6EA 46B5 D9B3 62D4 DFD1 3C25 FEE8 08BB
#11 18.99  From       : /etc/pki/rpm-gpg/RPM-GPG-KEY-navixofficial
#11 19.01 Key imported successfully
#11 26.60 Running transaction check
#11 26.67 Transaction check succeeded.
#11 26.67 Running transaction test
#11 27.06 Transaction test succeeded.
#11 27.06 Running transaction
#11 27.56   Preparing        :                                                        1/1 
#11 27.60   Downgrading      : glibc-common-2.34-231.el9.x86_64                     1/112 
#11 27.60   Downgrading      : glibc-minimal-langpack-2.34-231.el9.x86_64           2/112 
#11 27.70   Installing       : glibc-gconv-extra-2.34-231.el9.x86_64                3/112 
#11 27.70   Running scriptlet: glibc-gconv-extra-2.34-231.el9.x86_64                3/112 
#11 27.77   Installing       : glibc-langpack-en-2.34-231.el9.x86_64                4/112 
#11 27.77   Running scriptlet: glibc-2.34-231.el9.x86_64                            5/112 
#11 27.81   Downgrading      : glibc-2.34-231.el9.x86_64                            5/112 
#11 27.81   Running scriptlet: glibc-2.34-231.el9.x86_64                            5/112 
#11 27.86   Installing       : elfutils-debuginfod-client-0.193-1.el9.x86_64        6/112 
#11 27.87   Installing       : binutils-gold-2.35.2-67.el9.x86_64                   7/112 
#11 27.93   Installing       : binutils-2.35.2-67.el9.x86_64                        8/112 
#11 27.93   Running scriptlet: binutils-2.35.2-67.el9.x86_64                        8/112 
#11 28.07   Installing       : gdb-minimal-16.3-2.el9.x86_64                        9/112 
#11 28.09   Installing       : elfutils-0.193-1.el9.x86_64                         10/112 
#11 28.09   Installing       : dwz-0.16-1.el9.x86_64                               11/112 
#11 28.10   Installing       : file-5.39-16.el9.x86_64                             12/112 
#11 28.11   Installing       : systemd-libs-252-55.el9.x86_64                      13/112 
#11 28.11   Running scriptlet: systemd-libs-252-55.el9.x86_64                      13/112 
#11 28.26   Installing       : unzip-6.0-59.el9.x86_64                             14/112 
#11 28.26   Installing       : xz-5.2.5-8.el9_0.x86_64                             15/112 
#11 28.27   Installing       : debugedit-5.0-11.el9.x86_64                         16/112 
#11 28.27   Installing       : zip-3.0-35.el9.x86_64                               17/112 
#11 28.28   Installing       : dbus-libs-1:1.12.20-8.el9.x86_64                    18/112 
#11 28.28   Installing       : python3-dbus-1.2.18-2.el9.x86_64                    19/112 
#11 28.29   Installing       : python3-systemd-234-19.el9.x86_64                   20/112 
#11 28.29   Installing       : bzip2-1.0.8-10.el9_5.x86_64                         21/112 
#11 28.30   Installing       : cpio-2.13-16.el9.x86_64                             22/112 
#11 28.30   Installing       : diffutils-3.7-12.el9.x86_64                         23/112 
#11 28.31   Running scriptlet: groff-base-1.22.4-10.el9.x86_64                     24/112 
#11 28.39   Installing       : groff-base-1.22.4-10.el9.x86_64                     24/112 
#11 28.39   Running scriptlet: groff-base-1.22.4-10.el9.x86_64                     24/112 
#11 28.44   Installing       : info-6.7-15.el9.x86_64                              25/112 
#11 28.44   Installing       : ed-1.14.2-12.el9.x86_64                             26/112 
#11 28.44   Installing       : patch-2.7.6-16.el9.x86_64                           27/112 
#11 28.45   Installing       : libpkgconf-1.7.3-10.el9.x86_64                      28/112 
#11 28.45   Installing       : pkgconf-1.7.3-10.el9.x86_64                         29/112 
#11 28.46   Installing       : ncurses-6.2-12.20210508.el9.x86_64                  30/112 
#11 28.46   Installing       : perl-Digest-1.19-4.el9.noarch                       31/112 
#11 28.46   Installing       : perl-Digest-MD5-2.58-4.el9.x86_64                   32/112 
#11 28.47   Installing       : perl-B-1.80-481.1.el9_6.x86_64                      33/112 
#11 28.47   Installing       : perl-FileHandle-2.03-481.1.el9_6.noarch             34/112 
#11 28.47   Installing       : perl-Data-Dumper-2.174-462.el9.x86_64               35/112 
#11 28.47   Installing       : perl-libnet-3.13-4.el9.noarch                       36/112 
#11 28.47   Installing       : perl-AutoLoader-5.74-481.1.el9_6.noarch             37/112 
#11 28.48   Installing       : perl-base-2.27-481.1.el9_6.noarch                   38/112 
#11 28.48   Installing       : perl-URI-5.09-3.el9.noarch                          39/112 
#11 28.48   Installing       : perl-Mozilla-CA-20200520-6.el9.noarch               40/112 
#11 28.48   Installing       : perl-if-0.60.800-481.1.el9_6.noarch                 41/112 
#11 28.49   Installing       : perl-IO-Socket-IP-0.41-5.el9.noarch                 42/112 
#11 28.49   Installing       : perl-Time-Local-2:1.300-7.el9.noarch                43/112 
#11 28.49   Installing       : perl-File-Path-2.18-4.el9.noarch                    44/112 
#11 28.49   Installing       : perl-IO-Socket-SSL-2.073-2.el9.noarch               45/112 
#11 28.51   Installing       : perl-Net-SSLeay-1.94-3.el9.x86_64                   46/112 
#11 28.51   Installing       : perl-Pod-Escapes-1:1.07-460.el9.noarch              47/112 
#11 28.51   Installing       : perl-Text-Tabs+Wrap-2013.0523-460.el9.noarch        48/112 
#11 28.51   Installing       : perl-Class-Struct-0.66-481.1.el9_6.noarch           49/112 
#11 28.52   Installing       : perl-POSIX-1.94-481.1.el9_6.x86_64                  50/112 
#11 28.52   Installing       : perl-Term-ANSIColor-5.01-461.el9.noarch             51/112 
#11 28.52   Installing       : perl-IPC-Open3-1.21-481.1.el9_6.noarch              52/112 
#11 28.52   Installing       : perl-subs-1.03-481.1.el9_6.noarch                   53/112 
#11 28.52   Installing       : perl-File-Temp-1:0.231.100-4.el9.noarch             54/112 
#11 28.53   Installing       : perl-HTTP-Tiny-0.076-462.el9.noarch                 55/112 
#11 28.53   Installing       : perl-Pod-Simple-1:3.42-4.el9.noarch                 56/112 
#11 28.53   Installing       : perl-Term-Cap-1.17-460.el9.noarch                   57/112 
#11 28.54   Installing       : perl-Socket-4:2.031-4.el9.x86_64                    58/112 
#11 28.54   Installing       : perl-SelectSaver-1.02-481.1.el9_6.noarch            59/112 
#11 28.54   Installing       : perl-Symbol-1.08-481.1.el9_6.noarch                 60/112 
#11 28.54   Installing       : perl-File-stat-1.09-481.1.el9_6.noarch              61/112 
#11 28.54   Installing       : perl-Pod-Perldoc-3.28.01-461.el9.noarch             62/112 
#11 28.55   Installing       : perl-podlators-1:4.14-460.el9.noarch                63/112 
#11 28.55   Installing       : perl-Fcntl-1.13-481.1.el9_6.x86_64                  64/112 
#11 28.55   Installing       : perl-Text-ParseWords-3.30-460.el9.noarch            65/112 
#11 28.55   Installing       : perl-mro-1.23-481.1.el9_6.x86_64                    66/112 
#11 28.56   Installing       : perl-IO-1.43-481.1.el9_6.x86_64                     67/112 
#11 28.56   Installing       : perl-overloading-0.02-481.1.el9_6.noarch            68/112 
#11 28.56   Installing       : perl-Pod-Usage-4:2.01-4.el9.noarch                  69/112 
#11 28.56   Installing       : perl-Errno-1.30-481.1.el9_6.x86_64                  70/112 
#11 28.56   Installing       : perl-File-Basename-2.85-481.1.el9_6.noarch          71/112 
#11 28.57   Installing       : perl-Getopt-Std-1.12-481.1.el9_6.noarch             72/112 
#11 28.57   Installing       : perl-MIME-Base64-3.16-4.el9.x86_64                  73/112 
#11 28.57   Installing       : perl-Scalar-List-Utils-4:1.56-462.el9.x86_64        74/112 
#11 28.57   Installing       : perl-constant-1.33-461.el9.noarch                   75/112 
#11 28.58   Installing       : perl-Storable-1:3.21-460.el9.x86_64                 76/112 
#11 28.58   Installing       : perl-overload-1.31-481.1.el9_6.noarch               77/112 
#11 28.58   Installing       : perl-parent-1:0.238-460.el9.noarch                  78/112 
#11 28.58   Installing       : perl-vars-1.05-481.1.el9_6.noarch                   79/112 
#11 28.58   Installing       : perl-Getopt-Long-1:2.52-4.el9.noarch                80/112 
#11 28.58   Installing       : perl-Carp-1.50-460.el9.noarch                       81/112 
#11 28.59   Installing       : perl-Exporter-5.74-461.el9.noarch                   82/112 
#11 28.59   Installing       : perl-NDBM_File-1.15-481.1.el9_6.x86_64              83/112 
#11 28.59   Installing       : perl-PathTools-3.78-461.el9.x86_64                  84/112 
#11 28.63   Installing       : perl-Encode-4:3.08-462.el9.x86_64                   85/112 
#11 28.69   Installing       : perl-libs-4:5.32.1-481.1.el9_6.x86_64               86/112 
#11 28.69   Installing       : perl-interpreter-4:5.32.1-481.1.el9_6.x86_64        87/112 
#11 28.69   Installing       : kernel-srpm-macros-1.0-14.el9.noarch                88/112 
#11 28.70   Installing       : zstd-1.5.5-1.el9.x86_64                             89/112 
#11 28.71   Installing       : python3-six-1.15.0-9.el9.noarch                     90/112 
#11 28.71   Installing       : python3-dateutil-1:2.8.1-7.el9.noarch               91/112 
#11 28.72   Installing       : python3-dnf-plugins-core-4.3.0-24.el9_7.noarch      92/112 
#11 28.72   Installing       : pkgconf-m4-1.7.3-10.el9.noarch                      93/112 
#11 28.72   Installing       : pkgconf-pkg-config-1.7.3-10.el9.x86_64              94/112 
#11 28.72   Installing       : rust-srpm-macros-17-4.el9.noarch                    95/112 
#11 28.73   Installing       : qt5-srpm-macros-5.15.9-1.el9.noarch                 96/112 
#11 28.73   Installing       : perl-srpm-macros-1-41.el9.noarch                    97/112 
#11 28.73   Installing       : openblas-srpm-macros-2-11.el9.noarch                98/112 
#11 28.73   Installing       : ocaml-srpm-macros-6-6.el9.noarch                    99/112 
#11 28.73   Installing       : lua-srpm-macros-1-6.el9.noarch                     100/112 
#11 28.73   Installing       : ghc-srpm-macros-1.5.0-6.el9.noarch                 101/112 
#11 28.73   Installing       : efi-srpm-macros-6-4.el9.noarch                     102/112 
#11 28.74   Installing       : fonts-srpm-macros-1:2.0.5-7.el9.1.noarch           103/112 
#11 28.74   Installing       : go-srpm-macros-3.6.0-11.el9.noarch                 104/112 
#11 28.74   Installing       : python-srpm-macros-3.9-54.el9.noarch               105/112 
#11 28.74   Installing       : redhat-rpm-config-210-1.el9.noarch                 106/112 
#11 28.75   Installing       : rpm-build-4.16.1.3-39.el9.x86_64                   107/112 
#11 28.75   Installing       : pyproject-srpm-macros-1.16.2-1.el9.noarch          108/112 
#11 28.75   Installing       : dnf-plugins-core-4.3.0-24.el9_7.noarch             109/112 
#11 28.76   Cleanup          : glibc-2.34-231.el9_7.10.x86_64                     110/112 
#11 28.76   Cleanup          : glibc-minimal-langpack-2.34-231.el9_7.10.x86_64    111/112 
#11 28.76   Cleanup          : glibc-common-2.34-231.el9_7.10.x86_64              112/112 
#11 28.77   Running scriptlet: glibc-common-2.34-231.el9_7.10.x86_64              112/112 
#11 29.43   Verifying        : glibc-2.34-231.el9.x86_64                            1/112 
#11 29.43   Verifying        : glibc-2.34-231.el9_7.10.x86_64                       2/112 
#11 29.43   Verifying        : glibc-common-2.34-231.el9.x86_64                     3/112 
#11 29.43   Verifying        : glibc-common-2.34-231.el9_7.10.x86_64                4/112 
#11 29.43   Verifying        : glibc-minimal-langpack-2.34-231.el9.x86_64           5/112 
#11 29.43   Verifying        : glibc-minimal-langpack-2.34-231.el9_7.10.x86_64      6/112 
#11 29.43   Verifying        : debugedit-5.0-11.el9.x86_64                          7/112 
#11 29.43   Verifying        : dwz-0.16-1.el9.x86_64                                8/112 
#11 29.43   Verifying        : efi-srpm-macros-6-4.el9.noarch                       9/112 
#11 29.43   Verifying        : fonts-srpm-macros-1:2.0.5-7.el9.1.noarch            10/112 
#11 29.43   Verifying        : gdb-minimal-16.3-2.el9.x86_64                       11/112 
#11 29.43   Verifying        : ghc-srpm-macros-1.5.0-6.el9.noarch                  12/112 
#11 29.43   Verifying        : go-srpm-macros-3.6.0-11.el9.noarch                  13/112 
#11 29.43   Verifying        : kernel-srpm-macros-1.0-14.el9.noarch                14/112 
#11 29.43   Verifying        : lua-srpm-macros-1-6.el9.noarch                      15/112 
#11 29.43   Verifying        : ocaml-srpm-macros-6-6.el9.noarch                    16/112 
#11 29.43   Verifying        : openblas-srpm-macros-2-11.el9.noarch                17/112 
#11 29.43   Verifying        : patch-2.7.6-16.el9.x86_64                           18/112 
#11 29.43   Verifying        : perl-AutoLoader-5.74-481.1.el9_6.noarch             19/112 
#11 29.43   Verifying        : perl-B-1.80-481.1.el9_6.x86_64                      20/112 
#11 29.43   Verifying        : perl-Carp-1.50-460.el9.noarch                       21/112 
#11 29.43   Verifying        : perl-Class-Struct-0.66-481.1.el9_6.noarch           22/112 
#11 29.43   Verifying        : perl-Data-Dumper-2.174-462.el9.x86_64               23/112 
#11 29.43   Verifying        : perl-Digest-1.19-4.el9.noarch                       24/112 
#11 29.43   Verifying        : perl-Digest-MD5-2.58-4.el9.x86_64                   25/112 
#11 29.43   Verifying        : perl-Encode-4:3.08-462.el9.x86_64                   26/112 
#11 29.43   Verifying        : perl-Errno-1.30-481.1.el9_6.x86_64                  27/112 
#11 29.43   Verifying        : perl-Exporter-5.74-461.el9.noarch                   28/112 
#11 29.43   Verifying        : perl-Fcntl-1.13-481.1.el9_6.x86_64                  29/112 
#11 29.43   Verifying        : perl-File-Basename-2.85-481.1.el9_6.noarch          30/112 
#11 29.43   Verifying        : perl-File-Path-2.18-4.el9.noarch                    31/112 
#11 29.43   Verifying        : perl-File-Temp-1:0.231.100-4.el9.noarch             32/112 
#11 29.43   Verifying        : perl-File-stat-1.09-481.1.el9_6.noarch              33/112 
#11 29.43   Verifying        : perl-FileHandle-2.03-481.1.el9_6.noarch             34/112 
#11 29.43   Verifying        : perl-Getopt-Long-1:2.52-4.el9.noarch                35/112 
#11 29.43   Verifying        : perl-Getopt-Std-1.12-481.1.el9_6.noarch             36/112 
#11 29.43   Verifying        : perl-HTTP-Tiny-0.076-462.el9.noarch                 37/112 
#11 29.43   Verifying        : perl-IO-1.43-481.1.el9_6.x86_64                     38/112 
#11 29.43   Verifying        : perl-IO-Socket-IP-0.41-5.el9.noarch                 39/112 
#11 29.43   Verifying        : perl-IO-Socket-SSL-2.073-2.el9.noarch               40/112 
#11 29.43   Verifying        : perl-IPC-Open3-1.21-481.1.el9_6.noarch              41/112 
#11 29.43   Verifying        : perl-MIME-Base64-3.16-4.el9.x86_64                  42/112 
#11 29.43   Verifying        : perl-Mozilla-CA-20200520-6.el9.noarch               43/112 
#11 29.43   Verifying        : perl-NDBM_File-1.15-481.1.el9_6.x86_64              44/112 
#11 29.43   Verifying        : perl-Net-SSLeay-1.94-3.el9.x86_64                   45/112 
#11 29.43   Verifying        : perl-POSIX-1.94-481.1.el9_6.x86_64                  46/112 
#11 29.43   Verifying        : perl-PathTools-3.78-461.el9.x86_64                  47/112 
#11 29.43   Verifying        : perl-Pod-Escapes-1:1.07-460.el9.noarch              48/112 
#11 29.43   Verifying        : perl-Pod-Perldoc-3.28.01-461.el9.noarch             49/112 
#11 29.43   Verifying        : perl-Pod-Simple-1:3.42-4.el9.noarch                 50/112 
#11 29.43   Verifying        : perl-Pod-Usage-4:2.01-4.el9.noarch                  51/112 
#11 29.43   Verifying        : perl-Scalar-List-Utils-4:1.56-462.el9.x86_64        52/112 
#11 29.43   Verifying        : perl-SelectSaver-1.02-481.1.el9_6.noarch            53/112 
#11 29.43   Verifying        : perl-Socket-4:2.031-4.el9.x86_64                    54/112 
#11 29.43   Verifying        : perl-Storable-1:3.21-460.el9.x86_64                 55/112 
#11 29.43   Verifying        : perl-Symbol-1.08-481.1.el9_6.noarch                 56/112 
#11 29.43   Verifying        : perl-Term-ANSIColor-5.01-461.el9.noarch             57/112 
#11 29.43   Verifying        : perl-Term-Cap-1.17-460.el9.noarch                   58/112 
#11 29.43   Verifying        : perl-Text-ParseWords-3.30-460.el9.noarch            59/112 
#11 29.43   Verifying        : perl-Text-Tabs+Wrap-2013.0523-460.el9.noarch        60/112 
#11 29.43   Verifying        : perl-Time-Local-2:1.300-7.el9.noarch                61/112 
#11 29.43   Verifying        : perl-URI-5.09-3.el9.noarch                          62/112 
#11 29.43   Verifying        : perl-base-2.27-481.1.el9_6.noarch                   63/112 
#11 29.43   Verifying        : perl-constant-1.33-461.el9.noarch                   64/112 
#11 29.43   Verifying        : perl-if-0.60.800-481.1.el9_6.noarch                 65/112 
#11 29.43   Verifying        : perl-interpreter-4:5.32.1-481.1.el9_6.x86_64        66/112 
#11 29.43   Verifying        : perl-libnet-3.13-4.el9.noarch                       67/112 
#11 29.43   Verifying        : perl-libs-4:5.32.1-481.1.el9_6.x86_64               68/112 
#11 29.43   Verifying        : perl-mro-1.23-481.1.el9_6.x86_64                    69/112 
#11 29.43   Verifying        : perl-overload-1.31-481.1.el9_6.noarch               70/112 
#11 29.43   Verifying        : perl-overloading-0.02-481.1.el9_6.noarch            71/112 
#11 29.43   Verifying        : perl-parent-1:0.238-460.el9.noarch                  72/112 
#11 29.43   Verifying        : perl-podlators-1:4.14-460.el9.noarch                73/112 
#11 29.43   Verifying        : perl-srpm-macros-1-41.el9.noarch                    74/112 
#11 29.43   Verifying        : perl-subs-1.03-481.1.el9_6.noarch                   75/112 
#11 29.43   Verifying        : perl-vars-1.05-481.1.el9_6.noarch                   76/112 
#11 29.43   Verifying        : pyproject-srpm-macros-1.16.2-1.el9.noarch           77/112 
#11 29.43   Verifying        : python-srpm-macros-3.9-54.el9.noarch                78/112 
#11 29.43   Verifying        : qt5-srpm-macros-5.15.9-1.el9.noarch                 79/112 
#11 29.43   Verifying        : redhat-rpm-config-210-1.el9.noarch                  80/112 
#11 29.43   Verifying        : rpm-build-4.16.1.3-39.el9.x86_64                    81/112 
#11 29.43   Verifying        : rust-srpm-macros-17-4.el9.noarch                    82/112 
#11 29.43   Verifying        : binutils-2.35.2-67.el9.x86_64                       83/112 
#11 29.43   Verifying        : binutils-gold-2.35.2-67.el9.x86_64                  84/112 
#11 29.43   Verifying        : bzip2-1.0.8-10.el9_5.x86_64                         85/112 
#11 29.43   Verifying        : cpio-2.13-16.el9.x86_64                             86/112 
#11 29.43   Verifying        : dbus-libs-1:1.12.20-8.el9.x86_64                    87/112 
#11 29.43   Verifying        : diffutils-3.7-12.el9.x86_64                         88/112 
#11 29.43   Verifying        : dnf-plugins-core-4.3.0-24.el9_7.noarch              89/112 
#11 29.43   Verifying        : ed-1.14.2-12.el9.x86_64                             90/112 
#11 29.43   Verifying        : elfutils-0.193-1.el9.x86_64                         91/112 
#11 29.43   Verifying        : elfutils-debuginfod-client-0.193-1.el9.x86_64       92/112 
#11 29.43   Verifying        : file-5.39-16.el9.x86_64                             93/112 
#11 29.43   Verifying        : glibc-gconv-extra-2.34-231.el9.x86_64               94/112 
#11 29.43   Verifying        : glibc-langpack-en-2.34-231.el9.x86_64               95/112 
#11 29.43   Verifying        : groff-base-1.22.4-10.el9.x86_64                     96/112 
#11 29.43   Verifying        : info-6.7-15.el9.x86_64                              97/112 
#11 29.43   Verifying        : libpkgconf-1.7.3-10.el9.x86_64                      98/112 
#11 29.44   Verifying        : ncurses-6.2-12.20210508.el9.x86_64                  99/112 
#11 29.44   Verifying        : pkgconf-1.7.3-10.el9.x86_64                        100/112 
#11 29.44   Verifying        : pkgconf-m4-1.7.3-10.el9.noarch                     101/112 
#11 29.44   Verifying        : pkgconf-pkg-config-1.7.3-10.el9.x86_64             102/112 
#11 29.44   Verifying        : python3-dateutil-1:2.8.1-7.el9.noarch              103/112 
#11 29.44   Verifying        : python3-dbus-1.2.18-2.el9.x86_64                   104/112 
#11 29.44   Verifying        : python3-dnf-plugins-core-4.3.0-24.el9_7.noarch     105/112 
#11 29.44   Verifying        : python3-six-1.15.0-9.el9.noarch                    106/112 
#11 29.44   Verifying        : python3-systemd-234-19.el9.x86_64                  107/112 
#11 29.44   Verifying        : systemd-libs-252-55.el9.x86_64                     108/112 
#11 29.44   Verifying        : unzip-6.0-59.el9.x86_64                            109/112 
#11 29.44   Verifying        : xz-5.2.5-8.el9_0.x86_64                            110/112 
#11 29.44   Verifying        : zip-3.0-35.el9.x86_64                              111/112 
#11 29.44   Verifying        : zstd-1.5.5-1.el9.x86_64                            112/112 
#11 29.47 
#11 29.47 Downgraded:
#11 29.47   glibc-2.34-231.el9.x86_64                   glibc-common-2.34-231.el9.x86_64 
#11 29.47   glibc-minimal-langpack-2.34-231.el9.x86_64 
#11 29.47 Installed:
#11 29.47   binutils-2.35.2-67.el9.x86_64                                                 
#11 29.47   binutils-gold-2.35.2-67.el9.x86_64                                            
#11 29.47   bzip2-1.0.8-10.el9_5.x86_64                                                   
#11 29.47   cpio-2.13-16.el9.x86_64                                                       
#11 29.47   dbus-libs-1:1.12.20-8.el9.x86_64                                              
#11 29.47   debugedit-5.0-11.el9.x86_64                                                   
#11 29.47   diffutils-3.7-12.el9.x86_64                                                   
#11 29.47   dnf-plugins-core-4.3.0-24.el9_7.noarch                                        
#11 29.47   dwz-0.16-1.el9.x86_64                                                         
#11 29.47   ed-1.14.2-12.el9.x86_64                                                       
#11 29.47   efi-srpm-macros-6-4.el9.noarch                                                
#11 29.47   elfutils-0.193-1.el9.x86_64                                                   
#11 29.47   elfutils-debuginfod-client-0.193-1.el9.x86_64                                 
#11 29.47   file-5.39-16.el9.x86_64                                                       
#11 29.47   fonts-srpm-macros-1:2.0.5-7.el9.1.noarch                                      
#11 29.47   gdb-minimal-16.3-2.el9.x86_64                                                 
#11 29.47   ghc-srpm-macros-1.5.0-6.el9.noarch                                            
#11 29.47   glibc-gconv-extra-2.34-231.el9.x86_64                                         
#11 29.47   glibc-langpack-en-2.34-231.el9.x86_64                                         
#11 29.47   go-srpm-macros-3.6.0-11.el9.noarch                                            
#11 29.47   groff-base-1.22.4-10.el9.x86_64                                               
#11 29.47   info-6.7-15.el9.x86_64                                                        
#11 29.47   kernel-srpm-macros-1.0-14.el9.noarch                                          
#11 29.47   libpkgconf-1.7.3-10.el9.x86_64                                                
#11 29.47   lua-srpm-macros-1-6.el9.noarch                                                
#11 29.47   ncurses-6.2-12.20210508.el9.x86_64                                            
#11 29.47   ocaml-srpm-macros-6-6.el9.noarch                                              
#11 29.47   openblas-srpm-macros-2-11.el9.noarch                                          
#11 29.47   patch-2.7.6-16.el9.x86_64                                                     
#11 29.47   perl-AutoLoader-5.74-481.1.el9_6.noarch                                       
#11 29.47   perl-B-1.80-481.1.el9_6.x86_64                                                
#11 29.47   perl-Carp-1.50-460.el9.noarch                                                 
#11 29.47   perl-Class-Struct-0.66-481.1.el9_6.noarch                                     
#11 29.47   perl-Data-Dumper-2.174-462.el9.x86_64                                         
#11 29.47   perl-Digest-1.19-4.el9.noarch                                                 
#11 29.47   perl-Digest-MD5-2.58-4.el9.x86_64                                             
#11 29.47   perl-Encode-4:3.08-462.el9.x86_64                                             
#11 29.47   perl-Errno-1.30-481.1.el9_6.x86_64                                            
#11 29.47   perl-Exporter-5.74-461.el9.noarch                                             
#11 29.47   perl-Fcntl-1.13-481.1.el9_6.x86_64                                            
#11 29.47   perl-File-Basename-2.85-481.1.el9_6.noarch                                    
#11 29.47   perl-File-Path-2.18-4.el9.noarch                                              
#11 29.47   perl-File-Temp-1:0.231.100-4.el9.noarch                                       
#11 29.47   perl-File-stat-1.09-481.1.el9_6.noarch                                        
#11 29.47   perl-FileHandle-2.03-481.1.el9_6.noarch                                       
#11 29.47   perl-Getopt-Long-1:2.52-4.el9.noarch                                          
#11 29.47   perl-Getopt-Std-1.12-481.1.el9_6.noarch                                       
#11 29.47   perl-HTTP-Tiny-0.076-462.el9.noarch                                           
#11 29.47   perl-IO-1.43-481.1.el9_6.x86_64                                               
#11 29.47   perl-IO-Socket-IP-0.41-5.el9.noarch                                           
#11 29.47   perl-IO-Socket-SSL-2.073-2.el9.noarch                                         
#11 29.47   perl-IPC-Open3-1.21-481.1.el9_6.noarch                                        
#11 29.47   perl-MIME-Base64-3.16-4.el9.x86_64                                            
#11 29.47   perl-Mozilla-CA-20200520-6.el9.noarch                                         
#11 29.47   perl-NDBM_File-1.15-481.1.el9_6.x86_64                                        
#11 29.47   perl-Net-SSLeay-1.94-3.el9.x86_64                                             
#11 29.47   perl-POSIX-1.94-481.1.el9_6.x86_64                                            
#11 29.47   perl-PathTools-3.78-461.el9.x86_64                                            
#11 29.47   perl-Pod-Escapes-1:1.07-460.el9.noarch                                        
#11 29.47   perl-Pod-Perldoc-3.28.01-461.el9.noarch                                       
#11 29.47   perl-Pod-Simple-1:3.42-4.el9.noarch                                           
#11 29.47   perl-Pod-Usage-4:2.01-4.el9.noarch                                            
#11 29.47   perl-Scalar-List-Utils-4:1.56-462.el9.x86_64                                  
#11 29.47   perl-SelectSaver-1.02-481.1.el9_6.noarch                                      
#11 29.47   perl-Socket-4:2.031-4.el9.x86_64                                              
#11 29.47   perl-Storable-1:3.21-460.el9.x86_64                                           
#11 29.47   perl-Symbol-1.08-481.1.el9_6.noarch                                           
#11 29.47   perl-Term-ANSIColor-5.01-461.el9.noarch                                       
#11 29.47   perl-Term-Cap-1.17-460.el9.noarch                                             
#11 29.47   perl-Text-ParseWords-3.30-460.el9.noarch                                      
#11 29.47   perl-Text-Tabs+Wrap-2013.0523-460.el9.noarch                                  
#11 29.47   perl-Time-Local-2:1.300-7.el9.noarch                                          
#11 29.47   perl-URI-5.09-3.el9.noarch                                                    
#11 29.47   perl-base-2.27-481.1.el9_6.noarch                                             
#11 29.47   perl-constant-1.33-461.el9.noarch                                             
#11 29.47   perl-if-0.60.800-481.1.el9_6.noarch                                           
#11 29.47   perl-interpreter-4:5.32.1-481.1.el9_6.x86_64                                  
#11 29.47   perl-libnet-3.13-4.el9.noarch                                                 
#11 29.47   perl-libs-4:5.32.1-481.1.el9_6.x86_64                                         
#11 29.47   perl-mro-1.23-481.1.el9_6.x86_64                                              
#11 29.47   perl-overload-1.31-481.1.el9_6.noarch                                         
#11 29.47   perl-overloading-0.02-481.1.el9_6.noarch                                      
#11 29.47   perl-parent-1:0.238-460.el9.noarch                                            
#11 29.47   perl-podlators-1:4.14-460.el9.noarch                                          
#11 29.47   perl-srpm-macros-1-41.el9.noarch                                              
#11 29.47   perl-subs-1.03-481.1.el9_6.noarch                                             
#11 29.47   perl-vars-1.05-481.1.el9_6.noarch                                             
#11 29.47   pkgconf-1.7.3-10.el9.x86_64                                                   
#11 29.47   pkgconf-m4-1.7.3-10.el9.noarch                                                
#11 29.47   pkgconf-pkg-config-1.7.3-10.el9.x86_64                                        
#11 29.47   pyproject-srpm-macros-1.16.2-1.el9.noarch                                     
#11 29.47   python-srpm-macros-3.9-54.el9.noarch                                          
#11 29.47   python3-dateutil-1:2.8.1-7.el9.noarch                                         
#11 29.47   python3-dbus-1.2.18-2.el9.x86_64                                              
#11 29.47   python3-dnf-plugins-core-4.3.0-24.el9_7.noarch                                
#11 29.47   python3-six-1.15.0-9.el9.noarch                                               
#11 29.47   python3-systemd-234-19.el9.x86_64                                             
#11 29.47   qt5-srpm-macros-5.15.9-1.el9.noarch                                           
#11 29.47   redhat-rpm-config-210-1.el9.noarch                                            
#11 29.47   rpm-build-4.16.1.3-39.el9.x86_64                                              
#11 29.47   rust-srpm-macros-17-4.el9.noarch                                              
#11 29.47   systemd-libs-252-55.el9.x86_64                                                
#11 29.47   unzip-6.0-59.el9.x86_64                                                       
#11 29.47   xz-5.2.5-8.el9_0.x86_64                                                       
#11 29.47   zip-3.0-35.el9.x86_64                                                         
#11 29.47   zstd-1.5.5-1.el9.x86_64                                                       
#11 29.47 
#11 29.47 Complete!
#11 DONE 29.5s

#12 [ 8/21] RUN dnf builddep -y /builddir/build/SPECS/shim-unsigned-x64.spec
#12 0.498 Last metadata expiration check: 0:00:23 ago on Mon Sep 14 02:02:38 2026.
#12 0.704 Package findutils-1:4.8.0-7.el9.x86_64 is already installed.
#12 0.743 Dependencies resolved.
#12 0.750 ================================================================================
#12 0.750  Package                 Arch     Version                     Repository   Size
#12 0.750 ================================================================================
#12 0.750 Installing:
#12 0.750  dos2unix                x86_64   7.4.2-4.el9                 baseos      235 k
#12 0.750  elfutils-libelf-devel   x86_64   0.193-1.el9                 appstream    37 k
#12 0.750  gcc                     x86_64   11.5.0-11.el9               appstream    32 M
#12 0.750  git                     x86_64   2.47.3-1.el9_6              appstream    50 k
#12 0.750  make                    x86_64   1:4.3-8.el9                 baseos      529 k
#12 0.750  navix-sb-certs          noarch   9.7-0.1.el9                 codeready    22 k
#12 0.750  openssl                 x86_64   1:3.5.1-3.el9               baseos      1.4 M
#12 0.750  openssl-devel           x86_64   1:3.5.1-3.el9               appstream   3.4 M
#12 0.750  pesign                  x86_64   115-6.el9                   appstream   172 k
#12 0.750 Installing dependencies:
#12 0.750  annobin                 x86_64   12.98-1.el9                 appstream   1.1 M
#12 0.750  cpp                     x86_64   11.5.0-11.el9               appstream    11 M
#12 0.750  cracklib                x86_64   2.9.6-27.el9                baseos       81 k
#12 0.750  cracklib-dicts          x86_64   2.9.6-27.el9                baseos      3.6 M
#12 0.750  efivar-libs             x86_64   38-3.el9                    baseos      120 k
#12 0.750  emacs-filesystem        noarch   1:27.2-18.el9               appstream   8.2 k
#12 0.750  gcc-plugin-annobin      x86_64   11.5.0-11.el9               appstream    37 k
#12 0.750  git-core                x86_64   2.47.3-1.el9_6              appstream   4.6 M
#12 0.750  git-core-doc            noarch   2.47.3-1.el9_6              appstream   2.8 M
#12 0.750  glibc-devel             x86_64   2.34-231.el9                appstream    36 k
#12 0.750  glibc-headers           x86_64   2.34-231.el9                appstream   442 k
#12 0.750  kernel-headers          x86_64   5.14.0-611.5.1.el9_7        appstream   2.6 M
#12 0.750  less                    x86_64   590-6.el9                   baseos      160 k
#12 0.750  libcbor                 x86_64   0.7.0-5.el9                 baseos       56 k
#12 0.750  libdb                   x86_64   5.3.28-57.el9_6             baseos      734 k
#12 0.750  libeconf                x86_64   0.4.1-4.el9                 baseos       26 k
#12 0.750  libedit                 x86_64   3.1-38.20210216cvs.el9      baseos      102 k
#12 0.750  libfdisk                x86_64   2.37.4-21.el9               baseos      153 k
#12 0.750  libfido2                x86_64   1.13.0-2.el9                baseos       97 k
#12 0.750  libmpc                  x86_64   1.2.1-4.el9                 appstream    61 k
#12 0.750  libpwquality            x86_64   1.4.4-8.el9                 baseos      105 k
#12 0.750  libutempter             x86_64   1.2.1-6.el9                 baseos       26 k
#12 0.750  libxcrypt-devel         x86_64   4.4.18-3.el9                appstream    28 k
#12 0.750  libzstd-devel           x86_64   1.5.5-1.el9                 appstream    50 k
#12 0.750  llvm-filesystem         x86_64   20.1.8-3.el9                baseos      9.2 k
#12 0.750  llvm-libs               x86_64   20.1.8-3.el9                baseos       30 M
#12 0.750  nspr                    x86_64   4.36.0-4.el9_4              appstream   133 k
#12 0.750  nss                     x86_64   3.112.0-4.el9_4             appstream   721 k
#12 0.750  nss-softokn             x86_64   3.112.0-4.el9_4             appstream   397 k
#12 0.750  nss-softokn-freebl      x86_64   3.112.0-4.el9_4             appstream   413 k
#12 0.750  nss-sysinit             x86_64   3.112.0-4.el9_4             appstream    18 k
#12 0.750  nss-tools               x86_64   3.112.0-4.el9_4             appstream   432 k
#12 0.750  nss-util                x86_64   3.112.0-4.el9_4             appstream    89 k
#12 0.750  openssh                 x86_64   8.7p1-46.el9                baseos      453 k
#12 0.750  openssh-clients         x86_64   8.7p1-46.el9                baseos      707 k
#12 0.750  pam                     x86_64   1.5.1-26.el9                baseos      541 k
#12 0.750  perl-DynaLoader         x86_64   1.47-481.1.el9_6            appstream    24 k
#12 0.750  perl-Error              noarch   1:0.17029-7.el9             appstream    41 k
#12 0.750  perl-File-Find          noarch   1.37-481.1.el9_6            appstream    24 k
#12 0.750  perl-Git                noarch   2.47.3-1.el9_6              appstream    37 k
#12 0.750  perl-TermReadKey        x86_64   2.38-11.el9                 appstream    36 k
#12 0.750  perl-lib                x86_64   0.65-481.1.el9_6            appstream    13 k
#12 0.750  util-linux              x86_64   2.37.4-21.el9               baseos      2.2 M
#12 0.750  util-linux-core         x86_64   2.37.4-21.el9               baseos      437 k
#12 0.750  zlib-devel              x86_64   1.2.11-40.el9               appstream    44 k
#12 0.750 Downgrading:
#12 0.750  openssl-fips-provider   x86_64   1:3.5.1-3.el9               baseos      813 k
#12 0.750  openssl-libs            x86_64   1:3.5.1-3.el9               baseos      2.3 M
#12 0.750 
#12 0.750 Transaction Summary
#12 0.750 ================================================================================
#12 0.750 Install    54 Packages
#12 0.750 Downgrade   2 Packages
#12 0.750 
#12 0.754 Total download size: 106 M
#12 0.754 Downloading Packages:
#12 1.784 (1/56): openssl-fips-provider-3.5.1-3.el9.x86_6 801 kB/s | 813 kB     00:01    
#12 1.945 (2/56): annobin-12.98-1.el9.x86_64.rpm          927 kB/s | 1.1 MB     00:01    
#12 2.076 (3/56): elfutils-libelf-devel-0.193-1.el9.x86_6 287 kB/s |  37 kB     00:00    
#12 2.093 (4/56): emacs-filesystem-27.2-18.el9.noarch.rpm 539 kB/s | 8.2 kB     00:00    
#12 3.473 (5/56): openssl-libs-3.5.1-3.el9.x86_64.rpm     871 kB/s | 2.3 MB     00:02    
#12 3.627 (6/56): gcc-plugin-annobin-11.5.0-11.el9.x86_64 241 kB/s |  37 kB     00:00    
#12 3.706 (7/56): git-2.47.3-1.el9_6.x86_64.rpm           639 kB/s |  50 kB     00:00    
#12 9.162 (8/56): git-core-2.47.3-1.el9_6.x86_64.rpm      872 kB/s | 4.6 MB     00:05    
#12 12.42 (9/56): git-core-doc-2.47.3-1.el9_6.noarch.rpm  867 kB/s | 2.8 MB     00:03    
#12 12.57 (10/56): glibc-devel-2.34-231.el9.x86_64.rpm    242 kB/s |  36 kB     00:00    
#12 13.11 (11/56): glibc-headers-2.34-231.el9.x86_64.rpm  828 kB/s | 442 kB     00:00    
#12 13.88 (12/56): cpp-11.5.0-11.el9.x86_64.rpm           906 kB/s |  11 MB     00:12    
#12 14.10 (13/56): libmpc-1.2.1-4.el9.x86_64.rpm          282 kB/s |  61 kB     00:00    
#12 14.16 (14/56): libxcrypt-devel-4.4.18-3.el9.x86_64.rp 483 kB/s |  28 kB     00:00    
#12 14.26 (15/56): libzstd-devel-1.5.5-1.el9.x86_64.rpm   519 kB/s |  50 kB     00:00    
#12 14.43 (16/56): nspr-4.36.0-4.el9_4.x86_64.rpm         761 kB/s | 133 kB     00:00    
#12 15.32 (17/56): nss-3.112.0-4.el9_4.x86_64.rpm         819 kB/s | 721 kB     00:00    
#12 15.82 (18/56): nss-softokn-3.112.0-4.el9_4.x86_64.rpm 784 kB/s | 397 kB     00:00    
#12 15.85 (19/56): kernel-headers-5.14.0-611.5.1.el9_7.x8 978 kB/s | 2.6 MB     00:02    
#12 15.90 (20/56): nss-sysinit-3.112.0-4.el9_4.x86_64.rpm 415 kB/s |  18 kB     00:00    
#12 16.26 (21/56): nss-softokn-freebl-3.112.0-4.el9_4.x86 950 kB/s | 413 kB     00:00    
#12 16.38 (22/56): nss-util-3.112.0-4.el9_4.x86_64.rpm    777 kB/s |  89 kB     00:00    
#12 16.39 (23/56): nss-tools-3.112.0-4.el9_4.x86_64.rpm   878 kB/s | 432 kB     00:00    
#12 16.44 (24/56): perl-DynaLoader-1.47-481.1.el9_6.x86_6 487 kB/s |  24 kB     00:00    
#12 16.58 (25/56): perl-Error-0.17029-7.el9.noarch.rpm    301 kB/s |  41 kB     00:00    
#12 16.71 (26/56): perl-File-Find-1.37-481.1.el9_6.noarch 175 kB/s |  24 kB     00:00    
#12 16.78 (27/56): perl-Git-2.47.3-1.el9_6.noarch.rpm     563 kB/s |  37 kB     00:00    
#12 16.83 (28/56): perl-TermReadKey-2.38-11.el9.x86_64.rp 802 kB/s |  36 kB     00:00    
#12 16.89 (29/56): perl-lib-0.65-481.1.el9_6.x86_64.rpm   223 kB/s |  13 kB     00:00    
#12 17.10 (30/56): pesign-115-6.el9.x86_64.rpm            816 kB/s | 172 kB     00:00    
#12 17.26 (31/56): zlib-devel-1.2.11-40.el9.x86_64.rpm    286 kB/s |  44 kB     00:00    
#12 17.37 (32/56): cracklib-2.9.6-27.el9.x86_64.rpm       731 kB/s |  81 kB     00:00    
#12 19.97 (33/56): openssl-devel-3.5.1-3.el9.x86_64.rpm   975 kB/s | 3.4 MB     00:03    
#12 20.23 (34/56): dos2unix-7.4.2-4.el9.x86_64.rpm        882 kB/s | 235 kB     00:00    
#12 20.49 (35/56): efivar-libs-38-3.el9.x86_64.rpm        469 kB/s | 120 kB     00:00    
#12 20.69 (36/56): less-590-6.el9.x86_64.rpm              798 kB/s | 160 kB     00:00    
#12 20.80 (37/56): libcbor-0.7.0-5.el9.x86_64.rpm         517 kB/s |  56 kB     00:00    
#12 21.14 (38/56): cracklib-dicts-2.9.6-27.el9.x86_64.rpm 990 kB/s | 3.6 MB     00:03    
#12 21.19 (39/56): libeconf-0.4.1-4.el9.x86_64.rpm        636 kB/s |  26 kB     00:00    
#12 21.44 (40/56): libedit-3.1-38.20210216cvs.el9.x86_64. 406 kB/s | 102 kB     00:00    
#12 21.60 (41/56): libdb-5.3.28-57.el9_6.x86_64.rpm       920 kB/s | 734 kB     00:00    
#12 21.61 (42/56): libfdisk-2.37.4-21.el9.x86_64.rpm      916 kB/s | 153 kB     00:00    
#12 21.75 (43/56): libfido2-1.13.0-2.el9.x86_64.rpm       688 kB/s |  97 kB     00:00    
#12 21.75 (44/56): libpwquality-1.4.4-8.el9.x86_64.rpm    725 kB/s | 105 kB     00:00    
#12 21.79 (45/56): libutempter-1.2.1-6.el9.x86_64.rpm     653 kB/s |  26 kB     00:00    
#12 21.79 (46/56): llvm-filesystem-20.1.8-3.el9.x86_64.rp 253 kB/s | 9.2 kB     00:00    
#12 22.55 (47/56): make-4.3-8.el9.x86_64.rpm              695 kB/s | 529 kB     00:00    
#12 23.11 (48/56): openssh-8.7p1-46.el9.x86_64.rpm        816 kB/s | 453 kB     00:00    
#12 23.93 (49/56): openssh-clients-8.7p1-46.el9.x86_64.rp 863 kB/s | 707 kB     00:00    
#12 25.51 (50/56): openssl-3.5.1-3.el9.x86_64.rpm         914 kB/s | 1.4 MB     00:01    
#12 26.19 (51/56): pam-1.5.1-26.el9.x86_64.rpm            805 kB/s | 541 kB     00:00    
#12 28.66 (52/56): util-linux-2.37.4-21.el9.x86_64.rpm    908 kB/s | 2.2 MB     00:02    
#12 29.21 (53/56): util-linux-core-2.37.4-21.el9.x86_64.r 795 kB/s | 437 kB     00:00    
#12 29.33 (54/56): navix-sb-certs-9.7-0.1.el9.noarch.rpm  187 kB/s |  22 kB     00:00    
#12 32.25 (55/56): gcc-11.5.0-11.el9.x86_64.rpm           1.1 MB/s |  32 MB     00:30    
#12 39.39 (56/56): llvm-libs-20.1.8-3.el9.x86_64.rpm      1.7 MB/s |  30 MB     00:17    
#12 39.39 --------------------------------------------------------------------------------
#12 39.39 Total                                           2.7 MB/s | 106 MB     00:38     
#12 43.92 Running transaction check
#12 43.98 Transaction check succeeded.
#12 43.98 Running transaction test
#12 45.30 Transaction test succeeded.
#12 45.31 Running transaction
#12 46.62   Preparing        :                                                        1/1 
#12 46.66   Installing       : nspr-4.36.0-4.el9_4.x86_64                            1/58 
#12 46.66   Installing       : nss-util-3.112.0-4.el9_4.x86_64                       2/58 
#12 46.67   Installing       : libedit-3.1-38.20210216cvs.el9.x86_64                 3/58 
#12 46.67   Installing       : cracklib-2.9.6-27.el9.x86_64                          4/58 
#12 46.67   Installing       : libmpc-1.2.1-4.el9.x86_64                             5/58 
#12 46.79   Installing       : cpp-11.5.0-11.el9.x86_64                              6/58 
#12 46.83   Installing       : cracklib-dicts-2.9.6-27.el9.x86_64                    7/58 
#12 46.84   Installing       : nss-softokn-freebl-3.112.0-4.el9_4.x86_64             8/58 
#12 46.85   Installing       : nss-softokn-3.112.0-4.el9_4.x86_64                    9/58 
#12 46.86   Installing       : nss-3.112.0-4.el9_4.x86_64                           10/58 
#12 46.86   Running scriptlet: nss-3.112.0-4.el9_4.x86_64                           10/58 
#12 46.89   Installing       : nss-sysinit-3.112.0-4.el9_4.x86_64                   11/58 
#12 46.91   Installing       : nss-tools-3.112.0-4.el9_4.x86_64                     12/58 
#12 46.94   Downgrading      : openssl-libs-1:3.5.1-3.el9.x86_64                    13/58 
#12 46.95   Downgrading      : openssl-fips-provider-1:3.5.1-3.el9.x86_64           14/58 
#12 46.97   Installing       : openssl-1:3.5.1-3.el9.x86_64                         15/58 
#12 46.99   Installing       : util-linux-core-2.37.4-21.el9.x86_64                 16/58 
#12 47.00   Running scriptlet: util-linux-core-2.37.4-21.el9.x86_64                 16/58 
#12 47.03   Installing       : make-1:4.3-8.el9.x86_64                              17/58 
#12 47.03   Installing       : llvm-filesystem-20.1.8-3.el9.x86_64                  18/58 
#12 47.47   Installing       : llvm-libs-20.1.8-3.el9.x86_64                        19/58 
#12 47.47   Running scriptlet: libutempter-1.2.1-6.el9.x86_64                       20/58 
#12 47.58   Installing       : libutempter-1.2.1-6.el9.x86_64                       20/58 
#12 47.58   Installing       : libfdisk-2.37.4-21.el9.x86_64                        21/58 
#12 47.59   Installing       : libeconf-0.4.1-4.el9.x86_64                          22/58 
#12 47.60   Installing       : libdb-5.3.28-57.el9_6.x86_64                         23/58 
#12 47.60   Installing       : libpwquality-1.4.4-8.el9.x86_64                      24/58 
#12 47.63   Installing       : pam-1.5.1-26.el9.x86_64                              25/58 
#12 47.68   Installing       : util-linux-2.37.4-21.el9.x86_64                      26/58 
#12 47.68   Running scriptlet: openssh-8.7p1-46.el9.x86_64                          27/58 
#12 47.78   Installing       : openssh-8.7p1-46.el9.x86_64                          27/58 
#12 47.78   Installing       : libcbor-0.7.0-5.el9.x86_64                           28/58 
#12 47.78   Installing       : libfido2-1.13.0-2.el9.x86_64                         29/58 
#12 47.80   Installing       : openssh-clients-8.7p1-46.el9.x86_64                  30/58 
#12 47.80   Running scriptlet: openssh-clients-8.7p1-46.el9.x86_64                  30/58 
#12 47.83   Installing       : less-590-6.el9.x86_64                                31/58 
#12 47.89   Installing       : git-core-2.47.3-1.el9_6.x86_64                       32/58 
#12 47.99   Installing       : git-core-doc-2.47.3-1.el9_6.noarch                   33/58 
#12 47.99   Installing       : efivar-libs-38-3.el9.x86_64                          34/58 
#12 48.00   Installing       : zlib-devel-1.2.11-40.el9.x86_64                      35/58 
#12 48.00   Installing       : perl-lib-0.65-481.1.el9_6.x86_64                     36/58 
#12 48.00   Installing       : perl-File-Find-1.37-481.1.el9_6.noarch               37/58 
#12 48.00   Installing       : perl-Error-1:0.17029-7.el9.noarch                    38/58 
#12 48.01   Installing       : perl-DynaLoader-1.47-481.1.el9_6.x86_64              39/58 
#12 48.01   Installing       : perl-TermReadKey-2.38-11.el9.x86_64                  40/58 
#12 48.01   Installing       : libzstd-devel-1.5.5-1.el9.x86_64                     41/58 
#12 48.21   Installing       : kernel-headers-5.14.0-611.5.1.el9_7.x86_64           42/58 
#12 48.24   Installing       : glibc-headers-2.34-231.el9.x86_64                    43/58 
#12 48.24   Installing       : libxcrypt-devel-4.4.18-3.el9.x86_64                  44/58 
#12 48.24   Installing       : glibc-devel-2.34-231.el9.x86_64                      45/58 
#12 48.54   Installing       : gcc-11.5.0-11.el9.x86_64                             46/58 
#12 48.55   Running scriptlet: gcc-11.5.0-11.el9.x86_64                             46/58 
#12 48.72   Installing       : emacs-filesystem-1:27.2-18.el9.noarch                47/58 
#12 48.72   Installing       : perl-Git-2.47.3-1.el9_6.noarch                       48/58 
#12 48.72   Installing       : git-2.47.3-1.el9_6.x86_64                            49/58 
#12 48.73   Installing       : annobin-12.98-1.el9.x86_64                           50/58 
#12 48.73   Running scriptlet: annobin-12.98-1.el9.x86_64                           50/58 
#12 48.90   Installing       : gcc-plugin-annobin-11.5.0-11.el9.x86_64              51/58 
#12 48.90   Running scriptlet: gcc-plugin-annobin-11.5.0-11.el9.x86_64              51/58 
#12 49.10   Installing       : elfutils-libelf-devel-0.193-1.el9.x86_64             52/58 
#12 49.10   Running scriptlet: pesign-115-6.el9.x86_64                              53/58 
#12 49.26   Installing       : pesign-115-6.el9.x86_64                              53/58 
#12 49.26   Running scriptlet: pesign-115-6.el9.x86_64                              53/58 
#12 49.47   Installing       : openssl-devel-1:3.5.1-3.el9.x86_64                   54/58 
#12 49.49   Installing       : navix-sb-certs-9.7-0.1.el9.noarch                    55/58 
#12 49.49   Installing       : dos2unix-7.4.2-4.el9.x86_64                          56/58 
#12 49.49   Cleanup          : openssl-fips-provider-1:3.5.1-7.el9_7.x86_64         57/58 
#12 49.50   Cleanup          : openssl-libs-1:3.5.1-7.el9_7.x86_64                  58/58 
#12 49.50   Running scriptlet: nss-3.112.0-4.el9_4.x86_64                           58/58 
#12 49.76   Running scriptlet: pesign-115-6.el9.x86_64                              58/58 
#12 49.91   Running scriptlet: openssl-libs-1:3.5.1-7.el9_7.x86_64                  58/58 
#12 50.83   Verifying        : openssl-fips-provider-1:3.5.1-3.el9.x86_64            1/58 
#12 50.83   Verifying        : openssl-fips-provider-1:3.5.1-7.el9_7.x86_64          2/58 
#12 50.83   Verifying        : openssl-libs-1:3.5.1-3.el9.x86_64                     3/58 
#12 50.83   Verifying        : openssl-libs-1:3.5.1-7.el9_7.x86_64                   4/58 
#12 50.83   Verifying        : annobin-12.98-1.el9.x86_64                            5/58 
#12 50.83   Verifying        : cpp-11.5.0-11.el9.x86_64                              6/58 
#12 50.83   Verifying        : elfutils-libelf-devel-0.193-1.el9.x86_64              7/58 
#12 50.83   Verifying        : emacs-filesystem-1:27.2-18.el9.noarch                 8/58 
#12 50.83   Verifying        : gcc-11.5.0-11.el9.x86_64                              9/58 
#12 50.83   Verifying        : gcc-plugin-annobin-11.5.0-11.el9.x86_64              10/58 
#12 50.83   Verifying        : git-2.47.3-1.el9_6.x86_64                            11/58 
#12 50.83   Verifying        : git-core-2.47.3-1.el9_6.x86_64                       12/58 
#12 50.83   Verifying        : git-core-doc-2.47.3-1.el9_6.noarch                   13/58 
#12 50.83   Verifying        : glibc-devel-2.34-231.el9.x86_64                      14/58 
#12 50.83   Verifying        : glibc-headers-2.34-231.el9.x86_64                    15/58 
#12 50.83   Verifying        : kernel-headers-5.14.0-611.5.1.el9_7.x86_64           16/58 
#12 50.83   Verifying        : libmpc-1.2.1-4.el9.x86_64                            17/58 
#12 50.83   Verifying        : libxcrypt-devel-4.4.18-3.el9.x86_64                  18/58 
#12 50.83   Verifying        : libzstd-devel-1.5.5-1.el9.x86_64                     19/58 
#12 50.83   Verifying        : nspr-4.36.0-4.el9_4.x86_64                           20/58 
#12 50.83   Verifying        : nss-3.112.0-4.el9_4.x86_64                           21/58 
#12 50.83   Verifying        : nss-softokn-3.112.0-4.el9_4.x86_64                   22/58 
#12 50.83   Verifying        : nss-softokn-freebl-3.112.0-4.el9_4.x86_64            23/58 
#12 50.83   Verifying        : nss-sysinit-3.112.0-4.el9_4.x86_64                   24/58 
#12 50.83   Verifying        : nss-tools-3.112.0-4.el9_4.x86_64                     25/58 
#12 50.83   Verifying        : nss-util-3.112.0-4.el9_4.x86_64                      26/58 
#12 50.83   Verifying        : openssl-devel-1:3.5.1-3.el9.x86_64                   27/58 
#12 50.83   Verifying        : perl-DynaLoader-1.47-481.1.el9_6.x86_64              28/58 
#12 50.83   Verifying        : perl-Error-1:0.17029-7.el9.noarch                    29/58 
#12 50.83   Verifying        : perl-File-Find-1.37-481.1.el9_6.noarch               30/58 
#12 50.83   Verifying        : perl-Git-2.47.3-1.el9_6.noarch                       31/58 
#12 50.83   Verifying        : perl-TermReadKey-2.38-11.el9.x86_64                  32/58 
#12 50.83   Verifying        : perl-lib-0.65-481.1.el9_6.x86_64                     33/58 
#12 50.83   Verifying        : pesign-115-6.el9.x86_64                              34/58 
#12 50.83   Verifying        : zlib-devel-1.2.11-40.el9.x86_64                      35/58 
#12 50.83   Verifying        : cracklib-2.9.6-27.el9.x86_64                         36/58 
#12 50.83   Verifying        : cracklib-dicts-2.9.6-27.el9.x86_64                   37/58 
#12 50.83   Verifying        : dos2unix-7.4.2-4.el9.x86_64                          38/58 
#12 50.83   Verifying        : efivar-libs-38-3.el9.x86_64                          39/58 
#12 50.83   Verifying        : less-590-6.el9.x86_64                                40/58 
#12 50.83   Verifying        : libcbor-0.7.0-5.el9.x86_64                           41/58 
#12 50.83   Verifying        : libdb-5.3.28-57.el9_6.x86_64                         42/58 
#12 50.83   Verifying        : libeconf-0.4.1-4.el9.x86_64                          43/58 
#12 50.83   Verifying        : libedit-3.1-38.20210216cvs.el9.x86_64                44/58 
#12 50.83   Verifying        : libfdisk-2.37.4-21.el9.x86_64                        45/58 
#12 50.83   Verifying        : libfido2-1.13.0-2.el9.x86_64                         46/58 
#12 50.83   Verifying        : libpwquality-1.4.4-8.el9.x86_64                      47/58 
#12 50.83   Verifying        : libutempter-1.2.1-6.el9.x86_64                       48/58 
#12 50.83   Verifying        : llvm-filesystem-20.1.8-3.el9.x86_64                  49/58 
#12 50.83   Verifying        : llvm-libs-20.1.8-3.el9.x86_64                        50/58 
#12 50.83   Verifying        : make-1:4.3-8.el9.x86_64                              51/58 
#12 50.83   Verifying        : openssh-8.7p1-46.el9.x86_64                          52/58 
#12 50.83   Verifying        : openssh-clients-8.7p1-46.el9.x86_64                  53/58 
#12 50.84   Verifying        : openssl-1:3.5.1-3.el9.x86_64                         54/58 
#12 50.84   Verifying        : pam-1.5.1-26.el9.x86_64                              55/58 
#12 50.84   Verifying        : util-linux-2.37.4-21.el9.x86_64                      56/58 
#12 50.84   Verifying        : util-linux-core-2.37.4-21.el9.x86_64                 57/58 
#12 50.84   Verifying        : navix-sb-certs-9.7-0.1.el9.noarch                    58/58 
#12 50.89 
#12 50.89 Downgraded:
#12 50.89   openssl-fips-provider-1:3.5.1-3.el9.x86_64  openssl-libs-1:3.5.1-3.el9.x86_64 
#12 50.89 Installed:
#12 50.89   annobin-12.98-1.el9.x86_64                                                    
#12 50.89   cpp-11.5.0-11.el9.x86_64                                                      
#12 50.89   cracklib-2.9.6-27.el9.x86_64                                                  
#12 50.89   cracklib-dicts-2.9.6-27.el9.x86_64                                            
#12 50.89   dos2unix-7.4.2-4.el9.x86_64                                                   
#12 50.89   efivar-libs-38-3.el9.x86_64                                                   
#12 50.89   elfutils-libelf-devel-0.193-1.el9.x86_64                                      
#12 50.89   emacs-filesystem-1:27.2-18.el9.noarch                                         
#12 50.89   gcc-11.5.0-11.el9.x86_64                                                      
#12 50.89   gcc-plugin-annobin-11.5.0-11.el9.x86_64                                       
#12 50.89   git-2.47.3-1.el9_6.x86_64                                                     
#12 50.89   git-core-2.47.3-1.el9_6.x86_64                                                
#12 50.89   git-core-doc-2.47.3-1.el9_6.noarch                                            
#12 50.89   glibc-devel-2.34-231.el9.x86_64                                               
#12 50.89   glibc-headers-2.34-231.el9.x86_64                                             
#12 50.89   kernel-headers-5.14.0-611.5.1.el9_7.x86_64                                    
#12 50.89   less-590-6.el9.x86_64                                                         
#12 50.89   libcbor-0.7.0-5.el9.x86_64                                                    
#12 50.89   libdb-5.3.28-57.el9_6.x86_64                                                  
#12 50.89   libeconf-0.4.1-4.el9.x86_64                                                   
#12 50.89   libedit-3.1-38.20210216cvs.el9.x86_64                                         
#12 50.89   libfdisk-2.37.4-21.el9.x86_64                                                 
#12 50.89   libfido2-1.13.0-2.el9.x86_64                                                  
#12 50.89   libmpc-1.2.1-4.el9.x86_64                                                     
#12 50.89   libpwquality-1.4.4-8.el9.x86_64                                               
#12 50.89   libutempter-1.2.1-6.el9.x86_64                                                
#12 50.89   libxcrypt-devel-4.4.18-3.el9.x86_64                                           
#12 50.89   libzstd-devel-1.5.5-1.el9.x86_64                                              
#12 50.89   llvm-filesystem-20.1.8-3.el9.x86_64                                           
#12 50.89   llvm-libs-20.1.8-3.el9.x86_64                                                 
#12 50.89   make-1:4.3-8.el9.x86_64                                                       
#12 50.89   navix-sb-certs-9.7-0.1.el9.noarch                                             
#12 50.89   nspr-4.36.0-4.el9_4.x86_64                                                    
#12 50.89   nss-3.112.0-4.el9_4.x86_64                                                    
#12 50.89   nss-softokn-3.112.0-4.el9_4.x86_64                                            
#12 50.89   nss-softokn-freebl-3.112.0-4.el9_4.x86_64                                     
#12 50.89   nss-sysinit-3.112.0-4.el9_4.x86_64                                            
#12 50.89   nss-tools-3.112.0-4.el9_4.x86_64                                              
#12 50.89   nss-util-3.112.0-4.el9_4.x86_64                                               
#12 50.89   openssh-8.7p1-46.el9.x86_64                                                   
#12 50.89   openssh-clients-8.7p1-46.el9.x86_64                                           
#12 50.89   openssl-1:3.5.1-3.el9.x86_64                                                  
#12 50.89   openssl-devel-1:3.5.1-3.el9.x86_64                                            
#12 50.89   pam-1.5.1-26.el9.x86_64                                                       
#12 50.89   perl-DynaLoader-1.47-481.1.el9_6.x86_64                                       
#12 50.89   perl-Error-1:0.17029-7.el9.noarch                                             
#12 50.89   perl-File-Find-1.37-481.1.el9_6.noarch                                        
#12 50.89   perl-Git-2.47.3-1.el9_6.noarch                                                
#12 50.89   perl-TermReadKey-2.38-11.el9.x86_64                                           
#12 50.89   perl-lib-0.65-481.1.el9_6.x86_64                                              
#12 50.89   pesign-115-6.el9.x86_64                                                       
#12 50.89   util-linux-2.37.4-21.el9.x86_64                                               
#12 50.89   util-linux-core-2.37.4-21.el9.x86_64                                          
#12 50.89   zlib-devel-1.2.11-40.el9.x86_64                                               
#12 50.89 
#12 50.89 Complete!
#12 DONE 51.0s

#13 [ 9/21] RUN rpmbuild -bb /builddir/build/SPECS/shim-unsigned-x64.spec
#13 0.279 setting SOURCE_DATE_EPOCH=1788307200
#13 0.362 Executing(%prep): /bin/sh -e /var/tmp/rpm-tmp.XsJQ4i
#13 0.388 + umask 022
#13 0.388 + cd /builddir/build//BUILD
#13 0.388 + cd /builddir/build/BUILD
#13 0.388 + rm -rf shim-16.1
#13 0.406 + /usr/bin/bzip2 -dc /builddir/build/SOURCES/shim-16.1.tar.bz2
#13 0.406 + /usr/bin/tar -xof -
#13 0.660 + STATUS=0
#13 0.661 + '[' 0 -ne 0 ']'
#13 0.661 + cd shim-16.1
#13 0.661 + /usr/bin/chmod -Rf a+rX,u+w,g-w,o-w .
#13 0.677 + /usr/bin/git init -q
#13 0.707 + /usr/bin/git config user.name rpm-build
#13 0.731 + /usr/bin/git config user.email '<rpm-build>'
#13 0.754 + /usr/bin/git config gc.auto 0
#13 0.777 + /usr/bin/git add --force .
#13 1.009 + /usr/bin/git commit -q --allow-empty -a --author 'rpm-build <rpm-build>' -m 'shim-unsigned-x64-16.1 base'
#13 1.095 + git config --unset user.email
#13 1.118 + git config --unset user.name
#13 1.141 + mkdir build-x64
#13 1.155 + mkdir build-ia32
#13 1.168 + cp /builddir/build/SOURCES/sbat.navix.csv data/
#13 1.183 + RPM_EC=0
#13 1.186 ++ jobs -p
#13 1.187 + exit 0
#13 1.213 Executing(%build): /bin/sh -e /var/tmp/rpm-tmp.tE0qLO
#13 1.238 + umask 022
#13 1.238 + cd /builddir/build//BUILD
#13 1.239 + cd shim-16.1
#13 1.239 + COMMIT_ID=afc49558b34548644c1cd0ad1b6526a9470182ed
#13 1.239 + MAKEFLAGS='TOPDIR=.. -f ../Makefile COMMIT_ID=afc49558b34548644c1cd0ad1b6526a9470182ed '
#13 1.239 + MAKEFLAGS+='EFIDIR=navix PKGNAME=shim RELEASE=2.el9 '
#13 1.239 + MAKEFLAGS+='ENABLE_SHIM_HASH=true '
#13 1.239 + MAKEFLAGS+='SBAT_AUTOMATIC_DATE=2023012900 '
#13 1.239 + MAKEFLAGS+=
#13 1.240 + '[' -f /etc/pki/sb-certs/secureboot-ca-x86_64.cer ']'
#13 1.240 + MAKEFLAGS='TOPDIR=.. -f ../Makefile COMMIT_ID=afc49558b34548644c1cd0ad1b6526a9470182ed EFIDIR=navix PKGNAME=shim RELEASE=2.el9 ENABLE_SHIM_HASH=true SBAT_AUTOMATIC_DATE=2023012900  VENDOR_CERT_FILE=/etc/pki/sb-certs/secureboot-ca-x86_64.cer'
#13 1.240 + '[' -f /builddir/build/SOURCES/dbx-x86.esl ']'
#13 1.240 + MAKEFLAGS='TOPDIR=.. -f ../Makefile COMMIT_ID=afc49558b34548644c1cd0ad1b6526a9470182ed EFIDIR=navix PKGNAME=shim RELEASE=2.el9 ENABLE_SHIM_HASH=true SBAT_AUTOMATIC_DATE=2023012900  VENDOR_CERT_FILE=/etc/pki/sb-certs/secureboot-ca-x86_64.cer VENDOR_DBX_FILE=/builddir/build/SOURCES/dbx-x86.esl'
#13 1.240 + cd build-x64
#13 1.241 + make TOPDIR=.. -f ../Makefile COMMIT_ID=afc49558b34548644c1cd0ad1b6526a9470182ed EFIDIR=navix PKGNAME=shim RELEASE=2.el9 ENABLE_SHIM_HASH=true SBAT_AUTOMATIC_DATE=2023012900 VENDOR_CERT_FILE=/etc/pki/sb-certs/secureboot-ca-x86_64.cer VENDOR_DBX_FILE=/builddir/build/SOURCES/dbx-x86.esl 'DEFAULT_LOADER=\\\\grubx64.efi' all
#13 1.785 gcc -std=gnu11 -Og -g3 -Wall -Wextra -Wno-missing-field-initializers -Werror -o generate_sbat_var_defs /builddir/build/BUILD/shim-16.1/generate_sbat_var_defs.c
#13 2.239 ./generate_sbat_var_defs /builddir/build/BUILD/shim-16.1 > generated_sbat_var_defs.h
#13 2.318 sed	-e "s,@@VERSION@@,16.1," \
#13 2.318 	-e "s,@@UNAME@@,buildhost," \
#13 2.318 	-e "s,@@COMMIT@@,afc49558b34548644c1cd0ad1b6526a9470182ed," \
#13 2.318 	< /builddir/build/BUILD/shim-16.1/version.c.in > version.c
#13 2.429 gcc -std=gnu11 -ggdb -gdwarf-4 -gstrict-dwarf -ffreestanding -fmacro-prefix-map=/builddir/build/BUILD/shim-16.1/= -fno-stack-protector -fno-strict-aliasing -fpic -fshort-wchar -Os -Wall -Wextra -Wno-missing-field-initializers  -mno-mmx -mno-sse -mno-red-zone -nostdinc -maccumulate-outgoing-args  -m64 -DMDE_CPU_X64 -DPAGE_SIZE=4096 -Werror -nostdinc -I/builddir/build/BUILD/shim-16.1/Cryptlib -I/builddir/build/BUILD/shim-16.1/Cryptlib/Include -I/builddir/build/BUILD/shim-16.1/gnu-efi/inc -I/builddir/build/BUILD/shim-16.1/gnu-efi/inc/x86_64 -I/builddir/build/BUILD/shim-16.1/gnu-efi/inc/protocol -I/builddir/build/BUILD/shim-16.1/include -iquote /builddir/build/BUILD/shim-16.1 -iquote /builddir/build/BUILD/shim-16.1/build-x64 -isystem /builddir/build/BUILD/shim-16.1/include/system -isystem /usr/lib/gcc/x86_64-redhat-linux/11/include -DDEFAULT_LOADER='L"\\\\grubx64.efi"' -DDEFAULT_LOADER_CHAR='"\\\\grubx64.efi"' -DEFI_ARCH='L"x64"' -DDEBUGDIR='L"/usr/lib/debug/usr/share/shim/x64-16.1-2.el9/"' -DVENDOR_CERT_FILE=\"/etc/pki/sb-certs/secureboot-ca-x86_64.cer\" -DVENDOR_DBX_FILE=\"/builddir/build/SOURCES/dbx-x86.esl\" -DSBAT_AUTOMATIC_DATE=2023012900   -c -o shim.o /builddir/build/BUILD/shim-16.1/shim.c
#13 3.165 gcc -std=gnu11 -ggdb -gdwarf-4 -gstrict-dwarf -ffreestanding -fmacro-prefix-map=/builddir/build/BUILD/shim-16.1/= -fno-stack-protector -fno-strict-aliasing -fpic -fshort-wchar -Os -Wall -Wextra -Wno-missing-field-initializers  -mno-mmx -mno-sse -mno-red-zone -nostdinc -maccumulate-outgoing-args  -m64 -DMDE_CPU_X64 -DPAGE_SIZE=4096 -Werror -nostdinc -I/builddir/build/BUILD/shim-16.1/Cryptlib -I/builddir/build/BUILD/shim-16.1/Cryptlib/Include -I/builddir/build/BUILD/shim-16.1/gnu-efi/inc -I/builddir/build/BUILD/shim-16.1/gnu-efi/inc/x86_64 -I/builddir/build/BUILD/shim-16.1/gnu-efi/inc/protocol -I/builddir/build/BUILD/shim-16.1/include -iquote /builddir/build/BUILD/shim-16.1 -iquote /builddir/build/BUILD/shim-16.1/build-x64 -isystem /builddir/build/BUILD/shim-16.1/include/system -isystem /usr/lib/gcc/x86_64-redhat-linux/11/include -DDEFAULT_LOADER='L"\\\\grubx64.efi"' -DDEFAULT_LOADER_CHAR='"\\\\grubx64.efi"' -DEFI_ARCH='L"x64"' -DDEBUGDIR='L"/usr/lib/debug/usr/share/shim/x64-16.1-2.el9/"' -DVENDOR_CERT_FILE=\"/etc/pki/sb-certs/secureboot-ca-x86_64.cer\" -DVENDOR_DBX_FILE=\"/builddir/build/SOURCES/dbx-x86.esl\" -DSBAT_AUTOMATIC_DATE=2023012900   -c -o globals.o /builddir/build/BUILD/shim-16.1/globals.c
#13 3.410 gcc -std=gnu11 -ggdb -gdwarf-4 -gstrict-dwarf -ffreestanding -fmacro-prefix-map=/builddir/build/BUILD/shim-16.1/= -fno-stack-protector -fno-strict-aliasing -fpic -fshort-wchar -Os -Wall -Wextra -Wno-missing-field-initializers  -mno-mmx -mno-sse -mno-red-zone -nostdinc -maccumulate-outgoing-args  -m64 -DMDE_CPU_X64 -DPAGE_SIZE=4096 -Werror -nostdinc -I/builddir/build/BUILD/shim-16.1/Cryptlib -I/builddir/build/BUILD/shim-16.1/Cryptlib/Include -I/builddir/build/BUILD/shim-16.1/gnu-efi/inc -I/builddir/build/BUILD/shim-16.1/gnu-efi/inc/x86_64 -I/builddir/build/BUILD/shim-16.1/gnu-efi/inc/protocol -I/builddir/build/BUILD/shim-16.1/include -iquote /builddir/build/BUILD/shim-16.1 -iquote /builddir/build/BUILD/shim-16.1/build-x64 -isystem /builddir/build/BUILD/shim-16.1/include/system -isystem /usr/lib/gcc/x86_64-redhat-linux/11/include -DDEFAULT_LOADER='L"\\\\grubx64.efi"' -DDEFAULT_LOADER_CHAR='"\\\\grubx64.efi"' -DEFI_ARCH='L"x64"' -DDEBUGDIR='L"/usr/lib/debug/usr/share/shim/x64-16.1-2.el9/"' -DVENDOR_CERT_FILE=\"/etc/pki/sb-certs/secureboot-ca-x86_64.cer\" -DVENDOR_DBX_FILE=\"/builddir/build/SOURCES/dbx-x86.esl\" -DSBAT_AUTOMATIC_DATE=2023012900   -c -o memattrs.o /builddir/build/BUILD/shim-16.1/memattrs.c
#13 4.048 gcc -std=gnu11 -ggdb -gdwarf-4 -gstrict-dwarf -ffreestanding -fmacro-prefix-map=/builddir/build/BUILD/shim-16.1/= -fno-stack-protector -fno-strict-aliasing -fpic -fshort-wchar -Os -Wall -Wextra -Wno-missing-field-initializers  -mno-mmx -mno-sse -mno-red-zone -nostdinc -maccumulate-outgoing-args  -m64 -DMDE_CPU_X64 -DPAGE_SIZE=4096 -Werror -nostdinc -I/builddir/build/BUILD/shim-16.1/Cryptlib -I/builddir/build/BUILD/shim-16.1/Cryptlib/Include -I/builddir/build/BUILD/shim-16.1/gnu-efi/inc -I/builddir/build/BUILD/shim-16.1/gnu-efi/inc/x86_64 -I/builddir/build/BUILD/shim-16.1/gnu-efi/inc/protocol -I/builddir/build/BUILD/shim-16.1/include -iquote /builddir/build/BUILD/shim-16.1 -iquote /builddir/build/BUILD/shim-16.1/build-x64 -isystem /builddir/build/BUILD/shim-16.1/include/system -isystem /usr/lib/gcc/x86_64-redhat-linux/11/include -DDEFAULT_LOADER='L"\\\\grubx64.efi"' -DDEFAULT_LOADER_CHAR='"\\\\grubx64.efi"' -DEFI_ARCH='L"x64"' -DDEBUGDIR='L"/usr/lib/debug/usr/share/shim/x64-16.1-2.el9/"' -DVENDOR_CERT_FILE=\"/etc/pki/sb-certs/secureboot-ca-x86_64.cer\" -DVENDOR_DBX_FILE=\"/builddir/build/SOURCES/dbx-x86.esl\" -DSBAT_AUTOMATIC_DATE=2023012900   -c -o mok.o /builddir/build/BUILD/shim-16.1/mok.c
#13 4.884 gcc -std=gnu11 -ggdb -gdwarf-4 -gstrict-dwarf -ffreestanding -fmacro-prefix-map=/builddir/build/BUILD/shim-16.1/= -fno-stack-protector -fno-strict-aliasing -fpic -fshort-wchar -Os -Wall -Wextra -Wno-missing-field-initializers  -mno-mmx -mno-sse -mno-red-zone -nostdinc -maccumulate-outgoing-args  -m64 -DMDE_CPU_X64 -DPAGE_SIZE=4096 -Werror -nostdinc -I/builddir/build/BUILD/shim-16.1/Cryptlib -I/builddir/build/BUILD/shim-16.1/Cryptlib/Include -I/builddir/build/BUILD/shim-16.1/gnu-efi/inc -I/builddir/build/BUILD/shim-16.1/gnu-efi/inc/x86_64 -I/builddir/build/BUILD/shim-16.1/gnu-efi/inc/protocol -I/builddir/build/BUILD/shim-16.1/include -iquote /builddir/build/BUILD/shim-16.1 -iquote /builddir/build/BUILD/shim-16.1/build-x64 -isystem /builddir/build/BUILD/shim-16.1/include/system -isystem /usr/lib/gcc/x86_64-redhat-linux/11/include -DDEFAULT_LOADER='L"\\\\grubx64.efi"' -DDEFAULT_LOADER_CHAR='"\\\\grubx64.efi"' -DEFI_ARCH='L"x64"' -DDEBUGDIR='L"/usr/lib/debug/usr/share/shim/x64-16.1-2.el9/"' -DVENDOR_CERT_FILE=\"/etc/pki/sb-certs/secureboot-ca-x86_64.cer\" -DVENDOR_DBX_FILE=\"/builddir/build/SOURCES/dbx-x86.esl\" -DSBAT_AUTOMATIC_DATE=2023012900   -c -o netboot.o /builddir/build/BUILD/shim-16.1/netboot.c
#13 5.475 gcc -std=gnu11 -ggdb -gdwarf-4 -gstrict-dwarf -ffreestanding -fmacro-prefix-map=/builddir/build/BUILD/shim-16.1/= -fno-stack-protector -fno-strict-aliasing -fpic -fshort-wchar -Os -Wall -Wextra -Wno-missing-field-initializers  -mno-mmx -mno-sse -mno-red-zone -nostdinc -maccumulate-outgoing-args  -m64 -DMDE_CPU_X64 -DPAGE_SIZE=4096 -Werror -nostdinc -I/builddir/build/BUILD/shim-16.1/Cryptlib -I/builddir/build/BUILD/shim-16.1/Cryptlib/Include -I/builddir/build/BUILD/shim-16.1/gnu-efi/inc -I/builddir/build/BUILD/shim-16.1/gnu-efi/inc/x86_64 -I/builddir/build/BUILD/shim-16.1/gnu-efi/inc/protocol -I/builddir/build/BUILD/shim-16.1/include -iquote /builddir/build/BUILD/shim-16.1 -iquote /builddir/build/BUILD/shim-16.1/build-x64 -isystem /builddir/build/BUILD/shim-16.1/include/system -isystem /usr/lib/gcc/x86_64-redhat-linux/11/include -DDEFAULT_LOADER='L"\\\\grubx64.efi"' -DDEFAULT_LOADER_CHAR='"\\\\grubx64.efi"' -DEFI_ARCH='L"x64"' -DDEBUGDIR='L"/usr/lib/debug/usr/share/shim/x64-16.1-2.el9/"' -DVENDOR_CERT_FILE=\"/etc/pki/sb-certs/secureboot-ca-x86_64.cer\" -DVENDOR_DBX_FILE=\"/builddir/build/SOURCES/dbx-x86.esl\" -DSBAT_AUTOMATIC_DATE=2023012900 -c -o cert.o /builddir/build/BUILD/shim-16.1/cert.S 
#13 5.595 /builddir/build/BUILD/shim-16.1/cert.S: Assembler messages:
#13 5.595 /builddir/build/BUILD/shim-16.1/cert.S:55: Warning: setting incorrect section attributes for .note.GNU-stack
#13 5.630 gcc -std=gnu11 -ggdb -gdwarf-4 -gstrict-dwarf -ffreestanding -fmacro-prefix-map=/builddir/build/BUILD/shim-16.1/= -fno-stack-protector -fno-strict-aliasing -fpic -fshort-wchar -Os -Wall -Wextra -Wno-missing-field-initializers  -mno-mmx -mno-sse -mno-red-zone -nostdinc -maccumulate-outgoing-args  -m64 -DMDE_CPU_X64 -DPAGE_SIZE=4096 -Werror -nostdinc -I/builddir/build/BUILD/shim-16.1/Cryptlib -I/builddir/build/BUILD/shim-16.1/Cryptlib/Include -I/builddir/build/BUILD/shim-16.1/gnu-efi/inc -I/builddir/build/BUILD/shim-16.1/gnu-efi/inc/x86_64 -I/builddir/build/BUILD/shim-16.1/gnu-efi/inc/protocol -I/builddir/build/BUILD/shim-16.1/include -iquote /builddir/build/BUILD/shim-16.1 -iquote /builddir/build/BUILD/shim-16.1/build-x64 -isystem /builddir/build/BUILD/shim-16.1/include/system -isystem /usr/lib/gcc/x86_64-redhat-linux/11/include -DDEFAULT_LOADER='L"\\\\grubx64.efi"' -DDEFAULT_LOADER_CHAR='"\\\\grubx64.efi"' -DEFI_ARCH='L"x64"' -DDEBUGDIR='L"/usr/lib/debug/usr/share/shim/x64-16.1-2.el9/"' -DVENDOR_CERT_FILE=\"/etc/pki/sb-certs/secureboot-ca-x86_64.cer\" -DVENDOR_DBX_FILE=\"/builddir/build/SOURCES/dbx-x86.esl\" -DSBAT_AUTOMATIC_DATE=2023012900   -c -o dp.o /builddir/build/BUILD/shim-16.1/dp.c
#13 6.122 gcc -std=gnu11 -ggdb -gdwarf-4 -gstrict-dwarf -ffreestanding -fmacro-prefix-map=/builddir/build/BUILD/shim-16.1/= -fno-stack-protector -fno-strict-aliasing -fpic -fshort-wchar -Os -Wall -Wextra -Wno-missing-field-initializers  -mno-mmx -mno-sse -mno-red-zone -nostdinc -maccumulate-outgoing-args  -m64 -DMDE_CPU_X64 -DPAGE_SIZE=4096 -Werror -nostdinc -I/builddir/build/BUILD/shim-16.1/Cryptlib -I/builddir/build/BUILD/shim-16.1/Cryptlib/Include -I/builddir/build/BUILD/shim-16.1/gnu-efi/inc -I/builddir/build/BUILD/shim-16.1/gnu-efi/inc/x86_64 -I/builddir/build/BUILD/shim-16.1/gnu-efi/inc/protocol -I/builddir/build/BUILD/shim-16.1/include -iquote /builddir/build/BUILD/shim-16.1 -iquote /builddir/build/BUILD/shim-16.1/build-x64 -isystem /builddir/build/BUILD/shim-16.1/include/system -isystem /usr/lib/gcc/x86_64-redhat-linux/11/include -DDEFAULT_LOADER='L"\\\\grubx64.efi"' -DDEFAULT_LOADER_CHAR='"\\\\grubx64.efi"' -DEFI_ARCH='L"x64"' -DDEBUGDIR='L"/usr/lib/debug/usr/share/shim/x64-16.1-2.el9/"' -DVENDOR_CERT_FILE=\"/etc/pki/sb-certs/secureboot-ca-x86_64.cer\" -DVENDOR_DBX_FILE=\"/builddir/build/SOURCES/dbx-x86.esl\" -DSBAT_AUTOMATIC_DATE=2023012900   -c -o loader-proto.o /builddir/build/BUILD/shim-16.1/loader-proto.c
#13 6.697 gcc -std=gnu11 -ggdb -gdwarf-4 -gstrict-dwarf -ffreestanding -fmacro-prefix-map=/builddir/build/BUILD/shim-16.1/= -fno-stack-protector -fno-strict-aliasing -fpic -fshort-wchar -Os -Wall -Wextra -Wno-missing-field-initializers  -mno-mmx -mno-sse -mno-red-zone -nostdinc -maccumulate-outgoing-args  -m64 -DMDE_CPU_X64 -DPAGE_SIZE=4096 -Werror -nostdinc -I/builddir/build/BUILD/shim-16.1/Cryptlib -I/builddir/build/BUILD/shim-16.1/Cryptlib/Include -I/builddir/build/BUILD/shim-16.1/gnu-efi/inc -I/builddir/build/BUILD/shim-16.1/gnu-efi/inc/x86_64 -I/builddir/build/BUILD/shim-16.1/gnu-efi/inc/protocol -I/builddir/build/BUILD/shim-16.1/include -iquote /builddir/build/BUILD/shim-16.1 -iquote /builddir/build/BUILD/shim-16.1/build-x64 -isystem /builddir/build/BUILD/shim-16.1/include/system -isystem /usr/lib/gcc/x86_64-redhat-linux/11/include -DDEFAULT_LOADER='L"\\\\grubx64.efi"' -DDEFAULT_LOADER_CHAR='"\\\\grubx64.efi"' -DEFI_ARCH='L"x64"' -DDEBUGDIR='L"/usr/lib/debug/usr/share/shim/x64-16.1-2.el9/"' -DVENDOR_CERT_FILE=\"/etc/pki/sb-certs/secureboot-ca-x86_64.cer\" -DVENDOR_DBX_FILE=\"/builddir/build/SOURCES/dbx-x86.esl\" -DSBAT_AUTOMATIC_DATE=2023012900   -c -o tpm.o /builddir/build/BUILD/shim-16.1/tpm.c
#13 7.270 gcc -std=gnu11 -ggdb -gdwarf-4 -gstrict-dwarf -ffreestanding -fmacro-prefix-map=/builddir/build/BUILD/shim-16.1/= -fno-stack-protector -fno-strict-aliasing -fpic -fshort-wchar -Os -Wall -Wextra -Wno-missing-field-initializers  -mno-mmx -mno-sse -mno-red-zone -nostdinc -maccumulate-outgoing-args  -m64 -DMDE_CPU_X64 -DPAGE_SIZE=4096 -Werror -nostdinc -I/builddir/build/BUILD/shim-16.1/Cryptlib -I/builddir/build/BUILD/shim-16.1/Cryptlib/Include -I/builddir/build/BUILD/shim-16.1/gnu-efi/inc -I/builddir/build/BUILD/shim-16.1/gnu-efi/inc/x86_64 -I/builddir/build/BUILD/shim-16.1/gnu-efi/inc/protocol -I/builddir/build/BUILD/shim-16.1/include -iquote /builddir/build/BUILD/shim-16.1 -iquote /builddir/build/BUILD/shim-16.1/build-x64 -isystem /builddir/build/BUILD/shim-16.1/include/system -isystem /usr/lib/gcc/x86_64-redhat-linux/11/include -DDEFAULT_LOADER='L"\\\\grubx64.efi"' -DDEFAULT_LOADER_CHAR='"\\\\grubx64.efi"' -DEFI_ARCH='L"x64"' -DDEBUGDIR='L"/usr/lib/debug/usr/share/shim/x64-16.1-2.el9/"' -DVENDOR_CERT_FILE=\"/etc/pki/sb-certs/secureboot-ca-x86_64.cer\" -DVENDOR_DBX_FILE=\"/builddir/build/SOURCES/dbx-x86.esl\" -DSBAT_AUTOMATIC_DATE=2023012900   -c -o version.o version.c
#13 7.467 gcc -std=gnu11 -ggdb -gdwarf-4 -gstrict-dwarf -ffreestanding -fmacro-prefix-map=/builddir/build/BUILD/shim-16.1/= -fno-stack-protector -fno-strict-aliasing -fpic -fshort-wchar -Os -Wall -Wextra -Wno-missing-field-initializers  -mno-mmx -mno-sse -mno-red-zone -nostdinc -maccumulate-outgoing-args  -m64 -DMDE_CPU_X64 -DPAGE_SIZE=4096 -Werror -nostdinc -I/builddir/build/BUILD/shim-16.1/Cryptlib -I/builddir/build/BUILD/shim-16.1/Cryptlib/Include -I/builddir/build/BUILD/shim-16.1/gnu-efi/inc -I/builddir/build/BUILD/shim-16.1/gnu-efi/inc/x86_64 -I/builddir/build/BUILD/shim-16.1/gnu-efi/inc/protocol -I/builddir/build/BUILD/shim-16.1/include -iquote /builddir/build/BUILD/shim-16.1 -iquote /builddir/build/BUILD/shim-16.1/build-x64 -isystem /builddir/build/BUILD/shim-16.1/include/system -isystem /usr/lib/gcc/x86_64-redhat-linux/11/include -DDEFAULT_LOADER='L"\\\\grubx64.efi"' -DDEFAULT_LOADER_CHAR='"\\\\grubx64.efi"' -DEFI_ARCH='L"x64"' -DDEBUGDIR='L"/usr/lib/debug/usr/share/shim/x64-16.1-2.el9/"' -DVENDOR_CERT_FILE=\"/etc/pki/sb-certs/secureboot-ca-x86_64.cer\" -DVENDOR_DBX_FILE=\"/builddir/build/SOURCES/dbx-x86.esl\" -DSBAT_AUTOMATIC_DATE=2023012900   -c -o errlog.o /builddir/build/BUILD/shim-16.1/errlog.c
#13 8.127 gcc -std=gnu11 -ggdb -gdwarf-4 -gstrict-dwarf -ffreestanding -fmacro-prefix-map=/builddir/build/BUILD/shim-16.1/= -fno-stack-protector -fno-strict-aliasing -fpic -fshort-wchar -Os -Wall -Wextra -Wno-missing-field-initializers  -mno-mmx -mno-sse -mno-red-zone -nostdinc -maccumulate-outgoing-args  -m64 -DMDE_CPU_X64 -DPAGE_SIZE=4096 -Werror -nostdinc -I/builddir/build/BUILD/shim-16.1/Cryptlib -I/builddir/build/BUILD/shim-16.1/Cryptlib/Include -I/builddir/build/BUILD/shim-16.1/gnu-efi/inc -I/builddir/build/BUILD/shim-16.1/gnu-efi/inc/x86_64 -I/builddir/build/BUILD/shim-16.1/gnu-efi/inc/protocol -I/builddir/build/BUILD/shim-16.1/include -iquote /builddir/build/BUILD/shim-16.1 -iquote /builddir/build/BUILD/shim-16.1/build-x64 -isystem /builddir/build/BUILD/shim-16.1/include/system -isystem /usr/lib/gcc/x86_64-redhat-linux/11/include -DDEFAULT_LOADER='L"\\\\grubx64.efi"' -DDEFAULT_LOADER_CHAR='"\\\\grubx64.efi"' -DEFI_ARCH='L"x64"' -DDEBUGDIR='L"/usr/lib/debug/usr/share/shim/x64-16.1-2.el9/"' -DVENDOR_CERT_FILE=\"/etc/pki/sb-certs/secureboot-ca-x86_64.cer\" -DVENDOR_DBX_FILE=\"/builddir/build/SOURCES/dbx-x86.esl\" -DSBAT_AUTOMATIC_DATE=2023012900   -c -o sbat.o /builddir/build/BUILD/shim-16.1/sbat.c
#13 8.774 dos2unix -r -l -F -f -n /builddir/build/BUILD/shim-16.1/data/sbat.navix.csv sbat.navix.csv
#13 8.836 dos2unix: converting file /builddir/build/BUILD/shim-16.1/data/sbat.navix.csv to file sbat.navix.csv in Unix format...
#13 8.838 tail -c1 sbat.navix.csv | read -r _ || echo >> sbat.navix.csv # ensure a trailing newline
#13 8.907 gcc -std=gnu11 -ggdb -gdwarf-4 -gstrict-dwarf -ffreestanding -fmacro-prefix-map=/builddir/build/BUILD/shim-16.1/= -fno-stack-protector -fno-strict-aliasing -fpic -fshort-wchar -Os -Wall -Wextra -Wno-missing-field-initializers  -mno-mmx -mno-sse -mno-red-zone -nostdinc -maccumulate-outgoing-args  -m64 -DMDE_CPU_X64 -DPAGE_SIZE=4096 -Werror -nostdinc -I/builddir/build/BUILD/shim-16.1/Cryptlib -I/builddir/build/BUILD/shim-16.1/Cryptlib/Include -I/builddir/build/BUILD/shim-16.1/gnu-efi/inc -I/builddir/build/BUILD/shim-16.1/gnu-efi/inc/x86_64 -I/builddir/build/BUILD/shim-16.1/gnu-efi/inc/protocol -I/builddir/build/BUILD/shim-16.1/include -iquote /builddir/build/BUILD/shim-16.1 -iquote /builddir/build/BUILD/shim-16.1/build-x64 -isystem /builddir/build/BUILD/shim-16.1/include/system -isystem /usr/lib/gcc/x86_64-redhat-linux/11/include -DDEFAULT_LOADER='L"\\\\grubx64.efi"' -DDEFAULT_LOADER_CHAR='"\\\\grubx64.efi"' -DEFI_ARCH='L"x64"' -DDEBUGDIR='L"/usr/lib/debug/usr/share/shim/x64-16.1-2.el9/"' -DVENDOR_CERT_FILE=\"/etc/pki/sb-certs/secureboot-ca-x86_64.cer\" -DVENDOR_DBX_FILE=\"/builddir/build/SOURCES/dbx-x86.esl\" -DSBAT_AUTOMATIC_DATE=2023012900 -x c -c -o sbat_data.o /dev/null
#13 9.044 objcopy --add-section .sbat=/builddir/build/BUILD/shim-16.1/data/sbat.csv \
#13 9.044 	--set-section-flags .sbat=contents,alloc,load,readonly,data \
#13 9.044 	sbat_data.o
#13 9.063 objcopy --add-section ".sbat.navix=sbat.navix.csv" sbat_data.o
#13 9.132 gcc -std=gnu11 -ggdb -gdwarf-4 -gstrict-dwarf -ffreestanding -fmacro-prefix-map=/builddir/build/BUILD/shim-16.1/= -fno-stack-protector -fno-strict-aliasing -fpic -fshort-wchar -Os -Wall -Wextra -Wno-missing-field-initializers  -mno-mmx -mno-sse -mno-red-zone -nostdinc -maccumulate-outgoing-args  -m64 -DMDE_CPU_X64 -DPAGE_SIZE=4096 -Werror -nostdinc -I/builddir/build/BUILD/shim-16.1/Cryptlib -I/builddir/build/BUILD/shim-16.1/Cryptlib/Include -I/builddir/build/BUILD/shim-16.1/gnu-efi/inc -I/builddir/build/BUILD/shim-16.1/gnu-efi/inc/x86_64 -I/builddir/build/BUILD/shim-16.1/gnu-efi/inc/protocol -I/builddir/build/BUILD/shim-16.1/include -iquote /builddir/build/BUILD/shim-16.1 -iquote /builddir/build/BUILD/shim-16.1/build-x64 -isystem /builddir/build/BUILD/shim-16.1/include/system -isystem /usr/lib/gcc/x86_64-redhat-linux/11/include -DDEFAULT_LOADER='L"\\\\grubx64.efi"' -DDEFAULT_LOADER_CHAR='"\\\\grubx64.efi"' -DEFI_ARCH='L"x64"' -DDEBUGDIR='L"/usr/lib/debug/usr/share/shim/x64-16.1-2.el9/"' -DVENDOR_CERT_FILE=\"/etc/pki/sb-certs/secureboot-ca-x86_64.cer\" -DVENDOR_DBX_FILE=\"/builddir/build/SOURCES/dbx-x86.esl\" -DSBAT_AUTOMATIC_DATE=2023012900 -c -o sbat_var.o /builddir/build/BUILD/shim-16.1/sbat_var.S 
#13 9.253 /builddir/build/BUILD/shim-16.1/sbat_var.S: Assembler messages:
#13 9.253 /builddir/build/BUILD/shim-16.1/sbat_var.S:24: Warning: setting incorrect section attributes for .note.GNU-stack
#13 9.288 gcc -std=gnu11 -ggdb -gdwarf-4 -gstrict-dwarf -ffreestanding -fmacro-prefix-map=/builddir/build/BUILD/shim-16.1/= -fno-stack-protector -fno-strict-aliasing -fpic -fshort-wchar -Os -Wall -Wextra -Wno-missing-field-initializers  -mno-mmx -mno-sse -mno-red-zone -nostdinc -maccumulate-outgoing-args  -m64 -DMDE_CPU_X64 -DPAGE_SIZE=4096 -Werror -nostdinc -I/builddir/build/BUILD/shim-16.1/Cryptlib -I/builddir/build/BUILD/shim-16.1/Cryptlib/Include -I/builddir/build/BUILD/shim-16.1/gnu-efi/inc -I/builddir/build/BUILD/shim-16.1/gnu-efi/inc/x86_64 -I/builddir/build/BUILD/shim-16.1/gnu-efi/inc/protocol -I/builddir/build/BUILD/shim-16.1/include -iquote /builddir/build/BUILD/shim-16.1 -iquote /builddir/build/BUILD/shim-16.1/build-x64 -isystem /builddir/build/BUILD/shim-16.1/include/system -isystem /usr/lib/gcc/x86_64-redhat-linux/11/include -DDEFAULT_LOADER='L"\\\\grubx64.efi"' -DDEFAULT_LOADER_CHAR='"\\\\grubx64.efi"' -DEFI_ARCH='L"x64"' -DDEBUGDIR='L"/usr/lib/debug/usr/share/shim/x64-16.1-2.el9/"' -DVENDOR_CERT_FILE=\"/etc/pki/sb-certs/secureboot-ca-x86_64.cer\" -DVENDOR_DBX_FILE=\"/builddir/build/SOURCES/dbx-x86.esl\" -DSBAT_AUTOMATIC_DATE=2023012900   -c -o pe.o /builddir/build/BUILD/shim-16.1/pe.c
#13 10.13 gcc -std=gnu11 -ggdb -gdwarf-4 -gstrict-dwarf -ffreestanding -fmacro-prefix-map=/builddir/build/BUILD/shim-16.1/= -fno-stack-protector -fno-strict-aliasing -fpic -fshort-wchar -Os -Wall -Wextra -Wno-missing-field-initializers  -mno-mmx -mno-sse -mno-red-zone -nostdinc -maccumulate-outgoing-args  -m64 -DMDE_CPU_X64 -DPAGE_SIZE=4096 -Werror -nostdinc -I/builddir/build/BUILD/shim-16.1/Cryptlib -I/builddir/build/BUILD/shim-16.1/Cryptlib/Include -I/builddir/build/BUILD/shim-16.1/gnu-efi/inc -I/builddir/build/BUILD/shim-16.1/gnu-efi/inc/x86_64 -I/builddir/build/BUILD/shim-16.1/gnu-efi/inc/protocol -I/builddir/build/BUILD/shim-16.1/include -iquote /builddir/build/BUILD/shim-16.1 -iquote /builddir/build/BUILD/shim-16.1/build-x64 -isystem /builddir/build/BUILD/shim-16.1/include/system -isystem /usr/lib/gcc/x86_64-redhat-linux/11/include -DDEFAULT_LOADER='L"\\\\grubx64.efi"' -DDEFAULT_LOADER_CHAR='"\\\\grubx64.efi"' -DEFI_ARCH='L"x64"' -DDEBUGDIR='L"/usr/lib/debug/usr/share/shim/x64-16.1-2.el9/"' -DVENDOR_CERT_FILE=\"/etc/pki/sb-certs/secureboot-ca-x86_64.cer\" -DVENDOR_DBX_FILE=\"/builddir/build/SOURCES/dbx-x86.esl\" -DSBAT_AUTOMATIC_DATE=2023012900   -c -o pe-relocate.o /builddir/build/BUILD/shim-16.1/pe-relocate.c
#13 10.80 gcc -std=gnu11 -ggdb -gdwarf-4 -gstrict-dwarf -ffreestanding -fmacro-prefix-map=/builddir/build/BUILD/shim-16.1/= -fno-stack-protector -fno-strict-aliasing -fpic -fshort-wchar -Os -Wall -Wextra -Wno-missing-field-initializers  -mno-mmx -mno-sse -mno-red-zone -nostdinc -maccumulate-outgoing-args  -m64 -DMDE_CPU_X64 -DPAGE_SIZE=4096 -Werror -nostdinc -I/builddir/build/BUILD/shim-16.1/Cryptlib -I/builddir/build/BUILD/shim-16.1/Cryptlib/Include -I/builddir/build/BUILD/shim-16.1/gnu-efi/inc -I/builddir/build/BUILD/shim-16.1/gnu-efi/inc/x86_64 -I/builddir/build/BUILD/shim-16.1/gnu-efi/inc/protocol -I/builddir/build/BUILD/shim-16.1/include -iquote /builddir/build/BUILD/shim-16.1 -iquote /builddir/build/BUILD/shim-16.1/build-x64 -isystem /builddir/build/BUILD/shim-16.1/include/system -isystem /usr/lib/gcc/x86_64-redhat-linux/11/include -DDEFAULT_LOADER='L"\\\\grubx64.efi"' -DDEFAULT_LOADER_CHAR='"\\\\grubx64.efi"' -DEFI_ARCH='L"x64"' -DDEBUGDIR='L"/usr/lib/debug/usr/share/shim/x64-16.1-2.el9/"' -DVENDOR_CERT_FILE=\"/etc/pki/sb-certs/secureboot-ca-x86_64.cer\" -DVENDOR_DBX_FILE=\"/builddir/build/SOURCES/dbx-x86.esl\" -DSBAT_AUTOMATIC_DATE=2023012900   -c -o httpboot.o /builddir/build/BUILD/shim-16.1/httpboot.c
#13 11.48 gcc -std=gnu11 -ggdb -gdwarf-4 -gstrict-dwarf -ffreestanding -fmacro-prefix-map=/builddir/build/BUILD/shim-16.1/= -fno-stack-protector -fno-strict-aliasing -fpic -fshort-wchar -Os -Wall -Wextra -Wno-missing-field-initializers  -mno-mmx -mno-sse -mno-red-zone -nostdinc -maccumulate-outgoing-args  -m64 -DMDE_CPU_X64 -DPAGE_SIZE=4096 -Werror -nostdinc -I/builddir/build/BUILD/shim-16.1/Cryptlib -I/builddir/build/BUILD/shim-16.1/Cryptlib/Include -I/builddir/build/BUILD/shim-16.1/gnu-efi/inc -I/builddir/build/BUILD/shim-16.1/gnu-efi/inc/x86_64 -I/builddir/build/BUILD/shim-16.1/gnu-efi/inc/protocol -I/builddir/build/BUILD/shim-16.1/include -iquote /builddir/build/BUILD/shim-16.1 -iquote /builddir/build/BUILD/shim-16.1/build-x64 -isystem /builddir/build/BUILD/shim-16.1/include/system -isystem /usr/lib/gcc/x86_64-redhat-linux/11/include -DDEFAULT_LOADER='L"\\\\grubx64.efi"' -DDEFAULT_LOADER_CHAR='"\\\\grubx64.efi"' -DEFI_ARCH='L"x64"' -DDEBUGDIR='L"/usr/lib/debug/usr/share/shim/x64-16.1-2.el9/"' -DVENDOR_CERT_FILE=\"/etc/pki/sb-certs/secureboot-ca-x86_64.cer\" -DVENDOR_DBX_FILE=\"/builddir/build/SOURCES/dbx-x86.esl\" -DSBAT_AUTOMATIC_DATE=2023012900   -c -o csv.o /builddir/build/BUILD/shim-16.1/csv.c
#13 12.03 gcc -std=gnu11 -ggdb -gdwarf-4 -gstrict-dwarf -ffreestanding -fmacro-prefix-map=/builddir/build/BUILD/shim-16.1/= -fno-stack-protector -fno-strict-aliasing -fpic -fshort-wchar -Os -Wall -Wextra -Wno-missing-field-initializers  -mno-mmx -mno-sse -mno-red-zone -nostdinc -maccumulate-outgoing-args  -m64 -DMDE_CPU_X64 -DPAGE_SIZE=4096 -Werror -nostdinc -I/builddir/build/BUILD/shim-16.1/Cryptlib -I/builddir/build/BUILD/shim-16.1/Cryptlib/Include -I/builddir/build/BUILD/shim-16.1/gnu-efi/inc -I/builddir/build/BUILD/shim-16.1/gnu-efi/inc/x86_64 -I/builddir/build/BUILD/shim-16.1/gnu-efi/inc/protocol -I/builddir/build/BUILD/shim-16.1/include -iquote /builddir/build/BUILD/shim-16.1 -iquote /builddir/build/BUILD/shim-16.1/build-x64 -isystem /builddir/build/BUILD/shim-16.1/include/system -isystem /usr/lib/gcc/x86_64-redhat-linux/11/include -DDEFAULT_LOADER='L"\\\\grubx64.efi"' -DDEFAULT_LOADER_CHAR='"\\\\grubx64.efi"' -DEFI_ARCH='L"x64"' -DDEBUGDIR='L"/usr/lib/debug/usr/share/shim/x64-16.1-2.el9/"' -DVENDOR_CERT_FILE=\"/etc/pki/sb-certs/secureboot-ca-x86_64.cer\" -DVENDOR_DBX_FILE=\"/builddir/build/SOURCES/dbx-x86.esl\" -DSBAT_AUTOMATIC_DATE=2023012900   -c -o load-options.o /builddir/build/BUILD/shim-16.1/load-options.c
#13 12.68 gcc -std=gnu11 -ggdb -gdwarf-4 -gstrict-dwarf -ffreestanding -fmacro-prefix-map=/builddir/build/BUILD/shim-16.1/= -fno-stack-protector -fno-strict-aliasing -fpic -fshort-wchar -Os -Wall -Wextra -Wno-missing-field-initializers  -mno-mmx -mno-sse -mno-red-zone -nostdinc -maccumulate-outgoing-args  -m64 -DMDE_CPU_X64 -DPAGE_SIZE=4096 -Werror -nostdinc -I/builddir/build/BUILD/shim-16.1/Cryptlib -I/builddir/build/BUILD/shim-16.1/Cryptlib/Include -I/builddir/build/BUILD/shim-16.1/gnu-efi/inc -I/builddir/build/BUILD/shim-16.1/gnu-efi/inc/x86_64 -I/builddir/build/BUILD/shim-16.1/gnu-efi/inc/protocol -I/builddir/build/BUILD/shim-16.1/include -iquote /builddir/build/BUILD/shim-16.1 -iquote /builddir/build/BUILD/shim-16.1/build-x64 -isystem /builddir/build/BUILD/shim-16.1/include/system -isystem /usr/lib/gcc/x86_64-redhat-linux/11/include -DDEFAULT_LOADER='L"\\\\grubx64.efi"' -DDEFAULT_LOADER_CHAR='"\\\\grubx64.efi"' -DEFI_ARCH='L"x64"' -DDEBUGDIR='L"/usr/lib/debug/usr/share/shim/x64-16.1-2.el9/"' -DVENDOR_CERT_FILE=\"/etc/pki/sb-certs/secureboot-ca-x86_64.cer\" -DVENDOR_DBX_FILE=\"/builddir/build/SOURCES/dbx-x86.esl\" -DSBAT_AUTOMATIC_DATE=2023012900   -c -o utils.o /builddir/build/BUILD/shim-16.1/utils.c
#13 13.14 gcc -std=gnu11 -ggdb -gdwarf-4 -gstrict-dwarf -ffreestanding -fmacro-prefix-map=/builddir/build/BUILD/shim-16.1/= -fno-stack-protector -fno-strict-aliasing -fpic -fshort-wchar -Os -Wall -Wextra -Wno-missing-field-initializers  -mno-mmx -mno-sse -mno-red-zone -nostdinc -maccumulate-outgoing-args  -m64 -DMDE_CPU_X64 -DPAGE_SIZE=4096 -Werror -nostdinc -I/builddir/build/BUILD/shim-16.1/Cryptlib -I/builddir/build/BUILD/shim-16.1/Cryptlib/Include -I/builddir/build/BUILD/shim-16.1/gnu-efi/inc -I/builddir/build/BUILD/shim-16.1/gnu-efi/inc/x86_64 -I/builddir/build/BUILD/shim-16.1/gnu-efi/inc/protocol -I/builddir/build/BUILD/shim-16.1/include -iquote /builddir/build/BUILD/shim-16.1 -iquote /builddir/build/BUILD/shim-16.1/build-x64 -isystem /builddir/build/BUILD/shim-16.1/include/system -isystem /usr/lib/gcc/x86_64-redhat-linux/11/include -DDEFAULT_LOADER='L"\\\\grubx64.efi"' -DDEFAULT_LOADER_CHAR='"\\\\grubx64.efi"' -DEFI_ARCH='L"x64"' -DDEBUGDIR='L"/usr/lib/debug/usr/share/shim/x64-16.1-2.el9/"' -DVENDOR_CERT_FILE=\"/etc/pki/sb-certs/secureboot-ca-x86_64.cer\" -DVENDOR_DBX_FILE=\"/builddir/build/SOURCES/dbx-x86.esl\" -DSBAT_AUTOMATIC_DATE=2023012900   -c -o verify.o /builddir/build/BUILD/shim-16.1/verify.c
#13 13.89 for i in Hash Hmac Cipher Rand Pk Pem SysCall; do mkdir -p Cryptlib/$i; done
#13 14.05 make TOPDIR=/builddir/build/BUILD/shim-16.1 VPATH=/builddir/build/BUILD/shim-16.1/Cryptlib -C Cryptlib -f /builddir/build/BUILD/shim-16.1/Cryptlib/Makefile 
#13 14.08 make[1]: Entering directory '/builddir/build/BUILD/shim-16.1/build-x64/Cryptlib'
#13 14.09 gcc -std=gnu11 -ggdb -gdwarf-4 -gstrict-dwarf -ffreestanding -fmacro-prefix-map=/builddir/build/BUILD/shim-16.1/= -fno-stack-protector -fno-strict-aliasing -fpic -fshort-wchar -nostdinc -m64 -mno-mmx -mno-sse -mno-red-zone -maccumulate-outgoing-args -Os -Wall -Wextra -Wno-missing-field-initializers -Wno-unused-parameter -Wno-unused-but-set-variable -Werror -Wno-error=unused-but-set-variable -Wno-error=unused-parameter -I/builddir/build/BUILD/shim-16.1/Cryptlib -I/builddir/build/BUILD/shim-16.1/Cryptlib/Include -I/builddir/build/BUILD/shim-16.1/gnu-efi/inc -I/builddir/build/BUILD/shim-16.1/gnu-efi/inc/x86_64 -I/builddir/build/BUILD/shim-16.1/gnu-efi/inc/protocol -isystem /builddir/build/BUILD/shim-16.1/include/system -isystem /usr/lib/gcc/x86_64-redhat-linux/11/include -DDEFAULT_LOADER='L"\\\\grubx64.efi"' -DDEFAULT_LOADER_CHAR='"\\\\grubx64.efi"' -DEFI_ARCH='L"x64"' -DDEBUGDIR='L"/usr/lib/debug/usr/share/shim/x64-16.1-2.el9/"' -DVENDOR_CERT_FILE=\"/etc/pki/sb-certs/secureboot-ca-x86_64.cer\" -DVENDOR_DBX_FILE=\"/builddir/build/SOURCES/dbx-x86.esl\" -DSBAT_AUTOMATIC_DATE=2023012900 -DMDE_CPU_X64   -c -o Hash/CryptMd4Null.o /builddir/build/BUILD/shim-16.1/Cryptlib/Hash/CryptMd4Null.c
#13 14.37 gcc -std=gnu11 -ggdb -gdwarf-4 -gstrict-dwarf -ffreestanding -fmacro-prefix-map=/builddir/build/BUILD/shim-16.1/= -fno-stack-protector -fno-strict-aliasing -fpic -fshort-wchar -nostdinc -m64 -mno-mmx -mno-sse -mno-red-zone -maccumulate-outgoing-args -Os -Wall -Wextra -Wno-missing-field-initializers -Wno-unused-parameter -Wno-unused-but-set-variable -Werror -Wno-error=unused-but-set-variable -Wno-error=unused-parameter -I/builddir/build/BUILD/shim-16.1/Cryptlib -I/builddir/build/BUILD/shim-16.1/Cryptlib/Include -I/builddir/build/BUILD/shim-16.1/gnu-efi/inc -I/builddir/build/BUILD/shim-16.1/gnu-efi/inc/x86_64 -I/builddir/build/BUILD/shim-16.1/gnu-efi/inc/protocol -isystem /builddir/build/BUILD/shim-16.1/include/system -isystem /usr/lib/gcc/x86_64-redhat-linux/11/include -DDEFAULT_LOADER='L"\\\\grubx64.efi"' -DDEFAULT_LOADER_CHAR='"\\\\grubx64.efi"' -DEFI_ARCH='L"x64"' -DDEBUGDIR='L"/usr/lib/debug/usr/share/shim/x64-16.1-2.el9/"' -DVENDOR_CERT_FILE=\"/etc/pki/sb-certs/secureboot-ca-x86_64.cer\" -DVENDOR_DBX_FILE=\"/builddir/build/SOURCES/dbx-x86.esl\" -DSBAT_AUTOMATIC_DATE=2023012900 -DMDE_CPU_X64   -c -o Hash/CryptMd5.o /builddir/build/BUILD/shim-16.1/Cryptlib/Hash/CryptMd5.c
#13 14.73 gcc -std=gnu11 -ggdb -gdwarf-4 -gstrict-dwarf -ffreestanding -fmacro-prefix-map=/builddir/build/BUILD/shim-16.1/= -fno-stack-protector -fno-strict-aliasing -fpic -fshort-wchar -nostdinc -m64 -mno-mmx -mno-sse -mno-red-zone -maccumulate-outgoing-args -Os -Wall -Wextra -Wno-missing-field-initializers -Wno-unused-parameter -Wno-unused-but-set-variable -Werror -Wno-error=unused-but-set-variable -Wno-error=unused-parameter -I/builddir/build/BUILD/shim-16.1/Cryptlib -I/builddir/build/BUILD/shim-16.1/Cryptlib/Include -I/builddir/build/BUILD/shim-16.1/gnu-efi/inc -I/builddir/build/BUILD/shim-16.1/gnu-efi/inc/x86_64 -I/builddir/build/BUILD/shim-16.1/gnu-efi/inc/protocol -isystem /builddir/build/BUILD/shim-16.1/include/system -isystem /usr/lib/gcc/x86_64-redhat-linux/11/include -DDEFAULT_LOADER='L"\\\\grubx64.efi"' -DDEFAULT_LOADER_CHAR='"\\\\grubx64.efi"' -DEFI_ARCH='L"x64"' -DDEBUGDIR='L"/usr/lib/debug/usr/share/shim/x64-16.1-2.el9/"' -DVENDOR_CERT_FILE=\"/etc/pki/sb-certs/secureboot-ca-x86_64.cer\" -DVENDOR_DBX_FILE=\"/builddir/build/SOURCES/dbx-x86.esl\" -DSBAT_AUTOMATIC_DATE=2023012900 -DMDE_CPU_X64   -c -o Hash/CryptSha1.o /builddir/build/BUILD/shim-16.1/Cryptlib/Hash/CryptSha1.c
#13 15.08 gcc -std=gnu11 -ggdb -gdwarf-4 -gstrict-dwarf -ffreestanding -fmacro-prefix-map=/builddir/build/BUILD/shim-16.1/= -fno-stack-protector -fno-strict-aliasing -fpic -fshort-wchar -nostdinc -m64 -mno-mmx -mno-sse -mno-red-zone -maccumulate-outgoing-args -Os -Wall -Wextra -Wno-missing-field-initializers -Wno-unused-parameter -Wno-unused-but-set-variable -Werror -Wno-error=unused-but-set-variable -Wno-error=unused-parameter -I/builddir/build/BUILD/shim-16.1/Cryptlib -I/builddir/build/BUILD/shim-16.1/Cryptlib/Include -I/builddir/build/BUILD/shim-16.1/gnu-efi/inc -I/builddir/build/BUILD/shim-16.1/gnu-efi/inc/x86_64 -I/builddir/build/BUILD/shim-16.1/gnu-efi/inc/protocol -isystem /builddir/build/BUILD/shim-16.1/include/system -isystem /usr/lib/gcc/x86_64-redhat-linux/11/include -DDEFAULT_LOADER='L"\\\\grubx64.efi"' -DDEFAULT_LOADER_CHAR='"\\\\grubx64.efi"' -DEFI_ARCH='L"x64"' -DDEBUGDIR='L"/usr/lib/debug/usr/share/shim/x64-16.1-2.el9/"' -DVENDOR_CERT_FILE=\"/etc/pki/sb-certs/secureboot-ca-x86_64.cer\" -DVENDOR_DBX_FILE=\"/builddir/build/SOURCES/dbx-x86.esl\" -DSBAT_AUTOMATIC_DATE=2023012900 -DMDE_CPU_X64   -c -o Hash/CryptSha256.o /builddir/build/BUILD/shim-16.1/Cryptlib/Hash/CryptSha256.c
#13 15.43 gcc -std=gnu11 -ggdb -gdwarf-4 -gstrict-dwarf -ffreestanding -fmacro-prefix-map=/builddir/build/BUILD/shim-16.1/= -fno-stack-protector -fno-strict-aliasing -fpic -fshort-wchar -nostdinc -m64 -mno-mmx -mno-sse -mno-red-zone -maccumulate-outgoing-args -Os -Wall -Wextra -Wno-missing-field-initializers -Wno-unused-parameter -Wno-unused-but-set-variable -Werror -Wno-error=unused-but-set-variable -Wno-error=unused-parameter -I/builddir/build/BUILD/shim-16.1/Cryptlib -I/builddir/build/BUILD/shim-16.1/Cryptlib/Include -I/builddir/build/BUILD/shim-16.1/gnu-efi/inc -I/builddir/build/BUILD/shim-16.1/gnu-efi/inc/x86_64 -I/builddir/build/BUILD/shim-16.1/gnu-efi/inc/protocol -isystem /builddir/build/BUILD/shim-16.1/include/system -isystem /usr/lib/gcc/x86_64-redhat-linux/11/include -DDEFAULT_LOADER='L"\\\\grubx64.efi"' -DDEFAULT_LOADER_CHAR='"\\\\grubx64.efi"' -DEFI_ARCH='L"x64"' -DDEBUGDIR='L"/usr/lib/debug/usr/share/shim/x64-16.1-2.el9/"' -DVENDOR_CERT_FILE=\"/etc/pki/sb-certs/secureboot-ca-x86_64.cer\" -DVENDOR_DBX_FILE=\"/builddir/build/SOURCES/dbx-x86.esl\" -DSBAT_AUTOMATIC_DATE=2023012900 -DMDE_CPU_X64   -c -o Hash/CryptSha512.o /builddir/build/BUILD/shim-16.1/Cryptlib/Hash/CryptSha512.c
#13 15.80 gcc -std=gnu11 -ggdb -gdwarf-4 -gstrict-dwarf -ffreestanding -fmacro-prefix-map=/builddir/build/BUILD/shim-16.1/= -fno-stack-protector -fno-strict-aliasing -fpic -fshort-wchar -nostdinc -m64 -mno-mmx -mno-sse -mno-red-zone -maccumulate-outgoing-args -Os -Wall -Wextra -Wno-missing-field-initializers -Wno-unused-parameter -Wno-unused-but-set-variable -Werror -Wno-error=unused-but-set-variable -Wno-error=unused-parameter -I/builddir/build/BUILD/shim-16.1/Cryptlib -I/builddir/build/BUILD/shim-16.1/Cryptlib/Include -I/builddir/build/BUILD/shim-16.1/gnu-efi/inc -I/builddir/build/BUILD/shim-16.1/gnu-efi/inc/x86_64 -I/builddir/build/BUILD/shim-16.1/gnu-efi/inc/protocol -isystem /builddir/build/BUILD/shim-16.1/include/system -isystem /usr/lib/gcc/x86_64-redhat-linux/11/include -DDEFAULT_LOADER='L"\\\\grubx64.efi"' -DDEFAULT_LOADER_CHAR='"\\\\grubx64.efi"' -DEFI_ARCH='L"x64"' -DDEBUGDIR='L"/usr/lib/debug/usr/share/shim/x64-16.1-2.el9/"' -DVENDOR_CERT_FILE=\"/etc/pki/sb-certs/secureboot-ca-x86_64.cer\" -DVENDOR_DBX_FILE=\"/builddir/build/SOURCES/dbx-x86.esl\" -DSBAT_AUTOMATIC_DATE=2023012900 -DMDE_CPU_X64   -c -o Hmac/CryptHmacMd5Null.o /builddir/build/BUILD/shim-16.1/Cryptlib/Hmac/CryptHmacMd5Null.c
#13 16.08 gcc -std=gnu11 -ggdb -gdwarf-4 -gstrict-dwarf -ffreestanding -fmacro-prefix-map=/builddir/build/BUILD/shim-16.1/= -fno-stack-protector -fno-strict-aliasing -fpic -fshort-wchar -nostdinc -m64 -mno-mmx -mno-sse -mno-red-zone -maccumulate-outgoing-args -Os -Wall -Wextra -Wno-missing-field-initializers -Wno-unused-parameter -Wno-unused-but-set-variable -Werror -Wno-error=unused-but-set-variable -Wno-error=unused-parameter -I/builddir/build/BUILD/shim-16.1/Cryptlib -I/builddir/build/BUILD/shim-16.1/Cryptlib/Include -I/builddir/build/BUILD/shim-16.1/gnu-efi/inc -I/builddir/build/BUILD/shim-16.1/gnu-efi/inc/x86_64 -I/builddir/build/BUILD/shim-16.1/gnu-efi/inc/protocol -isystem /builddir/build/BUILD/shim-16.1/include/system -isystem /usr/lib/gcc/x86_64-redhat-linux/11/include -DDEFAULT_LOADER='L"\\\\grubx64.efi"' -DDEFAULT_LOADER_CHAR='"\\\\grubx64.efi"' -DEFI_ARCH='L"x64"' -DDEBUGDIR='L"/usr/lib/debug/usr/share/shim/x64-16.1-2.el9/"' -DVENDOR_CERT_FILE=\"/etc/pki/sb-certs/secureboot-ca-x86_64.cer\" -DVENDOR_DBX_FILE=\"/builddir/build/SOURCES/dbx-x86.esl\" -DSBAT_AUTOMATIC_DATE=2023012900 -DMDE_CPU_X64   -c -o Hmac/CryptHmacSha1Null.o /builddir/build/BUILD/shim-16.1/Cryptlib/Hmac/CryptHmacSha1Null.c
#13 16.35 gcc -std=gnu11 -ggdb -gdwarf-4 -gstrict-dwarf -ffreestanding -fmacro-prefix-map=/builddir/build/BUILD/shim-16.1/= -fno-stack-protector -fno-strict-aliasing -fpic -fshort-wchar -nostdinc -m64 -mno-mmx -mno-sse -mno-red-zone -maccumulate-outgoing-args -Os -Wall -Wextra -Wno-missing-field-initializers -Wno-unused-parameter -Wno-unused-but-set-variable -Werror -Wno-error=unused-but-set-variable -Wno-error=unused-parameter -I/builddir/build/BUILD/shim-16.1/Cryptlib -I/builddir/build/BUILD/shim-16.1/Cryptlib/Include -I/builddir/build/BUILD/shim-16.1/gnu-efi/inc -I/builddir/build/BUILD/shim-16.1/gnu-efi/inc/x86_64 -I/builddir/build/BUILD/shim-16.1/gnu-efi/inc/protocol -isystem /builddir/build/BUILD/shim-16.1/include/system -isystem /usr/lib/gcc/x86_64-redhat-linux/11/include -DDEFAULT_LOADER='L"\\\\grubx64.efi"' -DDEFAULT_LOADER_CHAR='"\\\\grubx64.efi"' -DEFI_ARCH='L"x64"' -DDEBUGDIR='L"/usr/lib/debug/usr/share/shim/x64-16.1-2.el9/"' -DVENDOR_CERT_FILE=\"/etc/pki/sb-certs/secureboot-ca-x86_64.cer\" -DVENDOR_DBX_FILE=\"/builddir/build/SOURCES/dbx-x86.esl\" -DSBAT_AUTOMATIC_DATE=2023012900 -DMDE_CPU_X64   -c -o Hmac/CryptHmacSha256Null.o /builddir/build/BUILD/shim-16.1/Cryptlib/Hmac/CryptHmacSha256Null.c
#13 16.63 gcc -std=gnu11 -ggdb -gdwarf-4 -gstrict-dwarf -ffreestanding -fmacro-prefix-map=/builddir/build/BUILD/shim-16.1/= -fno-stack-protector -fno-strict-aliasing -fpic -fshort-wchar -nostdinc -m64 -mno-mmx -mno-sse -mno-red-zone -maccumulate-outgoing-args -Os -Wall -Wextra -Wno-missing-field-initializers -Wno-unused-parameter -Wno-unused-but-set-variable -Werror -Wno-error=unused-but-set-variable -Wno-error=unused-parameter -I/builddir/build/BUILD/shim-16.1/Cryptlib -I/builddir/build/BUILD/shim-16.1/Cryptlib/Include -I/builddir/build/BUILD/shim-16.1/gnu-efi/inc -I/builddir/build/BUILD/shim-16.1/gnu-efi/inc/x86_64 -I/builddir/build/BUILD/shim-16.1/gnu-efi/inc/protocol -isystem /builddir/build/BUILD/shim-16.1/include/system -isystem /usr/lib/gcc/x86_64-redhat-linux/11/include -DDEFAULT_LOADER='L"\\\\grubx64.efi"' -DDEFAULT_LOADER_CHAR='"\\\\grubx64.efi"' -DEFI_ARCH='L"x64"' -DDEBUGDIR='L"/usr/lib/debug/usr/share/shim/x64-16.1-2.el9/"' -DVENDOR_CERT_FILE=\"/etc/pki/sb-certs/secureboot-ca-x86_64.cer\" -DVENDOR_DBX_FILE=\"/builddir/build/SOURCES/dbx-x86.esl\" -DSBAT_AUTOMATIC_DATE=2023012900 -DMDE_CPU_X64   -c -o Cipher/CryptAesNull.o /builddir/build/BUILD/shim-16.1/Cryptlib/Cipher/CryptAesNull.c
#13 16.91 gcc -std=gnu11 -ggdb -gdwarf-4 -gstrict-dwarf -ffreestanding -fmacro-prefix-map=/builddir/build/BUILD/shim-16.1/= -fno-stack-protector -fno-strict-aliasing -fpic -fshort-wchar -nostdinc -m64 -mno-mmx -mno-sse -mno-red-zone -maccumulate-outgoing-args -Os -Wall -Wextra -Wno-missing-field-initializers -Wno-unused-parameter -Wno-unused-but-set-variable -Werror -Wno-error=unused-but-set-variable -Wno-error=unused-parameter -I/builddir/build/BUILD/shim-16.1/Cryptlib -I/builddir/build/BUILD/shim-16.1/Cryptlib/Include -I/builddir/build/BUILD/shim-16.1/gnu-efi/inc -I/builddir/build/BUILD/shim-16.1/gnu-efi/inc/x86_64 -I/builddir/build/BUILD/shim-16.1/gnu-efi/inc/protocol -isystem /builddir/build/BUILD/shim-16.1/include/system -isystem /usr/lib/gcc/x86_64-redhat-linux/11/include -DDEFAULT_LOADER='L"\\\\grubx64.efi"' -DDEFAULT_LOADER_CHAR='"\\\\grubx64.efi"' -DEFI_ARCH='L"x64"' -DDEBUGDIR='L"/usr/lib/debug/usr/share/shim/x64-16.1-2.el9/"' -DVENDOR_CERT_FILE=\"/etc/pki/sb-certs/secureboot-ca-x86_64.cer\" -DVENDOR_DBX_FILE=\"/builddir/build/SOURCES/dbx-x86.esl\" -DSBAT_AUTOMATIC_DATE=2023012900 -DMDE_CPU_X64   -c -o Cipher/CryptTdesNull.o /builddir/build/BUILD/shim-16.1/Cryptlib/Cipher/CryptTdesNull.c
#13 17.19 gcc -std=gnu11 -ggdb -gdwarf-4 -gstrict-dwarf -ffreestanding -fmacro-prefix-map=/builddir/build/BUILD/shim-16.1/= -fno-stack-protector -fno-strict-aliasing -fpic -fshort-wchar -nostdinc -m64 -mno-mmx -mno-sse -mno-red-zone -maccumulate-outgoing-args -Os -Wall -Wextra -Wno-missing-field-initializers -Wno-unused-parameter -Wno-unused-but-set-variable -Werror -Wno-error=unused-but-set-variable -Wno-error=unused-parameter -I/builddir/build/BUILD/shim-16.1/Cryptlib -I/builddir/build/BUILD/shim-16.1/Cryptlib/Include -I/builddir/build/BUILD/shim-16.1/gnu-efi/inc -I/builddir/build/BUILD/shim-16.1/gnu-efi/inc/x86_64 -I/builddir/build/BUILD/shim-16.1/gnu-efi/inc/protocol -isystem /builddir/build/BUILD/shim-16.1/include/system -isystem /usr/lib/gcc/x86_64-redhat-linux/11/include -DDEFAULT_LOADER='L"\\\\grubx64.efi"' -DDEFAULT_LOADER_CHAR='"\\\\grubx64.efi"' -DEFI_ARCH='L"x64"' -DDEBUGDIR='L"/usr/lib/debug/usr/share/shim/x64-16.1-2.el9/"' -DVENDOR_CERT_FILE=\"/etc/pki/sb-certs/secureboot-ca-x86_64.cer\" -DVENDOR_DBX_FILE=\"/builddir/build/SOURCES/dbx-x86.esl\" -DSBAT_AUTOMATIC_DATE=2023012900 -DMDE_CPU_X64   -c -o Cipher/CryptArc4Null.o /builddir/build/BUILD/shim-16.1/Cryptlib/Cipher/CryptArc4Null.c
#13 17.48 gcc -std=gnu11 -ggdb -gdwarf-4 -gstrict-dwarf -ffreestanding -fmacro-prefix-map=/builddir/build/BUILD/shim-16.1/= -fno-stack-protector -fno-strict-aliasing -fpic -fshort-wchar -nostdinc -m64 -mno-mmx -mno-sse -mno-red-zone -maccumulate-outgoing-args -Os -Wall -Wextra -Wno-missing-field-initializers -Wno-unused-parameter -Wno-unused-but-set-variable -Werror -Wno-error=unused-but-set-variable -Wno-error=unused-parameter -I/builddir/build/BUILD/shim-16.1/Cryptlib -I/builddir/build/BUILD/shim-16.1/Cryptlib/Include -I/builddir/build/BUILD/shim-16.1/gnu-efi/inc -I/builddir/build/BUILD/shim-16.1/gnu-efi/inc/x86_64 -I/builddir/build/BUILD/shim-16.1/gnu-efi/inc/protocol -isystem /builddir/build/BUILD/shim-16.1/include/system -isystem /usr/lib/gcc/x86_64-redhat-linux/11/include -DDEFAULT_LOADER='L"\\\\grubx64.efi"' -DDEFAULT_LOADER_CHAR='"\\\\grubx64.efi"' -DEFI_ARCH='L"x64"' -DDEBUGDIR='L"/usr/lib/debug/usr/share/shim/x64-16.1-2.el9/"' -DVENDOR_CERT_FILE=\"/etc/pki/sb-certs/secureboot-ca-x86_64.cer\" -DVENDOR_DBX_FILE=\"/builddir/build/SOURCES/dbx-x86.esl\" -DSBAT_AUTOMATIC_DATE=2023012900 -DMDE_CPU_X64   -c -o Rand/CryptRand.o /builddir/build/BUILD/shim-16.1/Cryptlib/Rand/CryptRand.c
#13 17.86 gcc -std=gnu11 -ggdb -gdwarf-4 -gstrict-dwarf -ffreestanding -fmacro-prefix-map=/builddir/build/BUILD/shim-16.1/= -fno-stack-protector -fno-strict-aliasing -fpic -fshort-wchar -nostdinc -m64 -mno-mmx -mno-sse -mno-red-zone -maccumulate-outgoing-args -Os -Wall -Wextra -Wno-missing-field-initializers -Wno-unused-parameter -Wno-unused-but-set-variable -Werror -Wno-error=unused-but-set-variable -Wno-error=unused-parameter -I/builddir/build/BUILD/shim-16.1/Cryptlib -I/builddir/build/BUILD/shim-16.1/Cryptlib/Include -I/builddir/build/BUILD/shim-16.1/gnu-efi/inc -I/builddir/build/BUILD/shim-16.1/gnu-efi/inc/x86_64 -I/builddir/build/BUILD/shim-16.1/gnu-efi/inc/protocol -isystem /builddir/build/BUILD/shim-16.1/include/system -isystem /usr/lib/gcc/x86_64-redhat-linux/11/include -DDEFAULT_LOADER='L"\\\\grubx64.efi"' -DDEFAULT_LOADER_CHAR='"\\\\grubx64.efi"' -DEFI_ARCH='L"x64"' -DDEBUGDIR='L"/usr/lib/debug/usr/share/shim/x64-16.1-2.el9/"' -DVENDOR_CERT_FILE=\"/etc/pki/sb-certs/secureboot-ca-x86_64.cer\" -DVENDOR_DBX_FILE=\"/builddir/build/SOURCES/dbx-x86.esl\" -DSBAT_AUTOMATIC_DATE=2023012900 -DMDE_CPU_X64   -c -o Pk/CryptRsaBasic.o /builddir/build/BUILD/shim-16.1/Cryptlib/Pk/CryptRsaBasic.c
#13 18.28 gcc -std=gnu11 -ggdb -gdwarf-4 -gstrict-dwarf -ffreestanding -fmacro-prefix-map=/builddir/build/BUILD/shim-16.1/= -fno-stack-protector -fno-strict-aliasing -fpic -fshort-wchar -nostdinc -m64 -mno-mmx -mno-sse -mno-red-zone -maccumulate-outgoing-args -Os -Wall -Wextra -Wno-missing-field-initializers -Wno-unused-parameter -Wno-unused-but-set-variable -Werror -Wno-error=unused-but-set-variable -Wno-error=unused-parameter -I/builddir/build/BUILD/shim-16.1/Cryptlib -I/builddir/build/BUILD/shim-16.1/Cryptlib/Include -I/builddir/build/BUILD/shim-16.1/gnu-efi/inc -I/builddir/build/BUILD/shim-16.1/gnu-efi/inc/x86_64 -I/builddir/build/BUILD/shim-16.1/gnu-efi/inc/protocol -isystem /builddir/build/BUILD/shim-16.1/include/system -isystem /usr/lib/gcc/x86_64-redhat-linux/11/include -DDEFAULT_LOADER='L"\\\\grubx64.efi"' -DDEFAULT_LOADER_CHAR='"\\\\grubx64.efi"' -DEFI_ARCH='L"x64"' -DDEBUGDIR='L"/usr/lib/debug/usr/share/shim/x64-16.1-2.el9/"' -DVENDOR_CERT_FILE=\"/etc/pki/sb-certs/secureboot-ca-x86_64.cer\" -DVENDOR_DBX_FILE=\"/builddir/build/SOURCES/dbx-x86.esl\" -DSBAT_AUTOMATIC_DATE=2023012900 -DMDE_CPU_X64   -c -o Pk/CryptRsaExtNull.o /builddir/build/BUILD/shim-16.1/Cryptlib/Pk/CryptRsaExtNull.c
#13 18.54 gcc -std=gnu11 -ggdb -gdwarf-4 -gstrict-dwarf -ffreestanding -fmacro-prefix-map=/builddir/build/BUILD/shim-16.1/= -fno-stack-protector -fno-strict-aliasing -fpic -fshort-wchar -nostdinc -m64 -mno-mmx -mno-sse -mno-red-zone -maccumulate-outgoing-args -Os -Wall -Wextra -Wno-missing-field-initializers -Wno-unused-parameter -Wno-unused-but-set-variable -Werror -Wno-error=unused-but-set-variable -Wno-error=unused-parameter -I/builddir/build/BUILD/shim-16.1/Cryptlib -I/builddir/build/BUILD/shim-16.1/Cryptlib/Include -I/builddir/build/BUILD/shim-16.1/gnu-efi/inc -I/builddir/build/BUILD/shim-16.1/gnu-efi/inc/x86_64 -I/builddir/build/BUILD/shim-16.1/gnu-efi/inc/protocol -isystem /builddir/build/BUILD/shim-16.1/include/system -isystem /usr/lib/gcc/x86_64-redhat-linux/11/include -DDEFAULT_LOADER='L"\\\\grubx64.efi"' -DDEFAULT_LOADER_CHAR='"\\\\grubx64.efi"' -DEFI_ARCH='L"x64"' -DDEBUGDIR='L"/usr/lib/debug/usr/share/shim/x64-16.1-2.el9/"' -DVENDOR_CERT_FILE=\"/etc/pki/sb-certs/secureboot-ca-x86_64.cer\" -DVENDOR_DBX_FILE=\"/builddir/build/SOURCES/dbx-x86.esl\" -DSBAT_AUTOMATIC_DATE=2023012900 -DMDE_CPU_X64   -c -o Pk/CryptPkcs7SignNull.o /builddir/build/BUILD/shim-16.1/Cryptlib/Pk/CryptPkcs7SignNull.c
#13 18.80 gcc -std=gnu11 -ggdb -gdwarf-4 -gstrict-dwarf -ffreestanding -fmacro-prefix-map=/builddir/build/BUILD/shim-16.1/= -fno-stack-protector -fno-strict-aliasing -fpic -fshort-wchar -nostdinc -m64 -mno-mmx -mno-sse -mno-red-zone -maccumulate-outgoing-args -Os -Wall -Wextra -Wno-missing-field-initializers -Wno-unused-parameter -Wno-unused-but-set-variable -Werror -Wno-error=unused-but-set-variable -Wno-error=unused-parameter -I/builddir/build/BUILD/shim-16.1/Cryptlib -I/builddir/build/BUILD/shim-16.1/Cryptlib/Include -I/builddir/build/BUILD/shim-16.1/gnu-efi/inc -I/builddir/build/BUILD/shim-16.1/gnu-efi/inc/x86_64 -I/builddir/build/BUILD/shim-16.1/gnu-efi/inc/protocol -isystem /builddir/build/BUILD/shim-16.1/include/system -isystem /usr/lib/gcc/x86_64-redhat-linux/11/include -DDEFAULT_LOADER='L"\\\\grubx64.efi"' -DDEFAULT_LOADER_CHAR='"\\\\grubx64.efi"' -DEFI_ARCH='L"x64"' -DDEBUGDIR='L"/usr/lib/debug/usr/share/shim/x64-16.1-2.el9/"' -DVENDOR_CERT_FILE=\"/etc/pki/sb-certs/secureboot-ca-x86_64.cer\" -DVENDOR_DBX_FILE=\"/builddir/build/SOURCES/dbx-x86.esl\" -DSBAT_AUTOMATIC_DATE=2023012900 -DMDE_CPU_X64   -c -o Pk/CryptPkcs7Verify.o /builddir/build/BUILD/shim-16.1/Cryptlib/Pk/CryptPkcs7Verify.c
#13 19.39 gcc -std=gnu11 -ggdb -gdwarf-4 -gstrict-dwarf -ffreestanding -fmacro-prefix-map=/builddir/build/BUILD/shim-16.1/= -fno-stack-protector -fno-strict-aliasing -fpic -fshort-wchar -nostdinc -m64 -mno-mmx -mno-sse -mno-red-zone -maccumulate-outgoing-args -Os -Wall -Wextra -Wno-missing-field-initializers -Wno-unused-parameter -Wno-unused-but-set-variable -Werror -Wno-error=unused-but-set-variable -Wno-error=unused-parameter -I/builddir/build/BUILD/shim-16.1/Cryptlib -I/builddir/build/BUILD/shim-16.1/Cryptlib/Include -I/builddir/build/BUILD/shim-16.1/gnu-efi/inc -I/builddir/build/BUILD/shim-16.1/gnu-efi/inc/x86_64 -I/builddir/build/BUILD/shim-16.1/gnu-efi/inc/protocol -isystem /builddir/build/BUILD/shim-16.1/include/system -isystem /usr/lib/gcc/x86_64-redhat-linux/11/include -DDEFAULT_LOADER='L"\\\\grubx64.efi"' -DDEFAULT_LOADER_CHAR='"\\\\grubx64.efi"' -DEFI_ARCH='L"x64"' -DDEBUGDIR='L"/usr/lib/debug/usr/share/shim/x64-16.1-2.el9/"' -DVENDOR_CERT_FILE=\"/etc/pki/sb-certs/secureboot-ca-x86_64.cer\" -DVENDOR_DBX_FILE=\"/builddir/build/SOURCES/dbx-x86.esl\" -DSBAT_AUTOMATIC_DATE=2023012900 -DMDE_CPU_X64   -c -o Pk/CryptDhNull.o /builddir/build/BUILD/shim-16.1/Cryptlib/Pk/CryptDhNull.c
#13 19.68 gcc -std=gnu11 -ggdb -gdwarf-4 -gstrict-dwarf -ffreestanding -fmacro-prefix-map=/builddir/build/BUILD/shim-16.1/= -fno-stack-protector -fno-strict-aliasing -fpic -fshort-wchar -nostdinc -m64 -mno-mmx -mno-sse -mno-red-zone -maccumulate-outgoing-args -Os -Wall -Wextra -Wno-missing-field-initializers -Wno-unused-parameter -Wno-unused-but-set-variable -Werror -Wno-error=unused-but-set-variable -Wno-error=unused-parameter -I/builddir/build/BUILD/shim-16.1/Cryptlib -I/builddir/build/BUILD/shim-16.1/Cryptlib/Include -I/builddir/build/BUILD/shim-16.1/gnu-efi/inc -I/builddir/build/BUILD/shim-16.1/gnu-efi/inc/x86_64 -I/builddir/build/BUILD/shim-16.1/gnu-efi/inc/protocol -isystem /builddir/build/BUILD/shim-16.1/include/system -isystem /usr/lib/gcc/x86_64-redhat-linux/11/include -DDEFAULT_LOADER='L"\\\\grubx64.efi"' -DDEFAULT_LOADER_CHAR='"\\\\grubx64.efi"' -DEFI_ARCH='L"x64"' -DDEBUGDIR='L"/usr/lib/debug/usr/share/shim/x64-16.1-2.el9/"' -DVENDOR_CERT_FILE=\"/etc/pki/sb-certs/secureboot-ca-x86_64.cer\" -DVENDOR_DBX_FILE=\"/builddir/build/SOURCES/dbx-x86.esl\" -DSBAT_AUTOMATIC_DATE=2023012900 -DMDE_CPU_X64   -c -o Pk/CryptTs.o /builddir/build/BUILD/shim-16.1/Cryptlib/Pk/CryptTs.c
#13 20.24 gcc -std=gnu11 -ggdb -gdwarf-4 -gstrict-dwarf -ffreestanding -fmacro-prefix-map=/builddir/build/BUILD/shim-16.1/= -fno-stack-protector -fno-strict-aliasing -fpic -fshort-wchar -nostdinc -m64 -mno-mmx -mno-sse -mno-red-zone -maccumulate-outgoing-args -Os -Wall -Wextra -Wno-missing-field-initializers -Wno-unused-parameter -Wno-unused-but-set-variable -Werror -Wno-error=unused-but-set-variable -Wno-error=unused-parameter -I/builddir/build/BUILD/shim-16.1/Cryptlib -I/builddir/build/BUILD/shim-16.1/Cryptlib/Include -I/builddir/build/BUILD/shim-16.1/gnu-efi/inc -I/builddir/build/BUILD/shim-16.1/gnu-efi/inc/x86_64 -I/builddir/build/BUILD/shim-16.1/gnu-efi/inc/protocol -isystem /builddir/build/BUILD/shim-16.1/include/system -isystem /usr/lib/gcc/x86_64-redhat-linux/11/include -DDEFAULT_LOADER='L"\\\\grubx64.efi"' -DDEFAULT_LOADER_CHAR='"\\\\grubx64.efi"' -DEFI_ARCH='L"x64"' -DDEBUGDIR='L"/usr/lib/debug/usr/share/shim/x64-16.1-2.el9/"' -DVENDOR_CERT_FILE=\"/etc/pki/sb-certs/secureboot-ca-x86_64.cer\" -DVENDOR_DBX_FILE=\"/builddir/build/SOURCES/dbx-x86.esl\" -DSBAT_AUTOMATIC_DATE=2023012900 -DMDE_CPU_X64   -c -o Pk/CryptX509.o /builddir/build/BUILD/shim-16.1/Cryptlib/Pk/CryptX509.c
#13 20.72 gcc -std=gnu11 -ggdb -gdwarf-4 -gstrict-dwarf -ffreestanding -fmacro-prefix-map=/builddir/build/BUILD/shim-16.1/= -fno-stack-protector -fno-strict-aliasing -fpic -fshort-wchar -nostdinc -m64 -mno-mmx -mno-sse -mno-red-zone -maccumulate-outgoing-args -Os -Wall -Wextra -Wno-missing-field-initializers -Wno-unused-parameter -Wno-unused-but-set-variable -Werror -Wno-error=unused-but-set-variable -Wno-error=unused-parameter -I/builddir/build/BUILD/shim-16.1/Cryptlib -I/builddir/build/BUILD/shim-16.1/Cryptlib/Include -I/builddir/build/BUILD/shim-16.1/gnu-efi/inc -I/builddir/build/BUILD/shim-16.1/gnu-efi/inc/x86_64 -I/builddir/build/BUILD/shim-16.1/gnu-efi/inc/protocol -isystem /builddir/build/BUILD/shim-16.1/include/system -isystem /usr/lib/gcc/x86_64-redhat-linux/11/include -DDEFAULT_LOADER='L"\\\\grubx64.efi"' -DDEFAULT_LOADER_CHAR='"\\\\grubx64.efi"' -DEFI_ARCH='L"x64"' -DDEBUGDIR='L"/usr/lib/debug/usr/share/shim/x64-16.1-2.el9/"' -DVENDOR_CERT_FILE=\"/etc/pki/sb-certs/secureboot-ca-x86_64.cer\" -DVENDOR_DBX_FILE=\"/builddir/build/SOURCES/dbx-x86.esl\" -DSBAT_AUTOMATIC_DATE=2023012900 -DMDE_CPU_X64   -c -o Pk/CryptAuthenticode.o /builddir/build/BUILD/shim-16.1/Cryptlib/Pk/CryptAuthenticode.c
#13 21.15 gcc -std=gnu11 -ggdb -gdwarf-4 -gstrict-dwarf -ffreestanding -fmacro-prefix-map=/builddir/build/BUILD/shim-16.1/= -fno-stack-protector -fno-strict-aliasing -fpic -fshort-wchar -nostdinc -m64 -mno-mmx -mno-sse -mno-red-zone -maccumulate-outgoing-args -Os -Wall -Wextra -Wno-missing-field-initializers -Wno-unused-parameter -Wno-unused-but-set-variable -Werror -Wno-error=unused-but-set-variable -Wno-error=unused-parameter -I/builddir/build/BUILD/shim-16.1/Cryptlib -I/builddir/build/BUILD/shim-16.1/Cryptlib/Include -I/builddir/build/BUILD/shim-16.1/gnu-efi/inc -I/builddir/build/BUILD/shim-16.1/gnu-efi/inc/x86_64 -I/builddir/build/BUILD/shim-16.1/gnu-efi/inc/protocol -isystem /builddir/build/BUILD/shim-16.1/include/system -isystem /usr/lib/gcc/x86_64-redhat-linux/11/include -DDEFAULT_LOADER='L"\\\\grubx64.efi"' -DDEFAULT_LOADER_CHAR='"\\\\grubx64.efi"' -DEFI_ARCH='L"x64"' -DDEBUGDIR='L"/usr/lib/debug/usr/share/shim/x64-16.1-2.el9/"' -DVENDOR_CERT_FILE=\"/etc/pki/sb-certs/secureboot-ca-x86_64.cer\" -DVENDOR_DBX_FILE=\"/builddir/build/SOURCES/dbx-x86.esl\" -DSBAT_AUTOMATIC_DATE=2023012900 -DMDE_CPU_X64   -c -o Pem/CryptPemNull.o /builddir/build/BUILD/shim-16.1/Cryptlib/Pem/CryptPemNull.c
#13 21.41 gcc -std=gnu11 -ggdb -gdwarf-4 -gstrict-dwarf -ffreestanding -fmacro-prefix-map=/builddir/build/BUILD/shim-16.1/= -fno-stack-protector -fno-strict-aliasing -fpic -fshort-wchar -nostdinc -m64 -mno-mmx -mno-sse -mno-red-zone -maccumulate-outgoing-args -Os -Wall -Wextra -Wno-missing-field-initializers -Wno-unused-parameter -Wno-unused-but-set-variable -Werror -Wno-error=unused-but-set-variable -Wno-error=unused-parameter -I/builddir/build/BUILD/shim-16.1/Cryptlib -I/builddir/build/BUILD/shim-16.1/Cryptlib/Include -I/builddir/build/BUILD/shim-16.1/gnu-efi/inc -I/builddir/build/BUILD/shim-16.1/gnu-efi/inc/x86_64 -I/builddir/build/BUILD/shim-16.1/gnu-efi/inc/protocol -isystem /builddir/build/BUILD/shim-16.1/include/system -isystem /usr/lib/gcc/x86_64-redhat-linux/11/include -DDEFAULT_LOADER='L"\\\\grubx64.efi"' -DDEFAULT_LOADER_CHAR='"\\\\grubx64.efi"' -DEFI_ARCH='L"x64"' -DDEBUGDIR='L"/usr/lib/debug/usr/share/shim/x64-16.1-2.el9/"' -DVENDOR_CERT_FILE=\"/etc/pki/sb-certs/secureboot-ca-x86_64.cer\" -DVENDOR_DBX_FILE=\"/builddir/build/SOURCES/dbx-x86.esl\" -DSBAT_AUTOMATIC_DATE=2023012900 -DMDE_CPU_X64   -c -o SysCall/CrtWrapper.o /builddir/build/BUILD/shim-16.1/Cryptlib/SysCall/CrtWrapper.c
#13 21.85 gcc -std=gnu11 -ggdb -gdwarf-4 -gstrict-dwarf -ffreestanding -fmacro-prefix-map=/builddir/build/BUILD/shim-16.1/= -fno-stack-protector -fno-strict-aliasing -fpic -fshort-wchar -nostdinc -m64 -mno-mmx -mno-sse -mno-red-zone -maccumulate-outgoing-args -Os -Wall -Wextra -Wno-missing-field-initializers -Wno-unused-parameter -Wno-unused-but-set-variable -Werror -Wno-error=unused-but-set-variable -Wno-error=unused-parameter -I/builddir/build/BUILD/shim-16.1/Cryptlib -I/builddir/build/BUILD/shim-16.1/Cryptlib/Include -I/builddir/build/BUILD/shim-16.1/gnu-efi/inc -I/builddir/build/BUILD/shim-16.1/gnu-efi/inc/x86_64 -I/builddir/build/BUILD/shim-16.1/gnu-efi/inc/protocol -isystem /builddir/build/BUILD/shim-16.1/include/system -isystem /usr/lib/gcc/x86_64-redhat-linux/11/include -DDEFAULT_LOADER='L"\\\\grubx64.efi"' -DDEFAULT_LOADER_CHAR='"\\\\grubx64.efi"' -DEFI_ARCH='L"x64"' -DDEBUGDIR='L"/usr/lib/debug/usr/share/shim/x64-16.1-2.el9/"' -DVENDOR_CERT_FILE=\"/etc/pki/sb-certs/secureboot-ca-x86_64.cer\" -DVENDOR_DBX_FILE=\"/builddir/build/SOURCES/dbx-x86.esl\" -DSBAT_AUTOMATIC_DATE=2023012900 -DMDE_CPU_X64   -c -o SysCall/TimerWrapper.o /builddir/build/BUILD/shim-16.1/Cryptlib/SysCall/TimerWrapper.c
#13 22.29 gcc -std=gnu11 -ggdb -gdwarf-4 -gstrict-dwarf -ffreestanding -fmacro-prefix-map=/builddir/build/BUILD/shim-16.1/= -fno-stack-protector -fno-strict-aliasing -fpic -fshort-wchar -nostdinc -m64 -mno-mmx -mno-sse -mno-red-zone -maccumulate-outgoing-args -Os -Wall -Wextra -Wno-missing-field-initializers -Wno-unused-parameter -Wno-unused-but-set-variable -Werror -Wno-error=unused-but-set-variable -Wno-error=unused-parameter -I/builddir/build/BUILD/shim-16.1/Cryptlib -I/builddir/build/BUILD/shim-16.1/Cryptlib/Include -I/builddir/build/BUILD/shim-16.1/gnu-efi/inc -I/builddir/build/BUILD/shim-16.1/gnu-efi/inc/x86_64 -I/builddir/build/BUILD/shim-16.1/gnu-efi/inc/protocol -isystem /builddir/build/BUILD/shim-16.1/include/system -isystem /usr/lib/gcc/x86_64-redhat-linux/11/include -DDEFAULT_LOADER='L"\\\\grubx64.efi"' -DDEFAULT_LOADER_CHAR='"\\\\grubx64.efi"' -DEFI_ARCH='L"x64"' -DDEBUGDIR='L"/usr/lib/debug/usr/share/shim/x64-16.1-2.el9/"' -DVENDOR_CERT_FILE=\"/etc/pki/sb-certs/secureboot-ca-x86_64.cer\" -DVENDOR_DBX_FILE=\"/builddir/build/SOURCES/dbx-x86.esl\" -DSBAT_AUTOMATIC_DATE=2023012900 -DMDE_CPU_X64   -c -o SysCall/BaseMemAllocation.o /builddir/build/BUILD/shim-16.1/Cryptlib/SysCall/BaseMemAllocation.c
#13 22.64 gcc -std=gnu11 -ggdb -gdwarf-4 -gstrict-dwarf -ffreestanding -fmacro-prefix-map=/builddir/build/BUILD/shim-16.1/= -fno-stack-protector -fno-strict-aliasing -fpic -fshort-wchar -nostdinc -m64 -mno-mmx -mno-sse -mno-red-zone -maccumulate-outgoing-args -Os -Wall -Wextra -Wno-missing-field-initializers -Wno-unused-parameter -Wno-unused-but-set-variable -Werror -Wno-error=unused-but-set-variable -Wno-error=unused-parameter -I/builddir/build/BUILD/shim-16.1/Cryptlib -I/builddir/build/BUILD/shim-16.1/Cryptlib/Include -I/builddir/build/BUILD/shim-16.1/gnu-efi/inc -I/builddir/build/BUILD/shim-16.1/gnu-efi/inc/x86_64 -I/builddir/build/BUILD/shim-16.1/gnu-efi/inc/protocol -isystem /builddir/build/BUILD/shim-16.1/include/system -isystem /usr/lib/gcc/x86_64-redhat-linux/11/include -DDEFAULT_LOADER='L"\\\\grubx64.efi"' -DDEFAULT_LOADER_CHAR='"\\\\grubx64.efi"' -DEFI_ARCH='L"x64"' -DDEBUGDIR='L"/usr/lib/debug/usr/share/shim/x64-16.1-2.el9/"' -DVENDOR_CERT_FILE=\"/etc/pki/sb-certs/secureboot-ca-x86_64.cer\" -DVENDOR_DBX_FILE=\"/builddir/build/SOURCES/dbx-x86.esl\" -DSBAT_AUTOMATIC_DATE=2023012900 -DMDE_CPU_X64   -c -o SysCall/BaseStrings.o /builddir/build/BUILD/shim-16.1/Cryptlib/SysCall/BaseStrings.c
#13 23.04 ar rcs libcryptlib.a Hash/CryptMd4Null.o Hash/CryptMd5.o Hash/CryptSha1.o Hash/CryptSha256.o Hash/CryptSha512.o Hmac/CryptHmacMd5Null.o Hmac/CryptHmacSha1Null.o Hmac/CryptHmacSha256Null.o Cipher/CryptAesNull.o Cipher/CryptTdesNull.o Cipher/CryptArc4Null.o Rand/CryptRand.o Pk/CryptRsaBasic.o Pk/CryptRsaExtNull.o Pk/CryptPkcs7SignNull.o Pk/CryptPkcs7Verify.o Pk/CryptDhNull.o Pk/CryptTs.o Pk/CryptX509.o Pk/CryptAuthenticode.o Pem/CryptPemNull.o SysCall/CrtWrapper.o SysCall/TimerWrapper.o SysCall/BaseMemAllocation.o SysCall/BaseStrings.o
#13 23.15 make[1]: Leaving directory '/builddir/build/BUILD/shim-16.1/build-x64/Cryptlib'
#13 23.15 for i in x509v3 x509 txt_db stack sha rsa rc4 rand pkcs7 pkcs12 pem ocsp objects modes md5 lhash kdf hmac evp err dso dh conf comp cmac buffer bn bio async/arch asn1 aes; do mkdir -p Cryptlib/OpenSSL/crypto/$i; done
#13 23.64 make TOPDIR=/builddir/build/BUILD/shim-16.1 VPATH=/builddir/build/BUILD/shim-16.1/Cryptlib/OpenSSL -C Cryptlib/OpenSSL -f /builddir/build/BUILD/shim-16.1/Cryptlib/OpenSSL/Makefile 
#13 23.67 make[1]: Entering directory '/builddir/build/BUILD/shim-16.1/build-x64/Cryptlib/OpenSSL'
#13 23.70 gcc -std=gnu11 -ggdb -gdwarf-4 -gstrict-dwarf -ffreestanding -fmacro-prefix-map=/builddir/build/BUILD/shim-16.1/= -fno-stack-protector -fno-strict-aliasing -fpic -fshort-wchar -nostdinc -m64 -mno-mmx -mno-sse -mno-red-zone -maccumulate-outgoing-args -Os -Wall -Wextra -Wno-missing-field-initializers -Wno-empty-body -Wno-implicit-fallthrough -Wno-old-style-declaration -Wno-unused-but-set-variable -Wno-unused-parameter -Werror -Wno-error=unused-but-set-variable -Wno-error=unused-parameter -I/builddir/build/BUILD/shim-16.1/Cryptlib/OpenSSL -I/builddir/build/BUILD/shim-16.1/Cryptlib -I/builddir/build/BUILD/shim-16.1/Cryptlib/OpenSSL/Include/ -I/builddir/build/BUILD/shim-16.1/Cryptlib/OpenSSL/crypto -I/builddir/build/BUILD/shim-16.1/Cryptlib/Include -I/builddir/build/BUILD/shim-16.1/gnu-efi/inc -I/builddir/build/BUILD/shim-16.1/gnu-efi/inc/x86_64 -I/builddir/build/BUILD/shim-16.1/gnu-efi/inc/protocol -I/builddir/build/BUILD/shim-16.1/Cryptlib/OpenSSL/crypto/asn1 -I/builddir/build/BUILD/shim-16.1/Cryptlib/OpenSSL/crypto/evp -I/builddir/build/BUILD/shim-16.1/Cryptlib/OpenSSL/crypto/modes -I/builddir/build/BUILD/shim-16.1/Cryptlib/OpenSSL/crypto/include -isystem /builddir/build/BUILD/shim-16.1/include/system -isystem /usr/lib/gcc/x86_64-redhat-linux/11/include -DL_ENDIAN -D_CRT_SECURE_NO_DEPRECATE -D_CRT_NONSTDC_NO_DEPRECATE -DOPENSSL_SMALL_FOOTPRINT -DPEDANTIC -DMDE_CPU_X64   -c -o crypto/cryptlib.o /builddir/build/BUILD/shim-16.1/Cryptlib/OpenSSL/crypto/cryptlib.c
#13 24.24 gcc -std=gnu11 -ggdb -gdwarf-4 -gstrict-dwarf -ffreestanding -fmacro-prefix-map=/builddir/build/BUILD/shim-16.1/= -fno-stack-protector -fno-strict-aliasing -fpic -fshort-wchar -nostdinc -m64 -mno-mmx -mno-sse -mno-red-zone -maccumulate-outgoing-args -Os -Wall -Wextra -Wno-missing-field-initializers -Wno-empty-body -Wno-implicit-fallthrough -Wno-old-style-declaration -Wno-unused-but-set-variable -Wno-unused-parameter -Werror -Wno-error=unused-but-set-variable -Wno-error=unused-parameter -I/builddir/build/BUILD/shim-16.1/Cryptlib/OpenSSL -I/builddir/build/BUILD/shim-16.1/Cryptlib -I/builddir/build/BUILD/shim-16.1/Cryptlib/OpenSSL/Include/ -I/builddir/build/BUILD/shim-16.1/Cryptlib/OpenSSL/crypto -I/builddir/build/BUILD/shim-16.1/Cryptlib/Include -I/builddir/build/BUILD/shim-16.1/gnu-efi/inc -I/builddir/build/BUILD/shim-16.1/gnu-efi/inc/x86_64 -I/builddir/build/BUILD/shim-16.1/gnu-efi/inc/protocol -I/builddir/build/BUILD/shim-16.1/Cryptlib/OpenSSL/crypto/asn1 -I/builddir/build/BUILD/shim-16.1/Cryptlib/OpenSSL/crypto/evp -I/builddir/build/BUILD/shim-16.1/Cryptlib/OpenSSL/crypto/modes -I/builddir/build/BUILD/shim-16.1/Cryptlib/OpenSSL/crypto/include -isystem /builddir/build/BUILD/shim-16.1/include/system -isystem /usr/lib/gcc/x86_64-redhat-linux/11/include -DL_ENDIAN -D_CRT_SECURE_NO_DEPRECATE -D_CRT_NONSTDC_NO_DEPRECATE -DOPENSSL_SMALL_FOOTPRINT -DPEDANTIC -DMDE_CPU_X64   -c -o crypto/mem.o /builddir/build/BUILD/shim-16.1/Cryptlib/OpenSSL/crypto/mem.c
#13 24.70 gcc -std=gnu11 -ggdb -gdwarf-4 -gstrict-dwarf -ffreestanding -fmacro-prefix-map=/builddir/build/BUILD/shim-16.1/= -fno-stack-protector -fno-strict-aliasing -fpic -fshort-wchar -nostdinc -m64 -mno-mmx -mno-sse -mno-red-zone -maccumulate-outgoing-args -Os -Wall -Wextra -Wno-missing-field-initializers -Wno-empty-body -Wno-implicit-fallthrough -Wno-old-style-declaration -Wno-unused-but-set-variable -Wno-unused-parameter -Werror -Wno-error=unused-but-set-variable -Wno-error=unused-parameter -I/builddir/build/BUILD/shim-16.1/Cryptlib/OpenSSL -I/builddir/build/BUILD/shim-16.1/Cryptlib -I/builddir/build/BUILD/shim-16.1/Cryptlib/OpenSSL/Include/ -I/builddir/build/BUILD/shim-16.1/Cryptlib/OpenSSL/crypto -I/builddir/build/BUILD/shim-16.1/Cryptlib/Include -I/builddir/build/BUILD/shim-16.1/gnu-efi/inc -I/builddir/build/BUILD/shim-16.1/gnu-efi/inc/x86_64 -I/builddir/build/BUILD/shim-16.1/gnu-efi/inc/protocol -I/builddir/build/BUILD/shim-16.1/Cryptlib/OpenSSL/crypto/asn1 -I/builddir/build/BUILD/shim-16.1/Cryptlib/OpenSSL/crypto/evp -I/builddir/build/BUILD/shim-16.1/Cryptlib/OpenSSL/crypto/modes -I/builddir/build/BUILD/shim-16.1/Cryptlib/OpenSSL/crypto/include -isystem /builddir/build/BUILD/shim-16.1/include/system -isystem /usr/lib/gcc/x86_64-redhat-linux/11/include -DL_ENDIAN -D_CRT_SECURE_NO_DEPRECATE -D_CRT_NONSTDC_NO_DEPRECATE -DOPENSSL_SMALL_FOOTPRINT -DPEDANTIC -DMDE_CPU_X64   -c -o crypto/mem_clr.o /builddir/build/BUILD/shim-16.1/Cryptlib/OpenSSL/crypto/mem_clr.c
#13 24.97 gcc -std=gnu11 -ggdb -gdwarf-4 -gstrict-dwarf -ffreestanding -fmacro-prefix-map=/builddir/build/BUILD/shim-16.1/= -fno-stack-protector -fno-strict-aliasing -fpic -fshort-wchar -nostdinc -m64 -mno-mmx -mno-sse -mno-red-zone -maccumulate-outgoing-args -Os -Wall -Wextra -Wno-missing-field-initializers -Wno-empty-body -Wno-implicit-fallthrough -Wno-old-style-declaration -Wno-unused-but-set-variable -Wno-unused-parameter -Werror -Wno-error=unused-but-set-variable -Wno-error=unused-parameter -I/builddir/build/BUILD/shim-16.1/Cryptlib/OpenSSL -I/builddir/build/BUILD/shim-16.1/Cryptlib -I/builddir/build/BUILD/shim-16.1/Cryptlib/OpenSSL/Include/ -I/builddir/build/BUILD/shim-16.1/Cryptlib/OpenSSL/crypto -I/builddir/build/BUILD/shim-16.1/Cryptlib/Include -I/builddir/build/BUILD/shim-16.1/gnu-efi/inc -I/builddir/build/BUILD/shim-16.1/gnu-efi/inc/x86_64 -I/builddir/build/BUILD/shim-16.1/gnu-efi/inc/protocol -I/builddir/build/BUILD/shim-16.1/Cryptlib/OpenSSL/crypto/asn1 -I/builddir/build/BUILD/shim-16.1/Cryptlib/OpenSSL/crypto/evp -I/builddir/build/BUILD/shim-16.1/Cryptlib/OpenSSL/crypto/modes -I/builddir/build/BUILD/shim-16.1/Cryptlib/OpenSSL/crypto/include -isystem /builddir/build/BUILD/shim-16.1/include/system -isystem /usr/lib/gcc/x86_64-redhat-linux/11/include -DL_ENDIAN -D_CRT_SECURE_NO_DEPRECATE -D_CRT_NONSTDC_NO_DEPRECATE -DOPENSSL_SMALL_FOOTPRINT -DPEDANTIC -DMDE_CPU_X64   -c -o crypto/mem_dbg.o /builddir/build/BUILD/shim-16.1/Cryptlib/OpenSSL/crypto/mem_dbg.c
#13 25.50 gcc -std=gnu11 -ggdb -gdwarf-4 -gstrict-dwarf -ffreestanding -fmacro-prefix-map=/builddir/build/BUILD/shim-16.1/= -fno-stack-protector -fno-strict-aliasing -fpic -fshort-wchar -nostdinc -m64 -mno-mmx -mno-sse -mno-red-zone -maccumulate-outgoing-args -Os -Wall -Wextra -Wno-missing-field-initializers -Wno-empty-body -Wno-implicit-fallthrough -Wno-old-style-declaration -Wno-unused-but-set-variable -Wno-unused-parameter -Werror -Wno-error=unused-but-set-variable -Wno-error=unused-parameter -I/builddir/build/BUILD/shim-16.1/Cryptlib/OpenSSL -I/builddir/build/BUILD/shim-16.1/Cryptlib -I/builddir/build/BUILD/shim-16.1/Cryptlib/OpenSSL/Include/ -I/builddir/build/BUILD/shim-16.1/Cryptlib/OpenSSL/crypto -I/builddir/build/BUILD/shim-16.1/Cryptlib/Include -I/builddir/build/BUILD/shim-16.1/gnu-efi/inc -I/builddir/build/BUILD/shim-16.1/gnu-efi/inc/x86_64 -I/builddir/build/BUILD/shim-16.1/gnu-efi/inc/protocol -I/builddir/build/BUILD/shim-16.1/Cryptlib/OpenSSL/crypto/asn1 -I/builddir/build/BUILD/shim-16.1/Cryptlib/OpenSSL/crypto/evp -I/builddir/build/BUILD/shim-16.1/Cryptlib/OpenSSL/crypto/modes -I/builddir/build/BUILD/shim-16.1/Cryptlib/OpenSSL/crypto/include -isystem /builddir/build/BUILD/shim-16.1/include/system -isystem /usr/lib/gcc/x86_64-redhat-linux/11/include -DL_ENDIAN -D_CRT_SECURE_NO_DEPRECATE -D_CRT_NONSTDC_NO_DEPRECATE -DOPENSSL_SMALL_FOOTPRINT -DPEDANTIC -DMDE_CPU_X64   -c -o crypto/cversion.o /builddir/build/BUILD/shim-16.1/Cryptlib/OpenSSL/crypto/cversion.c
#13 25.84 gcc -std=gnu11 -ggdb -gdwarf-4 -gstrict-dwarf -ffreestanding -fmacro-prefix-map=/builddir/build/BUILD/shim-16.1/= -fno-stack-protector -fno-strict-aliasing -fpic -fshort-wchar -nostdinc -m64 -mno-mmx -mno-sse -mno-red-zone -maccumulate-outgoing-args -Os -Wall -Wextra -Wno-missing-field-initializers -Wno-empty-body -Wno-implicit-fallthrough -Wno-old-style-declaration -Wno-unused-but-set-variable -Wno-unused-parameter -Werror -Wno-error=unused-but-set-variable -Wno-error=unused-parameter -I/builddir/build/BUILD/shim-16.1/Cryptlib/OpenSSL -I/builddir/build/BUILD/shim-16.1/Cryptlib -I/builddir/build/BUILD/shim-16.1/Cryptlib/OpenSSL/Include/ -I/builddir/build/BUILD/shim-16.1/Cryptlib/OpenSSL/crypto -I/builddir/build/BUILD/shim-16.1/Cryptlib/Include -I/builddir/build/BUILD/shim-16.1/gnu-efi/inc -I/builddir/build/BUILD/shim-16.1/gnu-efi/inc/x86_64 -I/builddir/build/BUILD/shim-16.1/gnu-efi/inc/protocol -I/builddir/build/BUILD/shim-16.1/Cryptlib/OpenSSL/crypto/asn1 -I/builddir/build/BUILD/shim-16.1/Cryptlib/OpenSSL/crypto/evp -I/builddir/build/BUILD/shim-16.1/Cryptlib/OpenSSL/crypto/modes -I/builddir/build/BUILD/shim-16.1/Cryptlib/OpenSSL/crypto/include -isystem /builddir/build/BUILD/shim-16.1/include/system -isystem /usr/lib/gcc/x86_64-redhat-linux/11/include -DL_ENDIAN -D_CRT_SECURE_NO_DEPRECATE -D_CRT_NONSTDC_NO_DEPRECATE -DOPENSSL_SMALL_FOOTPRINT -DPEDANTIC -DMDE_CPU_X64   -c -o crypto/ex_data.o /builddir/build/BUILD/shim-16.1/Cryptlib/OpenSSL/crypto/ex_data.c
#13 26.36 gcc -std=gnu11 -ggdb -gdwarf-4 -gstrict-dwarf -ffreestanding -fmacro-prefix-map=/builddir/build/BUILD/shim-16.1/= -fno-stack-protector -fno-strict-aliasing -fpic -fshort-wchar -nostdinc -m64 -mno-mmx -mno-sse -mno-red-zone -maccumulate-outgoing-args -Os -Wall -Wextra -Wno-missing-field-initializers -Wno-empty-body -Wno-implicit-fallthrough -Wno-old-style-declaration -Wno-unused-but-set-variable -Wno-unused-parameter -Werror -Wno-error=unused-but-set-variable -Wno-error=unused-parameter -I/builddir/build/BUILD/shim-16.1/Cryptlib/OpenSSL -I/builddir/build/BUILD/shim-16.1/Cryptlib -I/builddir/build/BUILD/shim-16.1/Cryptlib/OpenSSL/Include/ -I/builddir/build/BUILD/shim-16.1/Cryptlib/OpenSSL/crypto -I/builddir/build/BUILD/shim-16.1/Cryptlib/Include -I/builddir/build/BUILD/shim-16.1/gnu-efi/inc -I/builddir/build/BUILD/shim-16.1/gnu-efi/inc/x86_64 -I/builddir/build/BUILD/shim-16.1/gnu-efi/inc/protocol -I/builddir/build/BUILD/shim-16.1/Cryptlib/OpenSSL/crypto/asn1 -I/builddir/build/BUILD/shim-16.1/Cryptlib/OpenSSL/crypto/evp -I/builddir/build/BUILD/shim-16.1/Cryptlib/OpenSSL/crypto/modes -I/builddir/build/BUILD/shim-16.1/Cryptlib/OpenSSL/crypto/include -isystem /builddir/build/BUILD/shim-16.1/include/system -isystem /usr/lib/gcc/x86_64-redhat-linux/11/include -DL_ENDIAN -D_CRT_SECURE_NO_DEPRECATE -D_CRT_NONSTDC_NO_DEPRECATE -DOPENSSL_SMALL_FOOTPRINT -DPEDANTIC -DMDE_CPU_X64   -c -o crypto/cpt_err.o /builddir/build/BUILD/shim-16.1/Cryptlib/OpenSSL/crypto/cpt_err.c
#13 26.61 gcc -std=gnu11 -ggdb -gdwarf-4 -gstrict-dwarf -ffreestanding -fmacro-prefix-map=/builddir/build/BUILD/shim-16.1/= -fno-stack-protector -fno-strict-aliasing -fpic -fshort-wchar -nostdinc -m64 -mno-mmx -mno-sse -mno-red-zone -maccumulate-outgoing-args -Os -Wall -Wextra -Wno-missing-field-initializers -Wno-empty-body -Wno-implicit-fallthrough -Wno-old-style-declaration -Wno-unused-but-set-variable -Wno-unused-parameter -Werror -Wno-error=unused-but-set-variable -Wno-error=unused-parameter -I/builddir/build/BUILD/shim-16.1/Cryptlib/OpenSSL -I/builddir/build/BUILD/shim-16.1/Cryptlib -I/builddir/build/BUILD/shim-16.1/Cryptlib/OpenSSL/Include/ -I/builddir/build/BUILD/shim-16.1/Cryptlib/OpenSSL/crypto -I/builddir/build/BUILD/shim-16.1/Cryptlib/Include -I/builddir/build/BUILD/shim-16.1/gnu-efi/inc -I/builddir/build/BUILD/shim-16.1/gnu-efi/inc/x86_64 -I/builddir/build/BUILD/shim-16.1/gnu-efi/inc/protocol -I/builddir/build/BUILD/shim-16.1/Cryptlib/OpenSSL/crypto/asn1 -I/builddir/build/BUILD/shim-16.1/Cryptlib/OpenSSL/crypto/evp -I/builddir/build/BUILD/shim-16.1/Cryptlib/OpenSSL/crypto/modes -I/builddir/build/BUILD/shim-16.1/Cryptlib/OpenSSL/crypto/include -isystem /builddir/build/BUILD/shim-16.1/include/system -isystem /usr/lib/gcc/x86_64-redhat-linux/11/include -DL_ENDIAN -D_CRT_SECURE_NO_DEPRECATE -D_CRT_NONSTDC_NO_DEPRECATE -DOPENSSL_SMALL_FOOTPRINT -DPEDANTIC -DMDE_CPU_X64   -c -o crypto/ebcdic.o /builddir/build/BUILD/shim-16.1/Cryptlib/OpenSSL/crypto/ebcdic.c
#13 26.73 gcc -std=gnu11 -ggdb -gdwarf-4 -gstrict-dwarf -ffreestanding -fmacro-prefix-map=/builddir/build/BUILD/shim-16.1/= -fno-stack-protector -fno-strict-aliasing -fpic -fshort-wchar -nostdinc -m64 -mno-mmx -mno-sse -mno-red-zone -maccumulate-outgoing-args -Os -Wall -Wextra -Wno-missing-field-initializers -Wno-empty-body -Wno-implicit-fallthrough -Wno-old-style-declaration -Wno-unused-but-set-variable -Wno-unused-parameter -Werror -Wno-error=unused-but-set-variable -Wno-error=unused-parameter -I/builddir/build/BUILD/shim-16.1/Cryptlib/OpenSSL -I/builddir/build/BUILD/shim-16.1/Cryptlib -I/builddir/build/BUILD/shim-16.1/Cryptlib/OpenSSL/Include/ -I/builddir/build/BUILD/shim-16.1/Cryptlib/OpenSSL/crypto -I/builddir/build/BUILD/shim-16.1/Cryptlib/Include -I/builddir/build/BUILD/shim-16.1/gnu-efi/inc -I/builddir/build/BUILD/shim-16.1/gnu-efi/inc/x86_64 -I/builddir/build/BUILD/shim-16.1/gnu-efi/inc/protocol -I/builddir/build/BUILD/shim-16.1/Cryptlib/OpenSSL/crypto/asn1 -I/builddir/build/BUILD/shim-16.1/Cryptlib/OpenSSL/crypto/evp -I/builddir/build/BUILD/shim-16.1/Cryptlib/OpenSSL/crypto/modes -I/builddir/build/BUILD/shim-16.1/Cryptlib/OpenSSL/crypto/include -isystem /builddir/build/BUILD/shim-16.1/include/system -isystem /usr/lib/gcc/x86_64-redhat-linux/11/include -DL_ENDIAN -D_CRT_SECURE_NO_DEPRECATE -D_CRT_NONSTDC_NO_DEPRECATE -DOPENSSL_SMALL_FOOTPRINT -DPEDANTIC -DMDE_CPU_X64   -c -o crypto/uid.o /builddir/build/BUILD/shim-16.1/Cryptlib/OpenSSL/crypto/uid.c
#13 27.06 gcc -std=gnu11 -ggdb -gdwarf-4 -gstrict-dwarf -ffreestanding -fmacro-prefix-map=/builddir/build/BUILD/shim-16.1/= -fno-stack-protector -fno-strict-aliasing -fpic -fshort-wchar -nostdinc -m64 -mno-mmx -mno-sse -mno-red-zone -maccumulate-outgoing-args -Os -Wall -Wextra -Wno-missing-field-initializers -Wno-empty-body -Wno-implicit-fallthrough -Wno-old-style-declaration -Wno-unused-but-set-variable -Wno-unused-parameter -Werror -Wno-error=unused-but-set-variable -Wno-error=unused-parameter -I/builddir/build/BUILD/shim-16.1/Cryptlib/OpenSSL -I/builddir/build/BUILD/shim-16.1/Cryptlib -I/builddir/build/BUILD/shim-16.1/Cryptlib/OpenSSL/Include/ -I/builddir/build/BUILD/shim-16.1/Cryptlib/OpenSSL/crypto -I/builddir/build/BUILD/shim-16.1/Cryptlib/Include -I/builddir/build/BUILD/shim-16.1/gnu-efi/inc -I/builddir/build/BUILD/shim-16.1/gnu-efi/inc/x86_64 -I/builddir/build/BUILD/shim-16.1/gnu-efi/inc/protocol -I/builddir/build/BUILD/shim-16.1/Cryptlib/OpenSSL/crypto/asn1 -I/builddir/build/BUILD/shim-16.1/Cryptlib/OpenSSL/crypto/evp -I/builddir/build/BUILD/shim-16.1/Cryptlib/OpenSSL/crypto/modes -I/builddir/build/BUILD/shim-16.1/Cryptlib/OpenSSL/crypto/include -isystem /builddir/build/BUILD/shim-16.1/include/system -isystem /usr/lib/gcc/x86_64-redhat-linux/11/include -DL_ENDIAN -D_CRT_SECURE_NO_DEPRECATE -D_CRT_NONSTDC_NO_DEPRECATE -DOPENSSL_SMALL_FOOTPRINT -DPEDANTIC -DMDE_CPU_X64   -c -o crypto/o_time.o /builddir/build/BUILD/shim-16.1/Cryptlib/OpenSSL/crypto/o_time.c
#13 27.50 gcc -std=gnu11 -ggdb -gdwarf-4 -gstrict-dwarf -ffreestanding -fmacro-prefix-map=/builddir/build/BUILD/shim-16.1/= -fno-stack-protector -fno-strict-aliasing -fpic -fshort-wchar -nostdinc -m64 -mno-mmx -mno-sse -mno-red-zone -maccumulate-outgoing-args -Os -Wall -Wextra -Wno-missing-field-initializers -Wno-empty-body -Wno-implicit-fallthrough -Wno-old-style-declaration -Wno-unused-but-set-variable -Wno-unused-parameter -Werror -Wno-error=unused-but-set-variable -Wno-error=unused-parameter -I/builddir/build/BUILD/shim-16.1/Cryptlib/OpenSSL -I/builddir/build/BUILD/shim-16.1/Cryptlib -I/builddir/build/BUILD/shim-16.1/Cryptlib/OpenSSL/Include/ -I/builddir/build/BUILD/shim-16.1/Cryptlib/OpenSSL/crypto -I/builddir/build/BUILD/shim-16.1/Cryptlib/Include -I/builddir/build/BUILD/shim-16.1/gnu-efi/inc -I/builddir/build/BUILD/shim-16.1/gnu-efi/inc/x86_64 -I/builddir/build/BUILD/shim-16.1/gnu-efi/inc/protocol -I/builddir/build/BUILD/shim-16.1/Cryptlib/OpenSSL/crypto/asn1 -I/builddir/build/BUILD/shim-16.1/Cryptlib/OpenSSL/crypto/evp -I/builddir/build/BUILD/shim-16.1/Cryptlib/OpenSSL/crypto/modes -I/builddir/build/BUILD/shim-16.1/Cryptlib/OpenSSL/crypto/include -isystem /builddir/build/BUILD/shim-16.1/include/system -isystem /usr/lib/gcc/x86_64-redhat-linux/11/include -DL_ENDIAN -D_CRT_SECURE_NO_DEPRECATE -D_CRT_NONSTDC_NO_DEPRECATE -DOPENSSL_SMALL_FOOTPRINT -DPEDANTIC -DMDE_CPU_X64   -c -o crypto/o_str.o /builddir/build/BUILD/shim-16.1/Cryptlib/OpenSSL/crypto/o_str.c
#13 27.87 gcc -std=gnu11 -ggdb -gdwarf-4 -gstrict-dwarf -ffreestanding -fmacro-prefix-map=/builddir/build/BUILD/shim-16.1/= -fno-stack-protector -fno-strict-aliasing -fpic -fshort-wchar -nostdinc -m64 -mno-mmx -mno-sse -mno-red-zone -maccumulate-outgoing-args -Os -Wall -Wextra -Wno-missing-field-initializers -Wno-empty-body -Wno-implicit-fallthrough -Wno-old-style-declaration -Wno-unused-but-set-variable -Wno-unused-parameter -Werror -Wno-error=unused-but-set-variable -Wno-error=unused-parameter -I/builddir/build/BUILD/shim-16.1/Cryptlib/OpenSSL -I/builddir/build/BUILD/shim-16.1/Cryptlib -I/builddir/build/BUILD/shim-16.1/Cryptlib/OpenSSL/Include/ -I/builddir/build/BUILD/shim-16.1/Cryptlib/OpenSSL/crypto -I/builddir/build/BUILD/shim-16.1/Cryptlib/Include -I/builddir/build/BUILD/shim-16.1/gnu-efi/inc -I/builddir/build/BUILD/shim-16.1/gnu-efi/inc/x86_64 -I/builddir/build/BUILD/shim-16.1/gnu-efi/inc/protocol -I/builddir/build/BUILD/shim-16.1/Cryptlib/OpenSSL/crypto/asn1 -I/builddir/build/BUILD/shim-16.1/Cryptlib/OpenSSL/crypto/evp -I/builddir/build/BUILD/shim-16.1/Cryptlib/OpenSSL/crypto/modes -I/builddir/build/BUILD/shim-16.1/Cryptlib/OpenSSL/crypto/include -isystem /builddir/build/BUILD/shim-16.1/include/system -isystem /usr/lib/gcc/x86_64-redhat-linux/11/include -DL_ENDIAN -D_CRT_SECURE_NO_DEPRECATE -D_CRT_NONSTDC_NO_DEPRECATE -DOPENSSL_SMALL_FOOTPRINT -DPEDANTIC -DMDE_CPU_X64   -c -o crypto/o_dir.o /builddir/build/BUILD/shim-16.1/Cryptlib/OpenSSL/crypto/o_dir.c
#13 28.15 gcc -std=gnu11 -ggdb -gdwarf-4 -gstrict-dwarf -ffreestanding -fmacro-prefix-map=/builddir/build/BUILD/shim-16.1/= -fno-stack-protector -fno-strict-aliasing -fpic -fshort-wchar -nostdinc -m64 -mno-mmx -mno-sse -mno-red-zone -maccumulate-outgoing-args -Os -Wall -Wextra -Wno-missing-field-initializers -Wno-empty-body -Wno-implicit-fallthrough -Wno-old-style-declaration -Wno-unused-but-set-variable -Wno-unused-parameter -Werror -Wno-error=unused-but-set-variable -Wno-error=unused-parameter -I/builddir/build/BUILD/shim-16.1/Cryptlib/OpenSSL -I/builddir/build/BUILD/shim-16.1/Cryptlib -I/builddir/build/BUILD/shim-16.1/Cryptlib/OpenSSL/Include/ -I/builddir/build/BUILD/shim-16.1/Cryptlib/OpenSSL/crypto -I/builddir/build/BUILD/shim-16.1/Cryptlib/Include -I/builddir/build/BUILD/shim-16.1/gnu-efi/inc -I/builddir/build/BUILD/shim-16.1/gnu-efi/inc/x86_64 -I/builddir/build/BUILD/shim-16.1/gnu-efi/inc/protocol -I/builddir/build/BUILD/shim-16.1/Cryptlib/OpenSSL/crypto/asn1 -I/builddir/build/BUILD/shim-16.1/Cryptlib/OpenSSL/crypto/evp -I/builddir/build/BUILD/shim-16.1/Cryptlib/OpenSSL/crypto/modes -I/builddir/build/BUILD/shim-16.1/Cryptlib/OpenSSL/crypto/include -isystem /builddir/build/BUILD/shim-16.1/include/system -isystem /usr/lib/gcc/x86_64-redhat-linux/11/include -DL_ENDIAN -D_CRT_SECURE_NO_DEPRECATE -D_CRT_NONSTDC_NO_DEPRECATE -DOPENSSL_SMALL_FOOTPRINT -DPEDANTIC -DMDE_CPU_X64   -c -o crypto/o_fips.o /builddir/build/BUILD/shim-16.1/Cryptlib/OpenSSL/crypto/o_fips.c
#13 28.49 gcc -std=gnu11 -ggdb -gdwarf-4 -gstrict-dwarf -ffreestanding -fmacro-prefix-map=/builddir/build/BUILD/shim-16.1/= -fno-stack-protector -fno-strict-aliasing -fpic -fshort-wchar -nostdinc -m64 -mno-mmx -mno-sse -mno-red-zone -maccumulate-outgoing-args -Os -Wall -Wextra -Wno-missing-field-initializers -Wno-empty-body -Wno-implicit-fallthrough -Wno-old-style-declaration -Wno-unused-but-set-variable -Wno-unused-parameter -Werror -Wno-error=unused-but-set-variable -Wno-error=unused-parameter -I/builddir/build/BUILD/shim-16.1/Cryptlib/OpenSSL -I/builddir/build/BUILD/shim-16.1/Cryptlib -I/builddir/build/BUILD/shim-16.1/Cryptlib/OpenSSL/Include/ -I/builddir/build/BUILD/shim-16.1/Cryptlib/OpenSSL/crypto -I/builddir/build/BUILD/shim-16.1/Cryptlib/Include -I/builddir/build/BUILD/shim-16.1/gnu-efi/inc -I/builddir/build/BUILD/shim-16.1/gnu-efi/inc/x86_64 -I/builddir/build/BUILD/shim-16.1/gnu-efi/inc/protocol -I/builddir/build/BUILD/shim-16.1/Cryptlib/OpenSSL/crypto/asn1 -I/builddir/build/BUILD/shim-16.1/Cryptlib/OpenSSL/crypto/evp -I/builddir/build/BUILD/shim-16.1/Cryptlib/OpenSSL/crypto/modes -I/builddir/build/BUILD/shim-16.1/Cryptlib/OpenSSL/crypto/include -isystem /builddir/build/BUILD/shim-16.1/include/system -isystem /usr/lib/gcc/x86_64-redhat-linux/11/include -DL_ENDIAN -D_CRT_SECURE_NO_DEPRECATE -D_CRT_NONSTDC_NO_DEPRECATE -DOPENSSL_SMALL_FOOTPRINT -DPEDANTIC -DMDE_CPU_X64   -c -o crypto/o_init.o /builddir/build/BUILD/shim-16.1/Cryptlib/OpenSSL/crypto/o_init.c
#13 28.81 gcc -std=gnu11 -ggdb -gdwarf-4 -gstrict-dwarf -ffreestanding -fmacro-prefix-map=/builddir/build/BUILD/shim-16.1/= -fno-stack-protector -fno-strict-aliasing -fpic -fshort-wchar -nostdinc -m64 -mno-mmx -mno-sse -mno-red-zone -maccumulate-outgoing-args -Os -Wall -Wextra -Wno-missing-field-initializers -Wno-empty-body -Wno-implicit-fallthrough -Wno-old-style-declaration -Wno-unused-but-set-variable -Wno-unused-parameter -Werror -Wno-error=unused-but-set-variable -Wno-error=unused-parameter -I/builddir/build/BUILD/shim-16.1/Cryptlib/OpenSSL -I/builddir/build/BUILD/shim-16.1/Cryptlib -I/builddir/build/BUILD/shim-16.1/Cryptlib/OpenSSL/Include/ -I/builddir/build/BUILD/shim-16.1/Cryptlib/OpenSSL/crypto -I/builddir/build/BUILD/shim-16.1/Cryptlib/Include -I/builddir/build/BUILD/shim-16.1/gnu-efi/inc -I/builddir/build/BUILD/shim-16.1/gnu-efi/inc/x86_64 -I/builddir/build/BUILD/shim-16.1/gnu-efi/inc/protocol -I/builddir/build/BUILD/shim-16.1/Cryptlib/OpenSSL/crypto/asn1 -I/builddir/build/BUILD/shim-16.1/Cryptlib/OpenSSL/crypto/evp -I/builddir/build/BUILD/shim-16.1/Cryptlib/OpenSSL/crypto/modes -I/builddir/build/BUILD/shim-16.1/Cryptlib/OpenSSL/crypto/include -isystem /builddir/build/BUILD/shim-16.1/include/system -isystem /usr/lib/gcc/x86_64-redhat-linux/11/include -DL_ENDIAN -D_CRT_SECURE_NO_DEPRECATE -D_CRT_NONSTDC_NO_DEPRECATE -DOPENSSL_SMALL_FOOTPRINT -DPEDANTIC -DMDE_CPU_X64   -c -o crypto/fips_ers.o /builddir/build/BUILD/shim-16.1/Cryptlib/OpenSSL/crypto/fips_ers.c
#13 28.93 gcc -std=gnu11 -ggdb -gdwarf-4 -gstrict-dwarf -ffreestanding -fmacro-prefix-map=/builddir/build/BUILD/shim-16.1/= -fno-stack-protector -fno-strict-aliasing -fpic -fshort-wchar -nostdinc -m64 -mno-mmx -mno-sse -mno-red-zone -maccumulate-outgoing-args -Os -Wall -Wextra -Wno-missing-field-initializers -Wno-empty-body -Wno-implicit-fallthrough -Wno-old-style-declaration -Wno-unused-but-set-variable -Wno-unused-parameter -Werror -Wno-error=unused-but-set-variable -Wno-error=unused-parameter -I/builddir/build/BUILD/shim-16.1/Cryptlib/OpenSSL -I/builddir/build/BUILD/shim-16.1/Cryptlib -I/builddir/build/BUILD/shim-16.1/Cryptlib/OpenSSL/Include/ -I/builddir/build/BUILD/shim-16.1/Cryptlib/OpenSSL/crypto -I/builddir/build/BUILD/shim-16.1/Cryptlib/Include -I/builddir/build/BUILD/shim-16.1/gnu-efi/inc -I/builddir/build/BUILD/shim-16.1/gnu-efi/inc/x86_64 -I/builddir/build/BUILD/shim-16.1/gnu-efi/inc/protocol -I/builddir/build/BUILD/shim-16.1/Cryptlib/OpenSSL/crypto/asn1 -I/builddir/build/BUILD/shim-16.1/Cryptlib/OpenSSL/crypto/evp -I/builddir/build/BUILD/shim-16.1/Cryptlib/OpenSSL/crypto/modes -I/builddir/build/BUILD/shim-16.1/Cryptlib/OpenSSL/crypto/include -isystem /builddir/build/BUILD/shim-16.1/include/system -isystem /usr/lib/gcc/x86_64-redhat-linux/11/include -DL_ENDIAN -D_CRT_SECURE_NO_DEPRECATE -D_CRT_NONSTDC_NO_DEPRECATE -DOPENSSL_SMALL_FOOTPRINT -DPEDANTIC -DMDE_CPU_X64   -c -o crypto/md5/md5_dgst.o /builddir/build/BUILD/shim-16.1/Cryptlib/OpenSSL/crypto/md5/md5_dgst.c
#13 29.45 gcc -std=gnu11 -ggdb -gdwarf-4 -gstrict-dwarf -ffreestanding -fmacro-prefix-map=/builddir/build/BUILD/shim-16.1/= -fno-stack-protector -fno-strict-aliasing -fpic -fshort-wchar -nostdinc -m64 -mno-mmx -mno-sse -mno-red-zone -maccumulate-outgoing-args -Os -Wall -Wextra -Wno-missing-field-initializers -Wno-empty-body -Wno-implicit-fallthrough -Wno-old-style-declaration -Wno-unused-but-set-variable -Wno-unused-parameter -Werror -Wno-error=unused-but-set-variable -Wno-error=unused-parameter -I/builddir/build/BUILD/shim-16.1/Cryptlib/OpenSSL -I/builddir/build/BUILD/shim-16.1/Cryptlib -I/builddir/build/BUILD/shim-16.1/Cryptlib/OpenSSL/Include/ -I/builddir/build/BUILD/shim-16.1/Cryptlib/OpenSSL/crypto -I/builddir/build/BUILD/shim-16.1/Cryptlib/Include -I/builddir/build/BUILD/shim-16.1/gnu-efi/inc -I/builddir/build/BUILD/shim-16.1/gnu-efi/inc/x86_64 -I/builddir/build/BUILD/shim-16.1/gnu-efi/inc/protocol -I/builddir/build/BUILD/shim-16.1/Cryptlib/OpenSSL/crypto/asn1 -I/builddir/build/BUILD/shim-16.1/Cryptlib/OpenSSL/crypto/evp -I/builddir/build/BUILD/shim-16.1/Cryptlib/OpenSSL/crypto/modes -I/builddir/build/BUILD/shim-16.1/Cryptlib/OpenSSL/crypto/include -isystem /builddir/build/BUILD/shim-16.1/include/system -isystem /usr/lib/gcc/x86_64-redhat-linux/11/include -DL_ENDIAN -D_CRT_SECURE_NO_DEPRECATE -D_CRT_NONSTDC_NO_DEPRECATE -DOPENSSL_SMALL_FOOTPRINT -DPEDANTIC -DMDE_CPU_X64   -c -o crypto/md5/md5_one.o /builddir/build/BUILD/shim-16.1/Cryptlib/OpenSSL/crypto/md5/md5_one.c
#13 29.81 gcc -std=gnu11 -ggdb -gdwarf-4 -gstrict-dwarf -ffreestanding -fmacro-prefix-map=/builddir/build/BUILD/shim-16.1/= -fno-stack-protector -fno-strict-aliasing -fpic -fshort-wchar -nostdinc -m64 -mno-mmx -mno-sse -mno-red-zone -maccumulate-outgoing-args -Os -Wall -Wextra -Wno-missing-field-initializers -Wno-empty-body -Wno-implicit-fallthrough -Wno-old-style-declaration -Wno-unused-but-set-variable -Wno-unused-parameter -Werror -Wno-error=unused-but-set-variable -Wno-error=unused-parameter -I/builddir/build/BUILD/shim-16.1/Cryptlib/OpenSSL -I/builddir/build/BUILD/shim-16.1/Cryptlib -I/builddir/build/BUILD/shim-16.1/Cryptlib/OpenSSL/Include/ -I/builddir/build/BUILD/shim-16.1/Cryptlib/OpenSSL/crypto -I/builddir/build/BUILD/shim-16.1/Cryptlib/Include -I/builddir/build/BUILD/shim-16.1/gnu-efi/inc -I/builddir/build/BUILD/shim-16.1/gnu-efi/inc/x86_64 -I/builddir/build/BUILD/shim-16.1/gnu-efi/inc/protocol -I/builddir/build/BUILD/shim-16.1/Cryptlib/OpenSSL/crypto/asn1 -I/builddir/build/BUILD/shim-16.1/Cryptlib/OpenSSL/crypto/evp -I/builddir/build/BUILD/shim-16.1/Cryptlib/OpenSSL/crypto/modes -I/builddir/build/BUILD/shim-16.1/Cryptlib/OpenSSL/crypto/include -isystem /builddir/build/BUILD/shim-16.1/include/system -isystem /usr/lib/gcc/x86_64-redhat-linux/11/include -DL_ENDIAN -D_CRT_SECURE_NO_DEPRECATE -D_CRT_NONSTDC_NO_DEPRECATE -DOPENSSL_SMALL_FOOTPRINT -DPEDANTIC -DMDE_CPU_X64   -c -o crypto/sha/sha_dgst.o /builddir/build/BUILD/shim-16.1/Cryptlib/OpenSSL/crypto/sha/sha_dgst.c
#13 29.94 gcc -std=gnu11 -ggdb -gdwarf-4 -gstrict-dwarf -ffreestanding -fmacro-prefix-map=/builddir/build/BUILD/shim-16.1/= -fno-stack-protector -fno-strict-aliasing -fpic -fshort-wchar -nostdinc -m64 -mno-mmx -mno-sse -mno-red-zone -maccumulate-outgoing-args -Os -Wall -Wextra -Wno-missing-field-initializers -Wno-empty-body -Wno-implicit-fallthrough -Wno-old-style-declaration -Wno-unused-but-set-variable -Wno-unused-parameter -Werror -Wno-error=unused-but-set-variable -Wno-error=unused-parameter -I/builddir/build/BUILD/shim-16.1/Cryptlib/OpenSSL -I/builddir/build/BUILD/shim-16.1/Cryptlib -I/builddir/build/BUILD/shim-16.1/Cryptlib/OpenSSL/Include/ -I/builddir/build/BUILD/shim-16.1/Cryptlib/OpenSSL/crypto -I/builddir/build/BUILD/shim-16.1/Cryptlib/Include -I/builddir/build/BUILD/shim-16.1/gnu-efi/inc -I/builddir/build/BUILD/shim-16.1/gnu-efi/inc/x86_64 -I/builddir/build/BUILD/shim-16.1/gnu-efi/inc/protocol -I/builddir/build/BUILD/shim-16.1/Cryptlib/OpenSSL/crypto/asn1 -I/builddir/build/BUILD/shim-16.1/Cryptlib/OpenSSL/crypto/evp -I/builddir/build/BUILD/shim-16.1/Cryptlib/OpenSSL/crypto/modes -I/builddir/build/BUILD/shim-16.1/Cryptlib/OpenSSL/crypto/include -isystem /builddir/build/BUILD/shim-16.1/include/system -isystem /usr/lib/gcc/x86_64-redhat-linux/11/include -DL_ENDIAN -D_CRT_SECURE_NO_DEPRECATE -D_CRT_NONSTDC_NO_DEPRECATE -DOPENSSL_SMALL_FOOTPRINT -DPEDANTIC -DMDE_CPU_X64   -c -o crypto/sha/sha1dgst.o /builddir/build/BUILD/shim-16.1/Cryptlib/OpenSSL/crypto/sha/sha1dgst.c
#13 30.44 gcc -std=gnu11 -ggdb -gdwarf-4 -gstrict-dwarf -ffreestanding -fmacro-prefix-map=/builddir/build/BUILD/shim-16.1/= -fno-stack-protector -fno-strict-aliasing -fpic -fshort-wchar -nostdinc -m64 -mno-mmx -mno-sse -mno-red-zone -maccumulate-outgoing-args -Os -Wall -Wextra -Wno-missing-field-initializers -Wno-empty-body -Wno-implicit-fallthrough -Wno-old-style-declaration -Wno-unused-but-set-variable -Wno-unused-parameter -Werror -Wno-error=unused-but-set-variable -Wno-error=unused-parameter -I/builddir/build/BUILD/shim-16.1/Cryptlib/OpenSSL -I/builddir/build/BUILD/shim-16.1/Cryptlib -I/builddir/build/BUILD/shim-16.1/Cryptlib/OpenSSL/Include/ -I/builddir/build/BUILD/shim-16.1/Cryptlib/OpenSSL/crypto -I/builddir/build/BUILD/shim-16.1/Cryptlib/Include -I/builddir/build/BUILD/shim-16.1/gnu-efi/inc -I/builddir/build/BUILD/shim-16.1/gnu-efi/inc/x86_64 -I/builddir/build/BUILD/shim-16.1/gnu-efi/inc/protocol -I/builddir/build/BUILD/shim-16.1/Cryptlib/OpenSSL/crypto/asn1 -I/builddir/build/BUILD/shim-16.1/Cryptlib/OpenSSL/crypto/evp -I/builddir/build/BUILD/shim-16.1/Cryptlib/OpenSSL/crypto/modes -I/builddir/build/BUILD/shim-16.1/Cryptlib/OpenSSL/crypto/include -isystem /builddir/build/BUILD/shim-16.1/include/system -isystem /usr/lib/gcc/x86_64-redhat-linux/11/include -DL_ENDIAN -D_CRT_SECURE_NO_DEPRECATE -D_CRT_NONSTDC_NO_DEPRECATE -DOPENSSL_SMALL_FOOTPRINT -DPEDANTIC -DMDE_CPU_X64   -c -o crypto/sha/sha_one.o /builddir/build/BUILD/shim-16.1/Cryptlib/OpenSSL/crypto/sha/sha_one.c
#13 30.60 gcc -std=gnu11 -ggdb -gdwarf-4 -gstrict-dwarf -ffreestanding -fmacro-prefix-map=/builddir/build/BUILD/shim-16.1/= -fno-stack-protector -fno-strict-aliasing -fpic -fshort-wchar -nostdinc -m64 -mno-mmx -mno-sse -mno-red-zone -maccumulate-outgoing-args -Os -Wall -Wextra -Wno-missing-field-initializers -Wno-empty-body -Wno-implicit-fallthrough -Wno-old-style-declaration -Wno-unused-but-set-variable -Wno-unused-parameter -Werror -Wno-error=unused-but-set-variable -Wno-error=unused-parameter -I/builddir/build/BUILD/shim-16.1/Cryptlib/OpenSSL -I/builddir/build/BUILD/shim-16.1/Cryptlib -I/builddir/build/BUILD/shim-16.1/Cryptlib/OpenSSL/Include/ -I/builddir/build/BUILD/shim-16.1/Cryptlib/OpenSSL/crypto -I/builddir/build/BUILD/shim-16.1/Cryptlib/Include -I/builddir/build/BUILD/shim-16.1/gnu-efi/inc -I/builddir/build/BUILD/shim-16.1/gnu-efi/inc/x86_64 -I/builddir/build/BUILD/shim-16.1/gnu-efi/inc/protocol -I/builddir/build/BUILD/shim-16.1/Cryptlib/OpenSSL/crypto/asn1 -I/builddir/build/BUILD/shim-16.1/Cryptlib/OpenSSL/crypto/evp -I/builddir/build/BUILD/shim-16.1/Cryptlib/OpenSSL/crypto/modes -I/builddir/build/BUILD/shim-16.1/Cryptlib/OpenSSL/crypto/include -isystem /builddir/build/BUILD/shim-16.1/include/system -isystem /usr/lib/gcc/x86_64-redhat-linux/11/include -DL_ENDIAN -D_CRT_SECURE_NO_DEPRECATE -D_CRT_NONSTDC_NO_DEPRECATE -DOPENSSL_SMALL_FOOTPRINT -DPEDANTIC -DMDE_CPU_X64   -c -o crypto/sha/sha1_one.o /builddir/build/BUILD/shim-16.1/Cryptlib/OpenSSL/crypto/sha/sha1_one.c
#13 30.95 gcc -std=gnu11 -ggdb -gdwarf-4 -gstrict-dwarf -ffreestanding -fmacro-prefix-map=/builddir/build/BUILD/shim-16.1/= -fno-stack-protector -fno-strict-aliasing -fpic -fshort-wchar -nostdinc -m64 -mno-mmx -mno-sse -mno-red-zone -maccumulate-outgoing-args -Os -Wall -Wextra -Wno-missing-field-initializers -Wno-empty-body -Wno-implicit-fallthrough -Wno-old-style-declaration -Wno-unused-but-set-variable -Wno-unused-parameter -Werror -Wno-error=unused-but-set-variable -Wno-error=unused-parameter -I/builddir/build/BUILD/shim-16.1/Cryptlib/OpenSSL -I/builddir/build/BUILD/shim-16.1/Cryptlib -I/builddir/build/BUILD/shim-16.1/Cryptlib/OpenSSL/Include/ -I/builddir/build/BUILD/shim-16.1/Cryptlib/OpenSSL/crypto -I/builddir/build/BUILD/shim-16.1/Cryptlib/Include -I/builddir/build/BUILD/shim-16.1/gnu-efi/inc -I/builddir/build/BUILD/shim-16.1/gnu-efi/inc/x86_64 -I/builddir/build/BUILD/shim-16.1/gnu-efi/inc/protocol -I/builddir/build/BUILD/shim-16.1/Cryptlib/OpenSSL/crypto/asn1 -I/builddir/build/BUILD/shim-16.1/Cryptlib/OpenSSL/crypto/evp -I/builddir/build/BUILD/shim-16.1/Cryptlib/OpenSSL/crypto/modes -I/builddir/build/BUILD/shim-16.1/Cryptlib/OpenSSL/crypto/include -isystem /builddir/build/BUILD/shim-16.1/include/system -isystem /usr/lib/gcc/x86_64-redhat-linux/11/include -DL_ENDIAN -D_CRT_SECURE_NO_DEPRECATE -D_CRT_NONSTDC_NO_DEPRECATE -DOPENSSL_SMALL_FOOTPRINT -DPEDANTIC -DMDE_CPU_X64   -c -o crypto/sha/sha256.o /builddir/build/BUILD/shim-16.1/Cryptlib/OpenSSL/crypto/sha/sha256.c
#13 31.46 gcc -std=gnu11 -ggdb -gdwarf-4 -gstrict-dwarf -ffreestanding -fmacro-prefix-map=/builddir/build/BUILD/shim-16.1/= -fno-stack-protector -fno-strict-aliasing -fpic -fshort-wchar -nostdinc -m64 -mno-mmx -mno-sse -mno-red-zone -maccumulate-outgoing-args -Os -Wall -Wextra -Wno-missing-field-initializers -Wno-empty-body -Wno-implicit-fallthrough -Wno-old-style-declaration -Wno-unused-but-set-variable -Wno-unused-parameter -Werror -Wno-error=unused-but-set-variable -Wno-error=unused-parameter -I/builddir/build/BUILD/shim-16.1/Cryptlib/OpenSSL -I/builddir/build/BUILD/shim-16.1/Cryptlib -I/builddir/build/BUILD/shim-16.1/Cryptlib/OpenSSL/Include/ -I/builddir/build/BUILD/shim-16.1/Cryptlib/OpenSSL/crypto -I/builddir/build/BUILD/shim-16.1/Cryptlib/Include -I/builddir/build/BUILD/shim-16.1/gnu-efi/inc -I/builddir/build/BUILD/shim-16.1/gnu-efi/inc/x86_64 -I/builddir/build/BUILD/shim-16.1/gnu-efi/inc/protocol -I/builddir/build/BUILD/shim-16.1/Cryptlib/OpenSSL/crypto/asn1 -I/builddir/build/BUILD/shim-16.1/Cryptlib/OpenSSL/crypto/evp -I/builddir/build/BUILD/shim-16.1/Cryptlib/OpenSSL/crypto/modes -I/builddir/build/BUILD/shim-16.1/Cryptlib/OpenSSL/crypto/include -isystem /builddir/build/BUILD/shim-16.1/include/system -isystem /usr/lib/gcc/x86_64-redhat-linux/11/include -DL_ENDIAN -D_CRT_SECURE_NO_DEPRECATE -D_CRT_NONSTDC_NO_DEPRECATE -DOPENSSL_SMALL_FOOTPRINT -DPEDANTIC -DMDE_CPU_X64   -c -o crypto/sha/sha512.o /builddir/build/BUILD/shim-16.1/Cryptlib/OpenSSL/crypto/sha/sha512.c
#13 32.00 gcc -std=gnu11 -ggdb -gdwarf-4 -gstrict-dwarf -ffreestanding -fmacro-prefix-map=/builddir/build/BUILD/shim-16.1/= -fno-stack-protector -fno-strict-aliasing -fpic -fshort-wchar -nostdinc -m64 -mno-mmx -mno-sse -mno-red-zone -maccumulate-outgoing-args -Os -Wall -Wextra -Wno-missing-field-initializers -Wno-empty-body -Wno-implicit-fallthrough -Wno-old-style-declaration -Wno-unused-but-set-variable -Wno-unused-parameter -Werror -Wno-error=unused-but-set-variable -Wno-error=unused-parameter -I/builddir/build/BUILD/shim-16.1/Cryptlib/OpenSSL -I/builddir/build/BUILD/shim-16.1/Cryptlib -I/builddir/build/BUILD/shim-16.1/Cryptlib/OpenSSL/Include/ -I/builddir/build/BUILD/shim-16.1/Cryptlib/OpenSSL/crypto -I/builddir/build/BUILD/shim-16.1/Cryptlib/Include -I/builddir/build/BUILD/shim-16.1/gnu-efi/inc -I/builddir/build/BUILD/shim-16.1/gnu-efi/inc/x86_64 -I/builddir/build/BUILD/shim-16.1/gnu-efi/inc/protocol -I/builddir/build/BUILD/shim-16.1/Cryptlib/OpenSSL/crypto/asn1 -I/builddir/build/BUILD/shim-16.1/Cryptlib/OpenSSL/crypto/evp -I/builddir/build/BUILD/shim-16.1/Cryptlib/OpenSSL/crypto/modes -I/builddir/build/BUILD/shim-16.1/Cryptlib/OpenSSL/crypto/include -isystem /builddir/build/BUILD/shim-16.1/include/system -isystem /usr/lib/gcc/x86_64-redhat-linux/11/include -DL_ENDIAN -D_CRT_SECURE_NO_DEPRECATE -D_CRT_NONSTDC_NO_DEPRECATE -DOPENSSL_SMALL_FOOTPRINT -DPEDANTIC -DMDE_CPU_X64   -c -o crypto/hmac/hmac.o /builddir/build/BUILD/shim-16.1/Cryptlib/OpenSSL/crypto/hmac/hmac.c
#13 32.51 gcc -std=gnu11 -ggdb -gdwarf-4 -gstrict-dwarf -ffreestanding -fmacro-prefix-map=/builddir/build/BUILD/shim-16.1/= -fno-stack-protector -fno-strict-aliasing -fpic -fshort-wchar -nostdinc -m64 -mno-mmx -mno-sse -mno-red-zone -maccumulate-outgoing-args -Os -Wall -Wextra -Wno-missing-field-initializers -Wno-empty-body -Wno-implicit-fallthrough -Wno-old-style-declaration -Wno-unused-but-set-variable -Wno-unused-parameter -Werror -Wno-error=unused-but-set-variable -Wno-error=unused-parameter -I/builddir/build/BUILD/shim-16.1/Cryptlib/OpenSSL -I/builddir/build/BUILD/shim-16.1/Cryptlib -I/builddir/build/BUILD/shim-16.1/Cryptlib/OpenSSL/Include/ -I/builddir/build/BUILD/shim-16.1/Cryptlib/OpenSSL/crypto -I/builddir/build/BUILD/shim-16.1/Cryptlib/Include -I/builddir/build/BUILD/shim-16.1/gnu-efi/inc -I/builddir/build/BUILD/shim-16.1/gnu-efi/inc/x86_64 -I/builddir/build/BUILD/shim-16.1/gnu-efi/inc/protocol -I/builddir/build/BUILD/shim-16.1/Cryptlib/OpenSSL/crypto/asn1 -I/builddir/build/BUILD/shim-16.1/Cryptlib/OpenSSL/crypto/evp -I/builddir/build/BUILD/shim-16.1/Cryptlib/OpenSSL/crypto/modes -I/builddir/build/BUILD/shim-16.1/Cryptlib/OpenSSL/crypto/include -isystem /builddir/build/BUILD/shim-16.1/include/system -isystem /usr/lib/gcc/x86_64-redhat-linux/11/include -DL_ENDIAN -D_CRT_SECURE_NO_DEPRECATE -D_CRT_NONSTDC_NO_DEPRECATE -DOPENSSL_SMALL_FOOTPRINT -DPEDANTIC -DMDE_CPU_X64   -c -o crypto/hmac/hm_ameth.o /builddir/build/BUILD/shim-16.1/Cryptlib/OpenSSL/crypto/hmac/hm_ameth.c
#13 32.93 gcc -std=gnu11 -ggdb -gdwarf-4 -gstrict-dwarf -ffreestanding -fmacro-prefix-map=/builddir/build/BUILD/shim-16.1/= -fno-stack-protector -fno-strict-aliasing -fpic -fshort-wchar -nostdinc -m64 -mno-mmx -mno-sse -mno-red-zone -maccumulate-outgoing-args -Os -Wall -Wextra -Wno-missing-field-initializers -Wno-empty-body -Wno-implicit-fallthrough -Wno-old-style-declaration -Wno-unused-but-set-variable -Wno-unused-parameter -Werror -Wno-error=unused-but-set-variable -Wno-error=unused-parameter -I/builddir/build/BUILD/shim-16.1/Cryptlib/OpenSSL -I/builddir/build/BUILD/shim-16.1/Cryptlib -I/builddir/build/BUILD/shim-16.1/Cryptlib/OpenSSL/Include/ -I/builddir/build/BUILD/shim-16.1/Cryptlib/OpenSSL/crypto -I/builddir/build/BUILD/shim-16.1/Cryptlib/Include -I/builddir/build/BUILD/shim-16.1/gnu-efi/inc -I/builddir/build/BUILD/shim-16.1/gnu-efi/inc/x86_64 -I/builddir/build/BUILD/shim-16.1/gnu-efi/inc/protocol -I/builddir/build/BUILD/shim-16.1/Cryptlib/OpenSSL/crypto/asn1 -I/builddir/build/BUILD/shim-16.1/Cryptlib/OpenSSL/crypto/evp -I/builddir/build/BUILD/shim-16.1/Cryptlib/OpenSSL/crypto/modes -I/builddir/build/BUILD/shim-16.1/Cryptlib/OpenSSL/crypto/include -isystem /builddir/build/BUILD/shim-16.1/include/system -isystem /usr/lib/gcc/x86_64-redhat-linux/11/include -DL_ENDIAN -D_CRT_SECURE_NO_DEPRECATE -D_CRT_NONSTDC_NO_DEPRECATE -DOPENSSL_SMALL_FOOTPRINT -DPEDANTIC -DMDE_CPU_X64   -c -o crypto/hmac/hm_pmeth.o /builddir/build/BUILD/shim-16.1/Cryptlib/OpenSSL/crypto/hmac/hm_pmeth.c
#13 33.41 gcc -std=gnu11 -ggdb -gdwarf-4 -gstrict-dwarf -ffreestanding -fmacro-prefix-map=/builddir/build/BUILD/shim-16.1/= -fno-stack-protector -fno-strict-aliasing -fpic -fshort-wchar -nostdinc -m64 -mno-mmx -mno-sse -mno-red-zone -maccumulate-outgoing-args -Os -Wall -Wextra -Wno-missing-field-initializers -Wno-empty-body -Wno-implicit-fallthrough -Wno-old-style-declaration -Wno-unused-but-set-variable -Wno-unused-parameter -Werror -Wno-error=unused-but-set-variable -Wno-error=unused-parameter -I/builddir/build/BUILD/shim-16.1/Cryptlib/OpenSSL -I/builddir/build/BUILD/shim-16.1/Cryptlib -I/builddir/build/BUILD/shim-16.1/Cryptlib/OpenSSL/Include/ -I/builddir/build/BUILD/shim-16.1/Cryptlib/OpenSSL/crypto -I/builddir/build/BUILD/shim-16.1/Cryptlib/Include -I/builddir/build/BUILD/shim-16.1/gnu-efi/inc -I/builddir/build/BUILD/shim-16.1/gnu-efi/inc/x86_64 -I/builddir/build/BUILD/shim-16.1/gnu-efi/inc/protocol -I/builddir/build/BUILD/shim-16.1/Cryptlib/OpenSSL/crypto/asn1 -I/builddir/build/BUILD/shim-16.1/Cryptlib/OpenSSL/crypto/evp -I/builddir/build/BUILD/shim-16.1/Cryptlib/OpenSSL/crypto/modes -I/builddir/build/BUILD/shim-16.1/Cryptlib/OpenSSL/crypto/include -isystem /builddir/build/BUILD/shim-16.1/include/system -isystem /usr/lib/gcc/x86_64-redhat-linux/11/include -DL_ENDIAN -D_CRT_SECURE_NO_DEPRECATE -D_CRT_NONSTDC_NO_DEPRECATE -DOPENSSL_SMALL_FOOTPRINT -DPEDANTIC -DMDE_CPU_X64   -c -o crypto/rc4/rc4_enc.o /builddir/build/BUILD/shim-16.1/Cryptlib/OpenSSL/crypto/rc4/rc4_enc.c
#13 33.83 gcc -std=gnu11 -ggdb -gdwarf-4 -gstrict-dwarf -ffreestanding -fmacro-prefix-map=/builddir/build/BUILD/shim-16.1/= -fno-stack-protector -fno-strict-aliasing -fpic -fshort-wchar -nostdinc -m64 -mno-mmx -mno-sse -mno-red-zone -maccumulate-outgoing-args -Os -Wall -Wextra -Wno-missing-field-initializers -Wno-empty-body -Wno-implicit-fallthrough -Wno-old-style-declaration -Wno-unused-but-set-variable -Wno-unused-parameter -Werror -Wno-error=unused-but-set-variable -Wno-error=unused-parameter -I/builddir/build/BUILD/shim-16.1/Cryptlib/OpenSSL -I/builddir/build/BUILD/shim-16.1/Cryptlib -I/builddir/build/BUILD/shim-16.1/Cryptlib/OpenSSL/Include/ -I/builddir/build/BUILD/shim-16.1/Cryptlib/OpenSSL/crypto -I/builddir/build/BUILD/shim-16.1/Cryptlib/Include -I/builddir/build/BUILD/shim-16.1/gnu-efi/inc -I/builddir/build/BUILD/shim-16.1/gnu-efi/inc/x86_64 -I/builddir/build/BUILD/shim-16.1/gnu-efi/inc/protocol -I/builddir/build/BUILD/shim-16.1/Cryptlib/OpenSSL/crypto/asn1 -I/builddir/build/BUILD/shim-16.1/Cryptlib/OpenSSL/crypto/evp -I/builddir/build/BUILD/shim-16.1/Cryptlib/OpenSSL/crypto/modes -I/builddir/build/BUILD/shim-16.1/Cryptlib/OpenSSL/crypto/include -isystem /builddir/build/BUILD/shim-16.1/include/system -isystem /usr/lib/gcc/x86_64-redhat-linux/11/include -DL_ENDIAN -D_CRT_SECURE_NO_DEPRECATE -D_CRT_NONSTDC_NO_DEPRECATE -DOPENSSL_SMALL_FOOTPRINT -DPEDANTIC -DMDE_CPU_X64   -c -o crypto/rc4/rc4_skey.o /builddir/build/BUILD/shim-16.1/Cryptlib/OpenSSL/crypto/rc4/rc4_skey.c
#13 34.27 gcc -std=gnu11 -ggdb -gdwarf-4 -gstrict-dwarf -ffreestanding -fmacro-prefix-map=/builddir/build/BUILD/shim-16.1/= -fno-stack-protector -fno-strict-aliasing -fpic -fshort-wchar -nostdinc -m64 -mno-mmx -mno-sse -mno-red-zone -maccumulate-outgoing-args -Os -Wall -Wextra -Wno-missing-field-initializers -Wno-empty-body -Wno-implicit-fallthrough -Wno-old-style-declaration -Wno-unused-but-set-variable -Wno-unused-parameter -Werror -Wno-error=unused-but-set-variable -Wno-error=unused-parameter -I/builddir/build/BUILD/shim-16.1/Cryptlib/OpenSSL -I/builddir/build/BUILD/shim-16.1/Cryptlib -I/builddir/build/BUILD/shim-16.1/Cryptlib/OpenSSL/Include/ -I/builddir/build/BUILD/shim-16.1/Cryptlib/OpenSSL/crypto -I/builddir/build/BUILD/shim-16.1/Cryptlib/Include -I/builddir/build/BUILD/shim-16.1/gnu-efi/inc -I/builddir/build/BUILD/shim-16.1/gnu-efi/inc/x86_64 -I/builddir/build/BUILD/shim-16.1/gnu-efi/inc/protocol -I/builddir/build/BUILD/shim-16.1/Cryptlib/OpenSSL/crypto/asn1 -I/builddir/build/BUILD/shim-16.1/Cryptlib/OpenSSL/crypto/evp -I/builddir/build/BUILD/shim-16.1/Cryptlib/OpenSSL/crypto/modes -I/builddir/build/BUILD/shim-16.1/Cryptlib/OpenSSL/crypto/include -isystem /builddir/build/BUILD/shim-16.1/include/system -isystem /usr/lib/gcc/x86_64-redhat-linux/11/include -DL_ENDIAN -D_CRT_SECURE_NO_DEPRECATE -D_CRT_NONSTDC_NO_DEPRECATE -DOPENSSL_SMALL_FOOTPRINT -DPEDANTIC -DMDE_CPU_X64   -c -o crypto/rc4/rc4_utl.o /builddir/build/BUILD/shim-16.1/Cryptlib/OpenSSL/crypto/rc4/rc4_utl.c
#13 34.53 gcc -std=gnu11 -ggdb -gdwarf-4 -gstrict-dwarf -ffreestanding -fmacro-prefix-map=/builddir/build/BUILD/shim-16.1/= -fno-stack-protector -fno-strict-aliasing -fpic -fshort-wchar -nostdinc -m64 -mno-mmx -mno-sse -mno-red-zone -maccumulate-outgoing-args -Os -Wall -Wextra -Wno-missing-field-initializers -Wno-empty-body -Wno-implicit-fallthrough -Wno-old-style-declaration -Wno-unused-but-set-variable -Wno-unused-parameter -Werror -Wno-error=unused-but-set-variable -Wno-error=unused-parameter -I/builddir/build/BUILD/shim-16.1/Cryptlib/OpenSSL -I/builddir/build/BUILD/shim-16.1/Cryptlib -I/builddir/build/BUILD/shim-16.1/Cryptlib/OpenSSL/Include/ -I/builddir/build/BUILD/shim-16.1/Cryptlib/OpenSSL/crypto -I/builddir/build/BUILD/shim-16.1/Cryptlib/Include -I/builddir/build/BUILD/shim-16.1/gnu-efi/inc -I/builddir/build/BUILD/shim-16.1/gnu-efi/inc/x86_64 -I/builddir/build/BUILD/shim-16.1/gnu-efi/inc/protocol -I/builddir/build/BUILD/shim-16.1/Cryptlib/OpenSSL/crypto/asn1 -I/builddir/build/BUILD/shim-16.1/Cryptlib/OpenSSL/crypto/evp -I/builddir/build/BUILD/shim-16.1/Cryptlib/OpenSSL/crypto/modes -I/builddir/build/BUILD/shim-16.1/Cryptlib/OpenSSL/crypto/include -isystem /builddir/build/BUILD/shim-16.1/include/system -isystem /usr/lib/gcc/x86_64-redhat-linux/11/include -DL_ENDIAN -D_CRT_SECURE_NO_DEPRECATE -D_CRT_NONSTDC_NO_DEPRECATE -DOPENSSL_SMALL_FOOTPRINT -DPEDANTIC -DMDE_CPU_X64   -c -o crypto/aes/aes_misc.o /builddir/build/BUILD/shim-16.1/Cryptlib/OpenSSL/crypto/aes/aes_misc.c
#13 34.85 gcc -std=gnu11 -ggdb -gdwarf-4 -gstrict-dwarf -ffreestanding -fmacro-prefix-map=/builddir/build/BUILD/shim-16.1/= -fno-stack-protector -fno-strict-aliasing -fpic -fshort-wchar -nostdinc -m64 -mno-mmx -mno-sse -mno-red-zone -maccumulate-outgoing-args -Os -Wall -Wextra -Wno-missing-field-initializers -Wno-empty-body -Wno-implicit-fallthrough -Wno-old-style-declaration -Wno-unused-but-set-variable -Wno-unused-parameter -Werror -Wno-error=unused-but-set-variable -Wno-error=unused-parameter -I/builddir/build/BUILD/shim-16.1/Cryptlib/OpenSSL -I/builddir/build/BUILD/shim-16.1/Cryptlib -I/builddir/build/BUILD/shim-16.1/Cryptlib/OpenSSL/Include/ -I/builddir/build/BUILD/shim-16.1/Cryptlib/OpenSSL/crypto -I/builddir/build/BUILD/shim-16.1/Cryptlib/Include -I/builddir/build/BUILD/shim-16.1/gnu-efi/inc -I/builddir/build/BUILD/shim-16.1/gnu-efi/inc/x86_64 -I/builddir/build/BUILD/shim-16.1/gnu-efi/inc/protocol -I/builddir/build/BUILD/shim-16.1/Cryptlib/OpenSSL/crypto/asn1 -I/builddir/build/BUILD/shim-16.1/Cryptlib/OpenSSL/crypto/evp -I/builddir/build/BUILD/shim-16.1/Cryptlib/OpenSSL/crypto/modes -I/builddir/build/BUILD/shim-16.1/Cryptlib/OpenSSL/crypto/include -isystem /builddir/build/BUILD/shim-16.1/include/system -isystem /usr/lib/gcc/x86_64-redhat-linux/11/include -DL_ENDIAN -D_CRT_SECURE_NO_DEPRECATE -D_CRT_NONSTDC_NO_DEPRECATE -DOPENSSL_SMALL_FOOTPRINT -DPEDANTIC -DMDE_CPU_X64   -c -o crypto/aes/aes_ecb.o /builddir/build/BUILD/shim-16.1/Cryptlib/OpenSSL/crypto/aes/aes_ecb.c
#13 35.15 gcc -std=gnu11 -ggdb -gdwarf-4 -gstrict-dwarf -ffreestanding -fmacro-prefix-map=/builddir/build/BUILD/shim-16.1/= -fno-stack-protector -fno-strict-aliasing -fpic -fshort-wchar -nostdinc -m64 -mno-mmx -mno-sse -mno-red-zone -maccumulate-outgoing-args -Os -Wall -Wextra -Wno-missing-field-initializers -Wno-empty-body -Wno-implicit-fallthrough -Wno-old-style-declaration -Wno-unused-but-set-variable -Wno-unused-parameter -Werror -Wno-error=unused-but-set-variable -Wno-error=unused-parameter -I/builddir/build/BUILD/shim-16.1/Cryptlib/OpenSSL -I/builddir/build/BUILD/shim-16.1/Cryptlib -I/builddir/build/BUILD/shim-16.1/Cryptlib/OpenSSL/Include/ -I/builddir/build/BUILD/shim-16.1/Cryptlib/OpenSSL/crypto -I/builddir/build/BUILD/shim-16.1/Cryptlib/Include -I/builddir/build/BUILD/shim-16.1/gnu-efi/inc -I/builddir/build/BUILD/shim-16.1/gnu-efi/inc/x86_64 -I/builddir/build/BUILD/shim-16.1/gnu-efi/inc/protocol -I/builddir/build/BUILD/shim-16.1/Cryptlib/OpenSSL/crypto/asn1 -I/builddir/build/BUILD/shim-16.1/Cryptlib/OpenSSL/crypto/evp -I/builddir/build/BUILD/shim-16.1/Cryptlib/OpenSSL/crypto/modes -I/builddir/build/BUILD/shim-16.1/Cryptlib/OpenSSL/crypto/include -isystem /builddir/build/BUILD/shim-16.1/include/system -isystem /usr/lib/gcc/x86_64-redhat-linux/11/include -DL_ENDIAN -D_CRT_SECURE_NO_DEPRECATE -D_CRT_NONSTDC_NO_DEPRECATE -DOPENSSL_SMALL_FOOTPRINT -DPEDANTIC -DMDE_CPU_X64   -c -o crypto/aes/aes_cfb.o /builddir/build/BUILD/shim-16.1/Cryptlib/OpenSSL/crypto/aes/aes_cfb.c
#13 35.44 gcc -std=gnu11 -ggdb -gdwarf-4 -gstrict-dwarf -ffreestanding -fmacro-prefix-map=/builddir/build/BUILD/shim-16.1/= -fno-stack-protector -fno-strict-aliasing -fpic -fshort-wchar -nostdinc -m64 -mno-mmx -mno-sse -mno-red-zone -maccumulate-outgoing-args -Os -Wall -Wextra -Wno-missing-field-initializers -Wno-empty-body -Wno-implicit-fallthrough -Wno-old-style-declaration -Wno-unused-but-set-variable -Wno-unused-parameter -Werror -Wno-error=unused-but-set-variable -Wno-error=unused-parameter -I/builddir/build/BUILD/shim-16.1/Cryptlib/OpenSSL -I/builddir/build/BUILD/shim-16.1/Cryptlib -I/builddir/build/BUILD/shim-16.1/Cryptlib/OpenSSL/Include/ -I/builddir/build/BUILD/shim-16.1/Cryptlib/OpenSSL/crypto -I/builddir/build/BUILD/shim-16.1/Cryptlib/Include -I/builddir/build/BUILD/shim-16.1/gnu-efi/inc -I/builddir/build/BUILD/shim-16.1/gnu-efi/inc/x86_64 -I/builddir/build/BUILD/shim-16.1/gnu-efi/inc/protocol -I/builddir/build/BUILD/shim-16.1/Cryptlib/OpenSSL/crypto/asn1 -I/builddir/build/BUILD/shim-16.1/Cryptlib/OpenSSL/crypto/evp -I/builddir/build/BUILD/shim-16.1/Cryptlib/OpenSSL/crypto/modes -I/builddir/build/BUILD/shim-16.1/Cryptlib/OpenSSL/crypto/include -isystem /builddir/build/BUILD/shim-16.1/include/system -isystem /usr/lib/gcc/x86_64-redhat-linux/11/include -DL_ENDIAN -D_CRT_SECURE_NO_DEPRECATE -D_CRT_NONSTDC_NO_DEPRECATE -DOPENSSL_SMALL_FOOTPRINT -DPEDANTIC -DMDE_CPU_X64   -c -o crypto/aes/aes_ofb.o /builddir/build/BUILD/shim-16.1/Cryptlib/OpenSSL/crypto/aes/aes_ofb.c
#13 35.71 gcc -std=gnu11 -ggdb -gdwarf-4 -gstrict-dwarf -ffreestanding -fmacro-prefix-map=/builddir/build/BUILD/shim-16.1/= -fno-stack-protector -fno-strict-aliasing -fpic -fshort-wchar -nostdinc -m64 -mno-mmx -mno-sse -mno-red-zone -maccumulate-outgoing-args -Os -Wall -Wextra -Wno-missing-field-initializers -Wno-empty-body -Wno-implicit-fallthrough -Wno-old-style-declaration -Wno-unused-but-set-variable -Wno-unused-parameter -Werror -Wno-error=unused-but-set-variable -Wno-error=unused-parameter -I/builddir/build/BUILD/shim-16.1/Cryptlib/OpenSSL -I/builddir/build/BUILD/shim-16.1/Cryptlib -I/builddir/build/BUILD/shim-16.1/Cryptlib/OpenSSL/Include/ -I/builddir/build/BUILD/shim-16.1/Cryptlib/OpenSSL/crypto -I/builddir/build/BUILD/shim-16.1/Cryptlib/Include -I/builddir/build/BUILD/shim-16.1/gnu-efi/inc -I/builddir/build/BUILD/shim-16.1/gnu-efi/inc/x86_64 -I/builddir/build/BUILD/shim-16.1/gnu-efi/inc/protocol -I/builddir/build/BUILD/shim-16.1/Cryptlib/OpenSSL/crypto/asn1 -I/builddir/build/BUILD/shim-16.1/Cryptlib/OpenSSL/crypto/evp -I/builddir/build/BUILD/shim-16.1/Cryptlib/OpenSSL/crypto/modes -I/builddir/build/BUILD/shim-16.1/Cryptlib/OpenSSL/crypto/include -isystem /builddir/build/BUILD/shim-16.1/include/system -isystem /usr/lib/gcc/x86_64-redhat-linux/11/include -DL_ENDIAN -D_CRT_SECURE_NO_DEPRECATE -D_CRT_NONSTDC_NO_DEPRECATE -DOPENSSL_SMALL_FOOTPRINT -DPEDANTIC -DMDE_CPU_X64   -c -o crypto/aes/aes_ctr.o /builddir/build/BUILD/shim-16.1/Cryptlib/OpenSSL/crypto/aes/aes_ctr.c
#13 35.98 gcc -std=gnu11 -ggdb -gdwarf-4 -gstrict-dwarf -ffreestanding -fmacro-prefix-map=/builddir/build/BUILD/shim-16.1/= -fno-stack-protector -fno-strict-aliasing -fpic -fshort-wchar -nostdinc -m64 -mno-mmx -mno-sse -mno-red-zone -maccumulate-outgoing-args -Os -Wall -Wextra -Wno-missing-field-initializers -Wno-empty-body -Wno-implicit-fallthrough -Wno-old-style-declaration -Wno-unused-but-set-variable -Wno-unused-parameter -Werror -Wno-error=unused-but-set-variable -Wno-error=unused-parameter -I/builddir/build/BUILD/shim-16.1/Cryptlib/OpenSSL -I/builddir/build/BUILD/shim-16.1/Cryptlib -I/builddir/build/BUILD/shim-16.1/Cryptlib/OpenSSL/Include/ -I/builddir/build/BUILD/shim-16.1/Cryptlib/OpenSSL/crypto -I/builddir/build/BUILD/shim-16.1/Cryptlib/Include -I/builddir/build/BUILD/shim-16.1/gnu-efi/inc -I/builddir/build/BUILD/shim-16.1/gnu-efi/inc/x86_64 -I/builddir/build/BUILD/shim-16.1/gnu-efi/inc/protocol -I/builddir/build/BUILD/shim-16.1/Cryptlib/OpenSSL/crypto/asn1 -I/builddir/build/BUILD/shim-16.1/Cryptlib/OpenSSL/crypto/evp -I/builddir/build/BUILD/shim-16.1/Cryptlib/OpenSSL/crypto/modes -I/builddir/build/BUILD/shim-16.1/Cryptlib/OpenSSL/crypto/include -isystem /builddir/build/BUILD/shim-16.1/include/system -isystem /usr/lib/gcc/x86_64-redhat-linux/11/include -DL_ENDIAN -D_CRT_SECURE_NO_DEPRECATE -D_CRT_NONSTDC_NO_DEPRECATE -DOPENSSL_SMALL_FOOTPRINT -DPEDANTIC -DMDE_CPU_X64   -c -o crypto/aes/aes_ige.o /builddir/build/BUILD/shim-16.1/Cryptlib/OpenSSL/crypto/aes/aes_ige.c
#13 36.47 gcc -std=gnu11 -ggdb -gdwarf-4 -gstrict-dwarf -ffreestanding -fmacro-prefix-map=/builddir/build/BUILD/shim-16.1/= -fno-stack-protector -fno-strict-aliasing -fpic -fshort-wchar -nostdinc -m64 -mno-mmx -mno-sse -mno-red-zone -maccumulate-outgoing-args -Os -Wall -Wextra -Wno-missing-field-initializers -Wno-empty-body -Wno-implicit-fallthrough -Wno-old-style-declaration -Wno-unused-but-set-variable -Wno-unused-parameter -Werror -Wno-error=unused-but-set-variable -Wno-error=unused-parameter -I/builddir/build/BUILD/shim-16.1/Cryptlib/OpenSSL -I/builddir/build/BUILD/shim-16.1/Cryptlib -I/builddir/build/BUILD/shim-16.1/Cryptlib/OpenSSL/Include/ -I/builddir/build/BUILD/shim-16.1/Cryptlib/OpenSSL/crypto -I/builddir/build/BUILD/shim-16.1/Cryptlib/Include -I/builddir/build/BUILD/shim-16.1/gnu-efi/inc -I/builddir/build/BUILD/shim-16.1/gnu-efi/inc/x86_64 -I/builddir/build/BUILD/shim-16.1/gnu-efi/inc/protocol -I/builddir/build/BUILD/shim-16.1/Cryptlib/OpenSSL/crypto/asn1 -I/builddir/build/BUILD/shim-16.1/Cryptlib/OpenSSL/crypto/evp -I/builddir/build/BUILD/shim-16.1/Cryptlib/OpenSSL/crypto/modes -I/builddir/build/BUILD/shim-16.1/Cryptlib/OpenSSL/crypto/include -isystem /builddir/build/BUILD/shim-16.1/include/system -isystem /usr/lib/gcc/x86_64-redhat-linux/11/include -DL_ENDIAN -D_CRT_SECURE_NO_DEPRECATE -D_CRT_NONSTDC_NO_DEPRECATE -DOPENSSL_SMALL_FOOTPRINT -DPEDANTIC -DMDE_CPU_X64   -c -o crypto/aes/aes_wrap.o /builddir/build/BUILD/shim-16.1/Cryptlib/OpenSSL/crypto/aes/aes_wrap.c
#13 36.79 gcc -std=gnu11 -ggdb -gdwarf-4 -gstrict-dwarf -ffreestanding -fmacro-prefix-map=/builddir/build/BUILD/shim-16.1/= -fno-stack-protector -fno-strict-aliasing -fpic -fshort-wchar -nostdinc -m64 -mno-mmx -mno-sse -mno-red-zone -maccumulate-outgoing-args -Os -Wall -Wextra -Wno-missing-field-initializers -Wno-empty-body -Wno-implicit-fallthrough -Wno-old-style-declaration -Wno-unused-but-set-variable -Wno-unused-parameter -Werror -Wno-error=unused-but-set-variable -Wno-error=unused-parameter -I/builddir/build/BUILD/shim-16.1/Cryptlib/OpenSSL -I/builddir/build/BUILD/shim-16.1/Cryptlib -I/builddir/build/BUILD/shim-16.1/Cryptlib/OpenSSL/Include/ -I/builddir/build/BUILD/shim-16.1/Cryptlib/OpenSSL/crypto -I/builddir/build/BUILD/shim-16.1/Cryptlib/Include -I/builddir/build/BUILD/shim-16.1/gnu-efi/inc -I/builddir/build/BUILD/shim-16.1/gnu-efi/inc/x86_64 -I/builddir/build/BUILD/shim-16.1/gnu-efi/inc/protocol -I/builddir/build/BUILD/shim-16.1/Cryptlib/OpenSSL/crypto/asn1 -I/builddir/build/BUILD/shim-16.1/Cryptlib/OpenSSL/crypto/evp -I/builddir/build/BUILD/shim-16.1/Cryptlib/OpenSSL/crypto/modes -I/builddir/build/BUILD/shim-16.1/Cryptlib/OpenSSL/crypto/include -isystem /builddir/build/BUILD/shim-16.1/include/system -isystem /usr/lib/gcc/x86_64-redhat-linux/11/include -DL_ENDIAN -D_CRT_SECURE_NO_DEPRECATE -D_CRT_NONSTDC_NO_DEPRECATE -DOPENSSL_SMALL_FOOTPRINT -DPEDANTIC -DMDE_CPU_X64   -c -o crypto/aes/aes_core.o /builddir/build/BUILD/shim-16.1/Cryptlib/OpenSSL/crypto/aes/aes_core.c
#13 37.31 gcc -std=gnu11 -ggdb -gdwarf-4 -gstrict-dwarf -ffreestanding -fmacro-prefix-map=/builddir/build/BUILD/shim-16.1/= -fno-stack-protector -fno-strict-aliasing -fpic -fshort-wchar -nostdinc -m64 -mno-mmx -mno-sse -mno-red-zone -maccumulate-outgoing-args -Os -Wall -Wextra -Wno-missing-field-initializers -Wno-empty-body -Wno-implicit-fallthrough -Wno-old-style-declaration -Wno-unused-but-set-variable -Wno-unused-parameter -Werror -Wno-error=unused-but-set-variable -Wno-error=unused-parameter -I/builddir/build/BUILD/shim-16.1/Cryptlib/OpenSSL -I/builddir/build/BUILD/shim-16.1/Cryptlib -I/builddir/build/BUILD/shim-16.1/Cryptlib/OpenSSL/Include/ -I/builddir/build/BUILD/shim-16.1/Cryptlib/OpenSSL/crypto -I/builddir/build/BUILD/shim-16.1/Cryptlib/Include -I/builddir/build/BUILD/shim-16.1/gnu-efi/inc -I/builddir/build/BUILD/shim-16.1/gnu-efi/inc/x86_64 -I/builddir/build/BUILD/shim-16.1/gnu-efi/inc/protocol -I/builddir/build/BUILD/shim-16.1/Cryptlib/OpenSSL/crypto/asn1 -I/builddir/build/BUILD/shim-16.1/Cryptlib/OpenSSL/crypto/evp -I/builddir/build/BUILD/shim-16.1/Cryptlib/OpenSSL/crypto/modes -I/builddir/build/BUILD/shim-16.1/Cryptlib/OpenSSL/crypto/include -isystem /builddir/build/BUILD/shim-16.1/include/system -isystem /usr/lib/gcc/x86_64-redhat-linux/11/include -DL_ENDIAN -D_CRT_SECURE_NO_DEPRECATE -D_CRT_NONSTDC_NO_DEPRECATE -DOPENSSL_SMALL_FOOTPRINT -DPEDANTIC -DMDE_CPU_X64   -c -o crypto/aes/aes_cbc.o /builddir/build/BUILD/shim-16.1/Cryptlib/OpenSSL/crypto/aes/aes_cbc.c
#13 37.59 gcc -std=gnu11 -ggdb -gdwarf-4 -gstrict-dwarf -ffreestanding -fmacro-prefix-map=/builddir/build/BUILD/shim-16.1/= -fno-stack-protector -fno-strict-aliasing -fpic -fshort-wchar -nostdinc -m64 -mno-mmx -mno-sse -mno-red-zone -maccumulate-outgoing-args -Os -Wall -Wextra -Wno-missing-field-initializers -Wno-empty-body -Wno-implicit-fallthrough -Wno-old-style-declaration -Wno-unused-but-set-variable -Wno-unused-parameter -Werror -Wno-error=unused-but-set-variable -Wno-error=unused-parameter -I/builddir/build/BUILD/shim-16.1/Cryptlib/OpenSSL -I/builddir/build/BUILD/shim-16.1/Cryptlib -I/builddir/build/BUILD/shim-16.1/Cryptlib/OpenSSL/Include/ -I/builddir/build/BUILD/shim-16.1/Cryptlib/OpenSSL/crypto -I/builddir/build/BUILD/shim-16.1/Cryptlib/Include -I/builddir/build/BUILD/shim-16.1/gnu-efi/inc -I/builddir/build/BUILD/shim-16.1/gnu-efi/inc/x86_64 -I/builddir/build/BUILD/shim-16.1/gnu-efi/inc/protocol -I/builddir/build/BUILD/shim-16.1/Cryptlib/OpenSSL/crypto/asn1 -I/builddir/build/BUILD/shim-16.1/Cryptlib/OpenSSL/crypto/evp -I/builddir/build/BUILD/shim-16.1/Cryptlib/OpenSSL/crypto/modes -I/builddir/build/BUILD/shim-16.1/Cryptlib/OpenSSL/crypto/include -isystem /builddir/build/BUILD/shim-16.1/include/system -isystem /usr/lib/gcc/x86_64-redhat-linux/11/include -DL_ENDIAN -D_CRT_SECURE_NO_DEPRECATE -D_CRT_NONSTDC_NO_DEPRECATE -DOPENSSL_SMALL_FOOTPRINT -DPEDANTIC -DMDE_CPU_X64   -c -o crypto/modes/cbc128.o /builddir/build/BUILD/shim-16.1/Cryptlib/OpenSSL/crypto/modes/cbc128.c
#13 38.01 gcc -std=gnu11 -ggdb -gdwarf-4 -gstrict-dwarf -ffreestanding -fmacro-prefix-map=/builddir/build/BUILD/shim-16.1/= -fno-stack-protector -fno-strict-aliasing -fpic -fshort-wchar -nostdinc -m64 -mno-mmx -mno-sse -mno-red-zone -maccumulate-outgoing-args -Os -Wall -Wextra -Wno-missing-field-initializers -Wno-empty-body -Wno-implicit-fallthrough -Wno-old-style-declaration -Wno-unused-but-set-variable -Wno-unused-parameter -Werror -Wno-error=unused-but-set-variable -Wno-error=unused-parameter -I/builddir/build/BUILD/shim-16.1/Cryptlib/OpenSSL -I/builddir/build/BUILD/shim-16.1/Cryptlib -I/builddir/build/BUILD/shim-16.1/Cryptlib/OpenSSL/Include/ -I/builddir/build/BUILD/shim-16.1/Cryptlib/OpenSSL/crypto -I/builddir/build/BUILD/shim-16.1/Cryptlib/Include -I/builddir/build/BUILD/shim-16.1/gnu-efi/inc -I/builddir/build/BUILD/shim-16.1/gnu-efi/inc/x86_64 -I/builddir/build/BUILD/shim-16.1/gnu-efi/inc/protocol -I/builddir/build/BUILD/shim-16.1/Cryptlib/OpenSSL/crypto/asn1 -I/builddir/build/BUILD/shim-16.1/Cryptlib/OpenSSL/crypto/evp -I/builddir/build/BUILD/shim-16.1/Cryptlib/OpenSSL/crypto/modes -I/builddir/build/BUILD/shim-16.1/Cryptlib/OpenSSL/crypto/include -isystem /builddir/build/BUILD/shim-16.1/include/system -isystem /usr/lib/gcc/x86_64-redhat-linux/11/include -DL_ENDIAN -D_CRT_SECURE_NO_DEPRECATE -D_CRT_NONSTDC_NO_DEPRECATE -DOPENSSL_SMALL_FOOTPRINT -DPEDANTIC -DMDE_CPU_X64   -c -o crypto/modes/ctr128.o /builddir/build/BUILD/shim-16.1/Cryptlib/OpenSSL/crypto/modes/ctr128.c
#13 38.47 gcc -std=gnu11 -ggdb -gdwarf-4 -gstrict-dwarf -ffreestanding -fmacro-prefix-map=/builddir/build/BUILD/shim-16.1/= -fno-stack-protector -fno-strict-aliasing -fpic -fshort-wchar -nostdinc -m64 -mno-mmx -mno-sse -mno-red-zone -maccumulate-outgoing-args -Os -Wall -Wextra -Wno-missing-field-initializers -Wno-empty-body -Wno-implicit-fallthrough -Wno-old-style-declaration -Wno-unused-but-set-variable -Wno-unused-parameter -Werror -Wno-error=unused-but-set-variable -Wno-error=unused-parameter -I/builddir/build/BUILD/shim-16.1/Cryptlib/OpenSSL -I/builddir/build/BUILD/shim-16.1/Cryptlib -I/builddir/build/BUILD/shim-16.1/Cryptlib/OpenSSL/Include/ -I/builddir/build/BUILD/shim-16.1/Cryptlib/OpenSSL/crypto -I/builddir/build/BUILD/shim-16.1/Cryptlib/Include -I/builddir/build/BUILD/shim-16.1/gnu-efi/inc -I/builddir/build/BUILD/shim-16.1/gnu-efi/inc/x86_64 -I/builddir/build/BUILD/shim-16.1/gnu-efi/inc/protocol -I/builddir/build/BUILD/shim-16.1/Cryptlib/OpenSSL/crypto/asn1 -I/builddir/build/BUILD/shim-16.1/Cryptlib/OpenSSL/crypto/evp -I/builddir/build/BUILD/shim-16.1/Cryptlib/OpenSSL/crypto/modes -I/builddir/build/BUILD/shim-16.1/Cryptlib/OpenSSL/crypto/include -isystem /builddir/build/BUILD/shim-16.1/include/system -isystem /usr/lib/gcc/x86_64-redhat-linux/11/include -DL_ENDIAN -D_CRT_SECURE_NO_DEPRECATE -D_CRT_NONSTDC_NO_DEPRECATE -DOPENSSL_SMALL_FOOTPRINT -DPEDANTIC -DMDE_CPU_X64   -c -o crypto/modes/cts128.o /builddir/build/BUILD/shim-16.1/Cryptlib/OpenSSL/crypto/modes/cts128.c
#13 38.93 gcc -std=gnu11 -ggdb -gdwarf-4 -gstrict-dwarf -ffreestanding -fmacro-prefix-map=/builddir/build/BUILD/shim-16.1/= -fno-stack-protector -fno-strict-aliasing -fpic -fshort-wchar -nostdinc -m64 -mno-mmx -mno-sse -mno-red-zone -maccumulate-outgoing-args -Os -Wall -Wextra -Wno-missing-field-initializers -Wno-empty-body -Wno-implicit-fallthrough -Wno-old-style-declaration -Wno-unused-but-set-variable -Wno-unused-parameter -Werror -Wno-error=unused-but-set-variable -Wno-error=unused-parameter -I/builddir/build/BUILD/shim-16.1/Cryptlib/OpenSSL -I/builddir/build/BUILD/shim-16.1/Cryptlib -I/builddir/build/BUILD/shim-16.1/Cryptlib/OpenSSL/Include/ -I/builddir/build/BUILD/shim-16.1/Cryptlib/OpenSSL/crypto -I/builddir/build/BUILD/shim-16.1/Cryptlib/Include -I/builddir/build/BUILD/shim-16.1/gnu-efi/inc -I/builddir/build/BUILD/shim-16.1/gnu-efi/inc/x86_64 -I/builddir/build/BUILD/shim-16.1/gnu-efi/inc/protocol -I/builddir/build/BUILD/shim-16.1/Cryptlib/OpenSSL/crypto/asn1 -I/builddir/build/BUILD/shim-16.1/Cryptlib/OpenSSL/crypto/evp -I/builddir/build/BUILD/shim-16.1/Cryptlib/OpenSSL/crypto/modes -I/builddir/build/BUILD/shim-16.1/Cryptlib/OpenSSL/crypto/include -isystem /builddir/build/BUILD/shim-16.1/include/system -isystem /usr/lib/gcc/x86_64-redhat-linux/11/include -DL_ENDIAN -D_CRT_SECURE_NO_DEPRECATE -D_CRT_NONSTDC_NO_DEPRECATE -DOPENSSL_SMALL_FOOTPRINT -DPEDANTIC -DMDE_CPU_X64   -c -o crypto/modes/cfb128.o /builddir/build/BUILD/shim-16.1/Cryptlib/OpenSSL/crypto/modes/cfb128.c
#13 39.41 gcc -std=gnu11 -ggdb -gdwarf-4 -gstrict-dwarf -ffreestanding -fmacro-prefix-map=/builddir/build/BUILD/shim-16.1/= -fno-stack-protector -fno-strict-aliasing -fpic -fshort-wchar -nostdinc -m64 -mno-mmx -mno-sse -mno-red-zone -maccumulate-outgoing-args -Os -Wall -Wextra -Wno-missing-field-initializers -Wno-empty-body -Wno-implicit-fallthrough -Wno-old-style-declaration -Wno-unused-but-set-variable -Wno-unused-parameter -Werror -Wno-error=unused-but-set-variable -Wno-error=unused-parameter -I/builddir/build/BUILD/shim-16.1/Cryptlib/OpenSSL -I/builddir/build/BUILD/shim-16.1/Cryptlib -I/builddir/build/BUILD/shim-16.1/Cryptlib/OpenSSL/Include/ -I/builddir/build/BUILD/shim-16.1/Cryptlib/OpenSSL/crypto -I/builddir/build/BUILD/shim-16.1/Cryptlib/Include -I/builddir/build/BUILD/shim-16.1/gnu-efi/inc -I/builddir/build/BUILD/shim-16.1/gnu-efi/inc/x86_64 -I/builddir/build/BUILD/shim-16.1/gnu-efi/inc/protocol -I/builddir/build/BUILD/shim-16.1/Cryptlib/OpenSSL/crypto/asn1 -I/builddir/build/BUILD/shim-16.1/Cryptlib/OpenSSL/crypto/evp -I/builddir/build/BUILD/shim-16.1/Cryptlib/OpenSSL/crypto/modes -I/builddir/build/BUILD/shim-16.1/Cryptlib/OpenSSL/crypto/include -isystem /builddir/build/BUILD/shim-16.1/include/system -isystem /usr/lib/gcc/x86_64-redhat-linux/11/include -DL_ENDIAN -D_CRT_SECURE_NO_DEPRECATE -D_CRT_NONSTDC_NO_DEPRECATE -DOPENSSL_SMALL_FOOTPRINT -DPEDANTIC -DMDE_CPU_X64   -c -o crypto/modes/ofb128.o /builddir/build/BUILD/shim-16.1/Cryptlib/OpenSSL/crypto/modes/ofb128.c
#13 39.81 gcc -std=gnu11 -ggdb -gdwarf-4 -gstrict-dwarf -ffreestanding -fmacro-prefix-map=/builddir/build/BUILD/shim-16.1/= -fno-stack-protector -fno-strict-aliasing -fpic -fshort-wchar -nostdinc -m64 -mno-mmx -mno-sse -mno-red-zone -maccumulate-outgoing-args -Os -Wall -Wextra -Wno-missing-field-initializers -Wno-empty-body -Wno-implicit-fallthrough -Wno-old-style-declaration -Wno-unused-but-set-variable -Wno-unused-parameter -Werror -Wno-error=unused-but-set-variable -Wno-error=unused-parameter -I/builddir/build/BUILD/shim-16.1/Cryptlib/OpenSSL -I/builddir/build/BUILD/shim-16.1/Cryptlib -I/builddir/build/BUILD/shim-16.1/Cryptlib/OpenSSL/Include/ -I/builddir/build/BUILD/shim-16.1/Cryptlib/OpenSSL/crypto -I/builddir/build/BUILD/shim-16.1/Cryptlib/Include -I/builddir/build/BUILD/shim-16.1/gnu-efi/inc -I/builddir/build/BUILD/shim-16.1/gnu-efi/inc/x86_64 -I/builddir/build/BUILD/shim-16.1/gnu-efi/inc/protocol -I/builddir/build/BUILD/shim-16.1/Cryptlib/OpenSSL/crypto/asn1 -I/builddir/build/BUILD/shim-16.1/Cryptlib/OpenSSL/crypto/evp -I/builddir/build/BUILD/shim-16.1/Cryptlib/OpenSSL/crypto/modes -I/builddir/build/BUILD/shim-16.1/Cryptlib/OpenSSL/crypto/include -isystem /builddir/build/BUILD/shim-16.1/include/system -isystem /usr/lib/gcc/x86_64-redhat-linux/11/include -DL_ENDIAN -D_CRT_SECURE_NO_DEPRECATE -D_CRT_NONSTDC_NO_DEPRECATE -DOPENSSL_SMALL_FOOTPRINT -DPEDANTIC -DMDE_CPU_X64   -c -o crypto/modes/gcm128.o /builddir/build/BUILD/shim-16.1/Cryptlib/OpenSSL/crypto/modes/gcm128.c
#13 40.38 gcc -std=gnu11 -ggdb -gdwarf-4 -gstrict-dwarf -ffreestanding -fmacro-prefix-map=/builddir/build/BUILD/shim-16.1/= -fno-stack-protector -fno-strict-aliasing -fpic -fshort-wchar -nostdinc -m64 -mno-mmx -mno-sse -mno-red-zone -maccumulate-outgoing-args -Os -Wall -Wextra -Wno-missing-field-initializers -Wno-empty-body -Wno-implicit-fallthrough -Wno-old-style-declaration -Wno-unused-but-set-variable -Wno-unused-parameter -Werror -Wno-error=unused-but-set-variable -Wno-error=unused-parameter -I/builddir/build/BUILD/shim-16.1/Cryptlib/OpenSSL -I/builddir/build/BUILD/shim-16.1/Cryptlib -I/builddir/build/BUILD/shim-16.1/Cryptlib/OpenSSL/Include/ -I/builddir/build/BUILD/shim-16.1/Cryptlib/OpenSSL/crypto -I/builddir/build/BUILD/shim-16.1/Cryptlib/Include -I/builddir/build/BUILD/shim-16.1/gnu-efi/inc -I/builddir/build/BUILD/shim-16.1/gnu-efi/inc/x86_64 -I/builddir/build/BUILD/shim-16.1/gnu-efi/inc/protocol -I/builddir/build/BUILD/shim-16.1/Cryptlib/OpenSSL/crypto/asn1 -I/builddir/build/BUILD/shim-16.1/Cryptlib/OpenSSL/crypto/evp -I/builddir/build/BUILD/shim-16.1/Cryptlib/OpenSSL/crypto/modes -I/builddir/build/BUILD/shim-16.1/Cryptlib/OpenSSL/crypto/include -isystem /builddir/build/BUILD/shim-16.1/include/system -isystem /usr/lib/gcc/x86_64-redhat-linux/11/include -DL_ENDIAN -D_CRT_SECURE_NO_DEPRECATE -D_CRT_NONSTDC_NO_DEPRECATE -DOPENSSL_SMALL_FOOTPRINT -DPEDANTIC -DMDE_CPU_X64   -c -o crypto/modes/ccm128.o /builddir/build/BUILD/shim-16.1/Cryptlib/OpenSSL/crypto/modes/ccm128.c
#13 40.93 gcc -std=gnu11 -ggdb -gdwarf-4 -gstrict-dwarf -ffreestanding -fmacro-prefix-map=/builddir/build/BUILD/shim-16.1/= -fno-stack-protector -fno-strict-aliasing -fpic -fshort-wchar -nostdinc -m64 -mno-mmx -mno-sse -mno-red-zone -maccumulate-outgoing-args -Os -Wall -Wextra -Wno-missing-field-initializers -Wno-empty-body -Wno-implicit-fallthrough -Wno-old-style-declaration -Wno-unused-but-set-variable -Wno-unused-parameter -Werror -Wno-error=unused-but-set-variable -Wno-error=unused-parameter -I/builddir/build/BUILD/shim-16.1/Cryptlib/OpenSSL -I/builddir/build/BUILD/shim-16.1/Cryptlib -I/builddir/build/BUILD/shim-16.1/Cryptlib/OpenSSL/Include/ -I/builddir/build/BUILD/shim-16.1/Cryptlib/OpenSSL/crypto -I/builddir/build/BUILD/shim-16.1/Cryptlib/Include -I/builddir/build/BUILD/shim-16.1/gnu-efi/inc -I/builddir/build/BUILD/shim-16.1/gnu-efi/inc/x86_64 -I/builddir/build/BUILD/shim-16.1/gnu-efi/inc/protocol -I/builddir/build/BUILD/shim-16.1/Cryptlib/OpenSSL/crypto/asn1 -I/builddir/build/BUILD/shim-16.1/Cryptlib/OpenSSL/crypto/evp -I/builddir/build/BUILD/shim-16.1/Cryptlib/OpenSSL/crypto/modes -I/builddir/build/BUILD/shim-16.1/Cryptlib/OpenSSL/crypto/include -isystem /builddir/build/BUILD/shim-16.1/include/system -isystem /usr/lib/gcc/x86_64-redhat-linux/11/include -DL_ENDIAN -D_CRT_SECURE_NO_DEPRECATE -D_CRT_NONSTDC_NO_DEPRECATE -DOPENSSL_SMALL_FOOTPRINT -DPEDANTIC -DMDE_CPU_X64   -c -o crypto/modes/xts128.o /builddir/build/BUILD/shim-16.1/Cryptlib/OpenSSL/crypto/modes/xts128.c
#13 41.38 gcc -std=gnu11 -ggdb -gdwarf-4 -gstrict-dwarf -ffreestanding -fmacro-prefix-map=/builddir/build/BUILD/shim-16.1/= -fno-stack-protector -fno-strict-aliasing -fpic -fshort-wchar -nostdinc -m64 -mno-mmx -mno-sse -mno-red-zone -maccumulate-outgoing-args -Os -Wall -Wextra -Wno-missing-field-initializers -Wno-empty-body -Wno-implicit-fallthrough -Wno-old-style-declaration -Wno-unused-but-set-variable -Wno-unused-parameter -Werror -Wno-error=unused-but-set-variable -Wno-error=unused-parameter -I/builddir/build/BUILD/shim-16.1/Cryptlib/OpenSSL -I/builddir/build/BUILD/shim-16.1/Cryptlib -I/builddir/build/BUILD/shim-16.1/Cryptlib/OpenSSL/Include/ -I/builddir/build/BUILD/shim-16.1/Cryptlib/OpenSSL/crypto -I/builddir/build/BUILD/shim-16.1/Cryptlib/Include -I/builddir/build/BUILD/shim-16.1/gnu-efi/inc -I/builddir/build/BUILD/shim-16.1/gnu-efi/inc/x86_64 -I/builddir/build/BUILD/shim-16.1/gnu-efi/inc/protocol -I/builddir/build/BUILD/shim-16.1/Cryptlib/OpenSSL/crypto/asn1 -I/builddir/build/BUILD/shim-16.1/Cryptlib/OpenSSL/crypto/evp -I/builddir/build/BUILD/shim-16.1/Cryptlib/OpenSSL/crypto/modes -I/builddir/build/BUILD/shim-16.1/Cryptlib/OpenSSL/crypto/include -isystem /builddir/build/BUILD/shim-16.1/include/system -isystem /usr/lib/gcc/x86_64-redhat-linux/11/include -DL_ENDIAN -D_CRT_SECURE_NO_DEPRECATE -D_CRT_NONSTDC_NO_DEPRECATE -DOPENSSL_SMALL_FOOTPRINT -DPEDANTIC -DMDE_CPU_X64   -c -o crypto/modes/wrap128.o /builddir/build/BUILD/shim-16.1/Cryptlib/OpenSSL/crypto/modes/wrap128.c
#13 41.84 gcc -std=gnu11 -ggdb -gdwarf-4 -gstrict-dwarf -ffreestanding -fmacro-prefix-map=/builddir/build/BUILD/shim-16.1/= -fno-stack-protector -fno-strict-aliasing -fpic -fshort-wchar -nostdinc -m64 -mno-mmx -mno-sse -mno-red-zone -maccumulate-outgoing-args -Os -Wall -Wextra -Wno-missing-field-initializers -Wno-empty-body -Wno-implicit-fallthrough -Wno-old-style-declaration -Wno-unused-but-set-variable -Wno-unused-parameter -Werror -Wno-error=unused-but-set-variable -Wno-error=unused-parameter -I/builddir/build/BUILD/shim-16.1/Cryptlib/OpenSSL -I/builddir/build/BUILD/shim-16.1/Cryptlib -I/builddir/build/BUILD/shim-16.1/Cryptlib/OpenSSL/Include/ -I/builddir/build/BUILD/shim-16.1/Cryptlib/OpenSSL/crypto -I/builddir/build/BUILD/shim-16.1/Cryptlib/Include -I/builddir/build/BUILD/shim-16.1/gnu-efi/inc -I/builddir/build/BUILD/shim-16.1/gnu-efi/inc/x86_64 -I/builddir/build/BUILD/shim-16.1/gnu-efi/inc/protocol -I/builddir/build/BUILD/shim-16.1/Cryptlib/OpenSSL/crypto/asn1 -I/builddir/build/BUILD/shim-16.1/Cryptlib/OpenSSL/crypto/evp -I/builddir/build/BUILD/shim-16.1/Cryptlib/OpenSSL/crypto/modes -I/builddir/build/BUILD/shim-16.1/Cryptlib/OpenSSL/crypto/include -isystem /builddir/build/BUILD/shim-16.1/include/system -isystem /usr/lib/gcc/x86_64-redhat-linux/11/include -DL_ENDIAN -D_CRT_SECURE_NO_DEPRECATE -D_CRT_NONSTDC_NO_DEPRECATE -DOPENSSL_SMALL_FOOTPRINT -DPEDANTIC -DMDE_CPU_X64   -c -o crypto/bn/bn_add.o /builddir/build/BUILD/shim-16.1/Cryptlib/OpenSSL/crypto/bn/bn_add.c
#13 42.30 gcc -std=gnu11 -ggdb -gdwarf-4 -gstrict-dwarf -ffreestanding -fmacro-prefix-map=/builddir/build/BUILD/shim-16.1/= -fno-stack-protector -fno-strict-aliasing -fpic -fshort-wchar -nostdinc -m64 -mno-mmx -mno-sse -mno-red-zone -maccumulate-outgoing-args -Os -Wall -Wextra -Wno-missing-field-initializers -Wno-empty-body -Wno-implicit-fallthrough -Wno-old-style-declaration -Wno-unused-but-set-variable -Wno-unused-parameter -Werror -Wno-error=unused-but-set-variable -Wno-error=unused-parameter -I/builddir/build/BUILD/shim-16.1/Cryptlib/OpenSSL -I/builddir/build/BUILD/shim-16.1/Cryptlib -I/builddir/build/BUILD/shim-16.1/Cryptlib/OpenSSL/Include/ -I/builddir/build/BUILD/shim-16.1/Cryptlib/OpenSSL/crypto -I/builddir/build/BUILD/shim-16.1/Cryptlib/Include -I/builddir/build/BUILD/shim-16.1/gnu-efi/inc -I/builddir/build/BUILD/shim-16.1/gnu-efi/inc/x86_64 -I/builddir/build/BUILD/shim-16.1/gnu-efi/inc/protocol -I/builddir/build/BUILD/shim-16.1/Cryptlib/OpenSSL/crypto/asn1 -I/builddir/build/BUILD/shim-16.1/Cryptlib/OpenSSL/crypto/evp -I/builddir/build/BUILD/shim-16.1/Cryptlib/OpenSSL/crypto/modes -I/builddir/build/BUILD/shim-16.1/Cryptlib/OpenSSL/crypto/include -isystem /builddir/build/BUILD/shim-16.1/include/system -isystem /usr/lib/gcc/x86_64-redhat-linux/11/include -DL_ENDIAN -D_CRT_SECURE_NO_DEPRECATE -D_CRT_NONSTDC_NO_DEPRECATE -DOPENSSL_SMALL_FOOTPRINT -DPEDANTIC -DMDE_CPU_X64   -c -o crypto/bn/bn_div.o /builddir/build/BUILD/shim-16.1/Cryptlib/OpenSSL/crypto/bn/bn_div.c
#13 42.83 gcc -std=gnu11 -ggdb -gdwarf-4 -gstrict-dwarf -ffreestanding -fmacro-prefix-map=/builddir/build/BUILD/shim-16.1/= -fno-stack-protector -fno-strict-aliasing -fpic -fshort-wchar -nostdinc -m64 -mno-mmx -mno-sse -mno-red-zone -maccumulate-outgoing-args -Os -Wall -Wextra -Wno-missing-field-initializers -Wno-empty-body -Wno-implicit-fallthrough -Wno-old-style-declaration -Wno-unused-but-set-variable -Wno-unused-parameter -Werror -Wno-error=unused-but-set-variable -Wno-error=unused-parameter -I/builddir/build/BUILD/shim-16.1/Cryptlib/OpenSSL -I/builddir/build/BUILD/shim-16.1/Cryptlib -I/builddir/build/BUILD/shim-16.1/Cryptlib/OpenSSL/Include/ -I/builddir/build/BUILD/shim-16.1/Cryptlib/OpenSSL/crypto -I/builddir/build/BUILD/shim-16.1/Cryptlib/Include -I/builddir/build/BUILD/shim-16.1/gnu-efi/inc -I/builddir/build/BUILD/shim-16.1/gnu-efi/inc/x86_64 -I/builddir/build/BUILD/shim-16.1/gnu-efi/inc/protocol -I/builddir/build/BUILD/shim-16.1/Cryptlib/OpenSSL/crypto/asn1 -I/builddir/build/BUILD/shim-16.1/Cryptlib/OpenSSL/crypto/evp -I/builddir/build/BUILD/shim-16.1/Cryptlib/OpenSSL/crypto/modes -I/builddir/build/BUILD/shim-16.1/Cryptlib/OpenSSL/crypto/include -isystem /builddir/build/BUILD/shim-16.1/include/system -isystem /usr/lib/gcc/x86_64-redhat-linux/11/include -DL_ENDIAN -D_CRT_SECURE_NO_DEPRECATE -D_CRT_NONSTDC_NO_DEPRECATE -DOPENSSL_SMALL_FOOTPRINT -DPEDANTIC -DMDE_CPU_X64   -c -o crypto/bn/bn_exp.o /builddir/build/BUILD/shim-16.1/Cryptlib/OpenSSL/crypto/bn/bn_exp.c
#13 43.49 gcc -std=gnu11 -ggdb -gdwarf-4 -gstrict-dwarf -ffreestanding -fmacro-prefix-map=/builddir/build/BUILD/shim-16.1/= -fno-stack-protector -fno-strict-aliasing -fpic -fshort-wchar -nostdinc -m64 -mno-mmx -mno-sse -mno-red-zone -maccumulate-outgoing-args -Os -Wall -Wextra -Wno-missing-field-initializers -Wno-empty-body -Wno-implicit-fallthrough -Wno-old-style-declaration -Wno-unused-but-set-variable -Wno-unused-parameter -Werror -Wno-error=unused-but-set-variable -Wno-error=unused-parameter -I/builddir/build/BUILD/shim-16.1/Cryptlib/OpenSSL -I/builddir/build/BUILD/shim-16.1/Cryptlib -I/builddir/build/BUILD/shim-16.1/Cryptlib/OpenSSL/Include/ -I/builddir/build/BUILD/shim-16.1/Cryptlib/OpenSSL/crypto -I/builddir/build/BUILD/shim-16.1/Cryptlib/Include -I/builddir/build/BUILD/shim-16.1/gnu-efi/inc -I/builddir/build/BUILD/shim-16.1/gnu-efi/inc/x86_64 -I/builddir/build/BUILD/shim-16.1/gnu-efi/inc/protocol -I/builddir/build/BUILD/shim-16.1/Cryptlib/OpenSSL/crypto/asn1 -I/builddir/build/BUILD/shim-16.1/Cryptlib/OpenSSL/crypto/evp -I/builddir/build/BUILD/shim-16.1/Cryptlib/OpenSSL/crypto/modes -I/builddir/build/BUILD/shim-16.1/Cryptlib/OpenSSL/crypto/include -isystem /builddir/build/BUILD/shim-16.1/include/system -isystem /usr/lib/gcc/x86_64-redhat-linux/11/include -DL_ENDIAN -D_CRT_SECURE_NO_DEPRECATE -D_CRT_NONSTDC_NO_DEPRECATE -DOPENSSL_SMALL_FOOTPRINT -DPEDANTIC -DMDE_CPU_X64   -c -o crypto/bn/bn_lib.o /builddir/build/BUILD/shim-16.1/Cryptlib/OpenSSL/crypto/bn/bn_lib.c
#13 44.09 gcc -std=gnu11 -ggdb -gdwarf-4 -gstrict-dwarf -ffreestanding -fmacro-prefix-map=/builddir/build/BUILD/shim-16.1/= -fno-stack-protector -fno-strict-aliasing -fpic -fshort-wchar -nostdinc -m64 -mno-mmx -mno-sse -mno-red-zone -maccumulate-outgoing-args -Os -Wall -Wextra -Wno-missing-field-initializers -Wno-empty-body -Wno-implicit-fallthrough -Wno-old-style-declaration -Wno-unused-but-set-variable -Wno-unused-parameter -Werror -Wno-error=unused-but-set-variable -Wno-error=unused-parameter -I/builddir/build/BUILD/shim-16.1/Cryptlib/OpenSSL -I/builddir/build/BUILD/shim-16.1/Cryptlib -I/builddir/build/BUILD/shim-16.1/Cryptlib/OpenSSL/Include/ -I/builddir/build/BUILD/shim-16.1/Cryptlib/OpenSSL/crypto -I/builddir/build/BUILD/shim-16.1/Cryptlib/Include -I/builddir/build/BUILD/shim-16.1/gnu-efi/inc -I/builddir/build/BUILD/shim-16.1/gnu-efi/inc/x86_64 -I/builddir/build/BUILD/shim-16.1/gnu-efi/inc/protocol -I/builddir/build/BUILD/shim-16.1/Cryptlib/OpenSSL/crypto/asn1 -I/builddir/build/BUILD/shim-16.1/Cryptlib/OpenSSL/crypto/evp -I/builddir/build/BUILD/shim-16.1/Cryptlib/OpenSSL/crypto/modes -I/builddir/build/BUILD/shim-16.1/Cryptlib/OpenSSL/crypto/include -isystem /builddir/build/BUILD/shim-16.1/include/system -isystem /usr/lib/gcc/x86_64-redhat-linux/11/include -DL_ENDIAN -D_CRT_SECURE_NO_DEPRECATE -D_CRT_NONSTDC_NO_DEPRECATE -DOPENSSL_SMALL_FOOTPRINT -DPEDANTIC -DMDE_CPU_X64   -c -o crypto/bn/bn_ctx.o /builddir/build/BUILD/shim-16.1/Cryptlib/OpenSSL/crypto/bn/bn_ctx.c
#13 44.58 gcc -std=gnu11 -ggdb -gdwarf-4 -gstrict-dwarf -ffreestanding -fmacro-prefix-map=/builddir/build/BUILD/shim-16.1/= -fno-stack-protector -fno-strict-aliasing -fpic -fshort-wchar -nostdinc -m64 -mno-mmx -mno-sse -mno-red-zone -maccumulate-outgoing-args -Os -Wall -Wextra -Wno-missing-field-initializers -Wno-empty-body -Wno-implicit-fallthrough -Wno-old-style-declaration -Wno-unused-but-set-variable -Wno-unused-parameter -Werror -Wno-error=unused-but-set-variable -Wno-error=unused-parameter -I/builddir/build/BUILD/shim-16.1/Cryptlib/OpenSSL -I/builddir/build/BUILD/shim-16.1/Cryptlib -I/builddir/build/BUILD/shim-16.1/Cryptlib/OpenSSL/Include/ -I/builddir/build/BUILD/shim-16.1/Cryptlib/OpenSSL/crypto -I/builddir/build/BUILD/shim-16.1/Cryptlib/Include -I/builddir/build/BUILD/shim-16.1/gnu-efi/inc -I/builddir/build/BUILD/shim-16.1/gnu-efi/inc/x86_64 -I/builddir/build/BUILD/shim-16.1/gnu-efi/inc/protocol -I/builddir/build/BUILD/shim-16.1/Cryptlib/OpenSSL/crypto/asn1 -I/builddir/build/BUILD/shim-16.1/Cryptlib/OpenSSL/crypto/evp -I/builddir/build/BUILD/shim-16.1/Cryptlib/OpenSSL/crypto/modes -I/builddir/build/BUILD/shim-16.1/Cryptlib/OpenSSL/crypto/include -isystem /builddir/build/BUILD/shim-16.1/include/system -isystem /usr/lib/gcc/x86_64-redhat-linux/11/include -DL_ENDIAN -D_CRT_SECURE_NO_DEPRECATE -D_CRT_NONSTDC_NO_DEPRECATE -DOPENSSL_SMALL_FOOTPRINT -DPEDANTIC -DMDE_CPU_X64   -c -o crypto/bn/bn_mul.o /builddir/build/BUILD/shim-16.1/Cryptlib/OpenSSL/crypto/bn/bn_mul.c
#13 45.08 gcc -std=gnu11 -ggdb -gdwarf-4 -gstrict-dwarf -ffreestanding -fmacro-prefix-map=/builddir/build/BUILD/shim-16.1/= -fno-stack-protector -fno-strict-aliasing -fpic -fshort-wchar -nostdinc -m64 -mno-mmx -mno-sse -mno-red-zone -maccumulate-outgoing-args -Os -Wall -Wextra -Wno-missing-field-initializers -Wno-empty-body -Wno-implicit-fallthrough -Wno-old-style-declaration -Wno-unused-but-set-variable -Wno-unused-parameter -Werror -Wno-error=unused-but-set-variable -Wno-error=unused-parameter -I/builddir/build/BUILD/shim-16.1/Cryptlib/OpenSSL -I/builddir/build/BUILD/shim-16.1/Cryptlib -I/builddir/build/BUILD/shim-16.1/Cryptlib/OpenSSL/Include/ -I/builddir/build/BUILD/shim-16.1/Cryptlib/OpenSSL/crypto -I/builddir/build/BUILD/shim-16.1/Cryptlib/Include -I/builddir/build/BUILD/shim-16.1/gnu-efi/inc -I/builddir/build/BUILD/shim-16.1/gnu-efi/inc/x86_64 -I/builddir/build/BUILD/shim-16.1/gnu-efi/inc/protocol -I/builddir/build/BUILD/shim-16.1/Cryptlib/OpenSSL/crypto/asn1 -I/builddir/build/BUILD/shim-16.1/Cryptlib/OpenSSL/crypto/evp -I/builddir/build/BUILD/shim-16.1/Cryptlib/OpenSSL/crypto/modes -I/builddir/build/BUILD/shim-16.1/Cryptlib/OpenSSL/crypto/include -isystem /builddir/build/BUILD/shim-16.1/include/system -isystem /usr/lib/gcc/x86_64-redhat-linux/11/include -DL_ENDIAN -D_CRT_SECURE_NO_DEPRECATE -D_CRT_NONSTDC_NO_DEPRECATE -DOPENSSL_SMALL_FOOTPRINT -DPEDANTIC -DMDE_CPU_X64   -c -o crypto/bn/bn_mod.o /builddir/build/BUILD/shim-16.1/Cryptlib/OpenSSL/crypto/bn/bn_mod.c
#13 45.52 gcc -std=gnu11 -ggdb -gdwarf-4 -gstrict-dwarf -ffreestanding -fmacro-prefix-map=/builddir/build/BUILD/shim-16.1/= -fno-stack-protector -fno-strict-aliasing -fpic -fshort-wchar -nostdinc -m64 -mno-mmx -mno-sse -mno-red-zone -maccumulate-outgoing-args -Os -Wall -Wextra -Wno-missing-field-initializers -Wno-empty-body -Wno-implicit-fallthrough -Wno-old-style-declaration -Wno-unused-but-set-variable -Wno-unused-parameter -Werror -Wno-error=unused-but-set-variable -Wno-error=unused-parameter -I/builddir/build/BUILD/shim-16.1/Cryptlib/OpenSSL -I/builddir/build/BUILD/shim-16.1/Cryptlib -I/builddir/build/BUILD/shim-16.1/Cryptlib/OpenSSL/Include/ -I/builddir/build/BUILD/shim-16.1/Cryptlib/OpenSSL/crypto -I/builddir/build/BUILD/shim-16.1/Cryptlib/Include -I/builddir/build/BUILD/shim-16.1/gnu-efi/inc -I/builddir/build/BUILD/shim-16.1/gnu-efi/inc/x86_64 -I/builddir/build/BUILD/shim-16.1/gnu-efi/inc/protocol -I/builddir/build/BUILD/shim-16.1/Cryptlib/OpenSSL/crypto/asn1 -I/builddir/build/BUILD/shim-16.1/Cryptlib/OpenSSL/crypto/evp -I/builddir/build/BUILD/shim-16.1/Cryptlib/OpenSSL/crypto/modes -I/builddir/build/BUILD/shim-16.1/Cryptlib/OpenSSL/crypto/include -isystem /builddir/build/BUILD/shim-16.1/include/system -isystem /usr/lib/gcc/x86_64-redhat-linux/11/include -DL_ENDIAN -D_CRT_SECURE_NO_DEPRECATE -D_CRT_NONSTDC_NO_DEPRECATE -DOPENSSL_SMALL_FOOTPRINT -DPEDANTIC -DMDE_CPU_X64   -c -o crypto/bn/bn_print.o /builddir/build/BUILD/shim-16.1/Cryptlib/OpenSSL/crypto/bn/bn_print.c
#13 46.08 gcc -std=gnu11 -ggdb -gdwarf-4 -gstrict-dwarf -ffreestanding -fmacro-prefix-map=/builddir/build/BUILD/shim-16.1/= -fno-stack-protector -fno-strict-aliasing -fpic -fshort-wchar -nostdinc -m64 -mno-mmx -mno-sse -mno-red-zone -maccumulate-outgoing-args -Os -Wall -Wextra -Wno-missing-field-initializers -Wno-empty-body -Wno-implicit-fallthrough -Wno-old-style-declaration -Wno-unused-but-set-variable -Wno-unused-parameter -Werror -Wno-error=unused-but-set-variable -Wno-error=unused-parameter -I/builddir/build/BUILD/shim-16.1/Cryptlib/OpenSSL -I/builddir/build/BUILD/shim-16.1/Cryptlib -I/builddir/build/BUILD/shim-16.1/Cryptlib/OpenSSL/Include/ -I/builddir/build/BUILD/shim-16.1/Cryptlib/OpenSSL/crypto -I/builddir/build/BUILD/shim-16.1/Cryptlib/Include -I/builddir/build/BUILD/shim-16.1/gnu-efi/inc -I/builddir/build/BUILD/shim-16.1/gnu-efi/inc/x86_64 -I/builddir/build/BUILD/shim-16.1/gnu-efi/inc/protocol -I/builddir/build/BUILD/shim-16.1/Cryptlib/OpenSSL/crypto/asn1 -I/builddir/build/BUILD/shim-16.1/Cryptlib/OpenSSL/crypto/evp -I/builddir/build/BUILD/shim-16.1/Cryptlib/OpenSSL/crypto/modes -I/builddir/build/BUILD/shim-16.1/Cryptlib/OpenSSL/crypto/include -isystem /builddir/build/BUILD/shim-16.1/include/system -isystem /usr/lib/gcc/x86_64-redhat-linux/11/include -DL_ENDIAN -D_CRT_SECURE_NO_DEPRECATE -D_CRT_NONSTDC_NO_DEPRECATE -DOPENSSL_SMALL_FOOTPRINT -DPEDANTIC -DMDE_CPU_X64   -c -o crypto/bn/bn_rand.o /builddir/build/BUILD/shim-16.1/Cryptlib/OpenSSL/crypto/bn/bn_rand.c
#13 46.57 gcc -std=gnu11 -ggdb -gdwarf-4 -gstrict-dwarf -ffreestanding -fmacro-prefix-map=/builddir/build/BUILD/shim-16.1/= -fno-stack-protector -fno-strict-aliasing -fpic -fshort-wchar -nostdinc -m64 -mno-mmx -mno-sse -mno-red-zone -maccumulate-outgoing-args -Os -Wall -Wextra -Wno-missing-field-initializers -Wno-empty-body -Wno-implicit-fallthrough -Wno-old-style-declaration -Wno-unused-but-set-variable -Wno-unused-parameter -Werror -Wno-error=unused-but-set-variable -Wno-error=unused-parameter -I/builddir/build/BUILD/shim-16.1/Cryptlib/OpenSSL -I/builddir/build/BUILD/shim-16.1/Cryptlib -I/builddir/build/BUILD/shim-16.1/Cryptlib/OpenSSL/Include/ -I/builddir/build/BUILD/shim-16.1/Cryptlib/OpenSSL/crypto -I/builddir/build/BUILD/shim-16.1/Cryptlib/Include -I/builddir/build/BUILD/shim-16.1/gnu-efi/inc -I/builddir/build/BUILD/shim-16.1/gnu-efi/inc/x86_64 -I/builddir/build/BUILD/shim-16.1/gnu-efi/inc/protocol -I/builddir/build/BUILD/shim-16.1/Cryptlib/OpenSSL/crypto/asn1 -I/builddir/build/BUILD/shim-16.1/Cryptlib/OpenSSL/crypto/evp -I/builddir/build/BUILD/shim-16.1/Cryptlib/OpenSSL/crypto/modes -I/builddir/build/BUILD/shim-16.1/Cryptlib/OpenSSL/crypto/include -isystem /builddir/build/BUILD/shim-16.1/include/system -isystem /usr/lib/gcc/x86_64-redhat-linux/11/include -DL_ENDIAN -D_CRT_SECURE_NO_DEPRECATE -D_CRT_NONSTDC_NO_DEPRECATE -DOPENSSL_SMALL_FOOTPRINT -DPEDANTIC -DMDE_CPU_X64   -c -o crypto/bn/bn_shift.o /builddir/build/BUILD/shim-16.1/Cryptlib/OpenSSL/crypto/bn/bn_shift.c
#13 47.05 gcc -std=gnu11 -ggdb -gdwarf-4 -gstrict-dwarf -ffreestanding -fmacro-prefix-map=/builddir/build/BUILD/shim-16.1/= -fno-stack-protector -fno-strict-aliasing -fpic -fshort-wchar -nostdinc -m64 -mno-mmx -mno-sse -mno-red-zone -maccumulate-outgoing-args -Os -Wall -Wextra -Wno-missing-field-initializers -Wno-empty-body -Wno-implicit-fallthrough -Wno-old-style-declaration -Wno-unused-but-set-variable -Wno-unused-parameter -Werror -Wno-error=unused-but-set-variable -Wno-error=unused-parameter -I/builddir/build/BUILD/shim-16.1/Cryptlib/OpenSSL -I/builddir/build/BUILD/shim-16.1/Cryptlib -I/builddir/build/BUILD/shim-16.1/Cryptlib/OpenSSL/Include/ -I/builddir/build/BUILD/shim-16.1/Cryptlib/OpenSSL/crypto -I/builddir/build/BUILD/shim-16.1/Cryptlib/Include -I/builddir/build/BUILD/shim-16.1/gnu-efi/inc -I/builddir/build/BUILD/shim-16.1/gnu-efi/inc/x86_64 -I/builddir/build/BUILD/shim-16.1/gnu-efi/inc/protocol -I/builddir/build/BUILD/shim-16.1/Cryptlib/OpenSSL/crypto/asn1 -I/builddir/build/BUILD/shim-16.1/Cryptlib/OpenSSL/crypto/evp -I/builddir/build/BUILD/shim-16.1/Cryptlib/OpenSSL/crypto/modes -I/builddir/build/BUILD/shim-16.1/Cryptlib/OpenSSL/crypto/include -isystem /builddir/build/BUILD/shim-16.1/include/system -isystem /usr/lib/gcc/x86_64-redhat-linux/11/include -DL_ENDIAN -D_CRT_SECURE_NO_DEPRECATE -D_CRT_NONSTDC_NO_DEPRECATE -DOPENSSL_SMALL_FOOTPRINT -DPEDANTIC -DMDE_CPU_X64   -c -o crypto/bn/bn_word.o /builddir/build/BUILD/shim-16.1/Cryptlib/OpenSSL/crypto/bn/bn_word.c
#13 47.54 gcc -std=gnu11 -ggdb -gdwarf-4 -gstrict-dwarf -ffreestanding -fmacro-prefix-map=/builddir/build/BUILD/shim-16.1/= -fno-stack-protector -fno-strict-aliasing -fpic -fshort-wchar -nostdinc -m64 -mno-mmx -mno-sse -mno-red-zone -maccumulate-outgoing-args -Os -Wall -Wextra -Wno-missing-field-initializers -Wno-empty-body -Wno-implicit-fallthrough -Wno-old-style-declaration -Wno-unused-but-set-variable -Wno-unused-parameter -Werror -Wno-error=unused-but-set-variable -Wno-error=unused-parameter -I/builddir/build/BUILD/shim-16.1/Cryptlib/OpenSSL -I/builddir/build/BUILD/shim-16.1/Cryptlib -I/builddir/build/BUILD/shim-16.1/Cryptlib/OpenSSL/Include/ -I/builddir/build/BUILD/shim-16.1/Cryptlib/OpenSSL/crypto -I/builddir/build/BUILD/shim-16.1/Cryptlib/Include -I/builddir/build/BUILD/shim-16.1/gnu-efi/inc -I/builddir/build/BUILD/shim-16.1/gnu-efi/inc/x86_64 -I/builddir/build/BUILD/shim-16.1/gnu-efi/inc/protocol -I/builddir/build/BUILD/shim-16.1/Cryptlib/OpenSSL/crypto/asn1 -I/builddir/build/BUILD/shim-16.1/Cryptlib/OpenSSL/crypto/evp -I/builddir/build/BUILD/shim-16.1/Cryptlib/OpenSSL/crypto/modes -I/builddir/build/BUILD/shim-16.1/Cryptlib/OpenSSL/crypto/include -isystem /builddir/build/BUILD/shim-16.1/include/system -isystem /usr/lib/gcc/x86_64-redhat-linux/11/include -DL_ENDIAN -D_CRT_SECURE_NO_DEPRECATE -D_CRT_NONSTDC_NO_DEPRECATE -DOPENSSL_SMALL_FOOTPRINT -DPEDANTIC -DMDE_CPU_X64   -c -o crypto/bn/bn_blind.o /builddir/build/BUILD/shim-16.1/Cryptlib/OpenSSL/crypto/bn/bn_blind.c
#13 48.01 gcc -std=gnu11 -ggdb -gdwarf-4 -gstrict-dwarf -ffreestanding -fmacro-prefix-map=/builddir/build/BUILD/shim-16.1/= -fno-stack-protector -fno-strict-aliasing -fpic -fshort-wchar -nostdinc -m64 -mno-mmx -mno-sse -mno-red-zone -maccumulate-outgoing-args -Os -Wall -Wextra -Wno-missing-field-initializers -Wno-empty-body -Wno-implicit-fallthrough -Wno-old-style-declaration -Wno-unused-but-set-variable -Wno-unused-parameter -Werror -Wno-error=unused-but-set-variable -Wno-error=unused-parameter -I/builddir/build/BUILD/shim-16.1/Cryptlib/OpenSSL -I/builddir/build/BUILD/shim-16.1/Cryptlib -I/builddir/build/BUILD/shim-16.1/Cryptlib/OpenSSL/Include/ -I/builddir/build/BUILD/shim-16.1/Cryptlib/OpenSSL/crypto -I/builddir/build/BUILD/shim-16.1/Cryptlib/Include -I/builddir/build/BUILD/shim-16.1/gnu-efi/inc -I/builddir/build/BUILD/shim-16.1/gnu-efi/inc/x86_64 -I/builddir/build/BUILD/shim-16.1/gnu-efi/inc/protocol -I/builddir/build/BUILD/shim-16.1/Cryptlib/OpenSSL/crypto/asn1 -I/builddir/build/BUILD/shim-16.1/Cryptlib/OpenSSL/crypto/evp -I/builddir/build/BUILD/shim-16.1/Cryptlib/OpenSSL/crypto/modes -I/builddir/build/BUILD/shim-16.1/Cryptlib/OpenSSL/crypto/include -isystem /builddir/build/BUILD/shim-16.1/include/system -isystem /usr/lib/gcc/x86_64-redhat-linux/11/include -DL_ENDIAN -D_CRT_SECURE_NO_DEPRECATE -D_CRT_NONSTDC_NO_DEPRECATE -DOPENSSL_SMALL_FOOTPRINT -DPEDANTIC -DMDE_CPU_X64   -c -o crypto/bn/bn_kron.o /builddir/build/BUILD/shim-16.1/Cryptlib/OpenSSL/crypto/bn/bn_kron.c
#13 48.44 gcc -std=gnu11 -ggdb -gdwarf-4 -gstrict-dwarf -ffreestanding -fmacro-prefix-map=/builddir/build/BUILD/shim-16.1/= -fno-stack-protector -fno-strict-aliasing -fpic -fshort-wchar -nostdinc -m64 -mno-mmx -mno-sse -mno-red-zone -maccumulate-outgoing-args -Os -Wall -Wextra -Wno-missing-field-initializers -Wno-empty-body -Wno-implicit-fallthrough -Wno-old-style-declaration -Wno-unused-but-set-variable -Wno-unused-parameter -Werror -Wno-error=unused-but-set-variable -Wno-error=unused-parameter -I/builddir/build/BUILD/shim-16.1/Cryptlib/OpenSSL -I/builddir/build/BUILD/shim-16.1/Cryptlib -I/builddir/build/BUILD/shim-16.1/Cryptlib/OpenSSL/Include/ -I/builddir/build/BUILD/shim-16.1/Cryptlib/OpenSSL/crypto -I/builddir/build/BUILD/shim-16.1/Cryptlib/Include -I/builddir/build/BUILD/shim-16.1/gnu-efi/inc -I/builddir/build/BUILD/shim-16.1/gnu-efi/inc/x86_64 -I/builddir/build/BUILD/shim-16.1/gnu-efi/inc/protocol -I/builddir/build/BUILD/shim-16.1/Cryptlib/OpenSSL/crypto/asn1 -I/builddir/build/BUILD/shim-16.1/Cryptlib/OpenSSL/crypto/evp -I/builddir/build/BUILD/shim-16.1/Cryptlib/OpenSSL/crypto/modes -I/builddir/build/BUILD/shim-16.1/Cryptlib/OpenSSL/crypto/include -isystem /builddir/build/BUILD/shim-16.1/include/system -isystem /usr/lib/gcc/x86_64-redhat-linux/11/include -DL_ENDIAN -D_CRT_SECURE_NO_DEPRECATE -D_CRT_NONSTDC_NO_DEPRECATE -DOPENSSL_SMALL_FOOTPRINT -DPEDANTIC -DMDE_CPU_X64   -c -o crypto/bn/bn_sqrt.o /builddir/build/BUILD/shim-16.1/Cryptlib/OpenSSL/crypto/bn/bn_sqrt.c
#13 48.91 gcc -std=gnu11 -ggdb -gdwarf-4 -gstrict-dwarf -ffreestanding -fmacro-prefix-map=/builddir/build/BUILD/shim-16.1/= -fno-stack-protector -fno-strict-aliasing -fpic -fshort-wchar -nostdinc -m64 -mno-mmx -mno-sse -mno-red-zone -maccumulate-outgoing-args -Os -Wall -Wextra -Wno-missing-field-initializers -Wno-empty-body -Wno-implicit-fallthrough -Wno-old-style-declaration -Wno-unused-but-set-variable -Wno-unused-parameter -Werror -Wno-error=unused-but-set-variable -Wno-error=unused-parameter -I/builddir/build/BUILD/shim-16.1/Cryptlib/OpenSSL -I/builddir/build/BUILD/shim-16.1/Cryptlib -I/builddir/build/BUILD/shim-16.1/Cryptlib/OpenSSL/Include/ -I/builddir/build/BUILD/shim-16.1/Cryptlib/OpenSSL/crypto -I/builddir/build/BUILD/shim-16.1/Cryptlib/Include -I/builddir/build/BUILD/shim-16.1/gnu-efi/inc -I/builddir/build/BUILD/shim-16.1/gnu-efi/inc/x86_64 -I/builddir/build/BUILD/shim-16.1/gnu-efi/inc/protocol -I/builddir/build/BUILD/shim-16.1/Cryptlib/OpenSSL/crypto/asn1 -I/builddir/build/BUILD/shim-16.1/Cryptlib/OpenSSL/crypto/evp -I/builddir/build/BUILD/shim-16.1/Cryptlib/OpenSSL/crypto/modes -I/builddir/build/BUILD/shim-16.1/Cryptlib/OpenSSL/crypto/include -isystem /builddir/build/BUILD/shim-16.1/include/system -isystem /usr/lib/gcc/x86_64-redhat-linux/11/include -DL_ENDIAN -D_CRT_SECURE_NO_DEPRECATE -D_CRT_NONSTDC_NO_DEPRECATE -DOPENSSL_SMALL_FOOTPRINT -DPEDANTIC -DMDE_CPU_X64   -c -o crypto/bn/bn_gcd.o /builddir/build/BUILD/shim-16.1/Cryptlib/OpenSSL/crypto/bn/bn_gcd.c
#13 49.40 gcc -std=gnu11 -ggdb -gdwarf-4 -gstrict-dwarf -ffreestanding -fmacro-prefix-map=/builddir/build/BUILD/shim-16.1/= -fno-stack-protector -fno-strict-aliasing -fpic -fshort-wchar -nostdinc -m64 -mno-mmx -mno-sse -mno-red-zone -maccumulate-outgoing-args -Os -Wall -Wextra -Wno-missing-field-initializers -Wno-empty-body -Wno-implicit-fallthrough -Wno-old-style-declaration -Wno-unused-but-set-variable -Wno-unused-parameter -Werror -Wno-error=unused-but-set-variable -Wno-error=unused-parameter -I/builddir/build/BUILD/shim-16.1/Cryptlib/OpenSSL -I/builddir/build/BUILD/shim-16.1/Cryptlib -I/builddir/build/BUILD/shim-16.1/Cryptlib/OpenSSL/Include/ -I/builddir/build/BUILD/shim-16.1/Cryptlib/OpenSSL/crypto -I/builddir/build/BUILD/shim-16.1/Cryptlib/Include -I/builddir/build/BUILD/shim-16.1/gnu-efi/inc -I/builddir/build/BUILD/shim-16.1/gnu-efi/inc/x86_64 -I/builddir/build/BUILD/shim-16.1/gnu-efi/inc/protocol -I/builddir/build/BUILD/shim-16.1/Cryptlib/OpenSSL/crypto/asn1 -I/builddir/build/BUILD/shim-16.1/Cryptlib/OpenSSL/crypto/evp -I/builddir/build/BUILD/shim-16.1/Cryptlib/OpenSSL/crypto/modes -I/builddir/build/BUILD/shim-16.1/Cryptlib/OpenSSL/crypto/include -isystem /builddir/build/BUILD/shim-16.1/include/system -isystem /usr/lib/gcc/x86_64-redhat-linux/11/include -DL_ENDIAN -D_CRT_SECURE_NO_DEPRECATE -D_CRT_NONSTDC_NO_DEPRECATE -DOPENSSL_SMALL_FOOTPRINT -DPEDANTIC -DMDE_CPU_X64   -c -o crypto/bn/bn_prime.o /builddir/build/BUILD/shim-16.1/Cryptlib/OpenSSL/crypto/bn/bn_prime.c
#13 49.93 gcc -std=gnu11 -ggdb -gdwarf-4 -gstrict-dwarf -ffreestanding -fmacro-prefix-map=/builddir/build/BUILD/shim-16.1/= -fno-stack-protector -fno-strict-aliasing -fpic -fshort-wchar -nostdinc -m64 -mno-mmx -mno-sse -mno-red-zone -maccumulate-outgoing-args -Os -Wall -Wextra -Wno-missing-field-initializers -Wno-empty-body -Wno-implicit-fallthrough -Wno-old-style-declaration -Wno-unused-but-set-variable -Wno-unused-parameter -Werror -Wno-error=unused-but-set-variable -Wno-error=unused-parameter -I/builddir/build/BUILD/shim-16.1/Cryptlib/OpenSSL -I/builddir/build/BUILD/shim-16.1/Cryptlib -I/builddir/build/BUILD/shim-16.1/Cryptlib/OpenSSL/Include/ -I/builddir/build/BUILD/shim-16.1/Cryptlib/OpenSSL/crypto -I/builddir/build/BUILD/shim-16.1/Cryptlib/Include -I/builddir/build/BUILD/shim-16.1/gnu-efi/inc -I/builddir/build/BUILD/shim-16.1/gnu-efi/inc/x86_64 -I/builddir/build/BUILD/shim-16.1/gnu-efi/inc/protocol -I/builddir/build/BUILD/shim-16.1/Cryptlib/OpenSSL/crypto/asn1 -I/builddir/build/BUILD/shim-16.1/Cryptlib/OpenSSL/crypto/evp -I/builddir/build/BUILD/shim-16.1/Cryptlib/OpenSSL/crypto/modes -I/builddir/build/BUILD/shim-16.1/Cryptlib/OpenSSL/crypto/include -isystem /builddir/build/BUILD/shim-16.1/include/system -isystem /usr/lib/gcc/x86_64-redhat-linux/11/include -DL_ENDIAN -D_CRT_SECURE_NO_DEPRECATE -D_CRT_NONSTDC_NO_DEPRECATE -DOPENSSL_SMALL_FOOTPRINT -DPEDANTIC -DMDE_CPU_X64   -c -o crypto/bn/bn_err.o /builddir/build/BUILD/shim-16.1/Cryptlib/OpenSSL/crypto/bn/bn_err.c
#13 50.19 gcc -std=gnu11 -ggdb -gdwarf-4 -gstrict-dwarf -ffreestanding -fmacro-prefix-map=/builddir/build/BUILD/shim-16.1/= -fno-stack-protector -fno-strict-aliasing -fpic -fshort-wchar -nostdinc -m64 -mno-mmx -mno-sse -mno-red-zone -maccumulate-outgoing-args -Os -Wall -Wextra -Wno-missing-field-initializers -Wno-empty-body -Wno-implicit-fallthrough -Wno-old-style-declaration -Wno-unused-but-set-variable -Wno-unused-parameter -Werror -Wno-error=unused-but-set-variable -Wno-error=unused-parameter -I/builddir/build/BUILD/shim-16.1/Cryptlib/OpenSSL -I/builddir/build/BUILD/shim-16.1/Cryptlib -I/builddir/build/BUILD/shim-16.1/Cryptlib/OpenSSL/Include/ -I/builddir/build/BUILD/shim-16.1/Cryptlib/OpenSSL/crypto -I/builddir/build/BUILD/shim-16.1/Cryptlib/Include -I/builddir/build/BUILD/shim-16.1/gnu-efi/inc -I/builddir/build/BUILD/shim-16.1/gnu-efi/inc/x86_64 -I/builddir/build/BUILD/shim-16.1/gnu-efi/inc/protocol -I/builddir/build/BUILD/shim-16.1/Cryptlib/OpenSSL/crypto/asn1 -I/builddir/build/BUILD/shim-16.1/Cryptlib/OpenSSL/crypto/evp -I/builddir/build/BUILD/shim-16.1/Cryptlib/OpenSSL/crypto/modes -I/builddir/build/BUILD/shim-16.1/Cryptlib/OpenSSL/crypto/include -isystem /builddir/build/BUILD/shim-16.1/include/system -isystem /usr/lib/gcc/x86_64-redhat-linux/11/include -DL_ENDIAN -D_CRT_SECURE_NO_DEPRECATE -D_CRT_NONSTDC_NO_DEPRECATE -DOPENSSL_SMALL_FOOTPRINT -DPEDANTIC -DMDE_CPU_X64   -c -o crypto/bn/bn_sqr.o /builddir/build/BUILD/shim-16.1/Cryptlib/OpenSSL/crypto/bn/bn_sqr.c
#13 50.63 gcc -std=gnu11 -ggdb -gdwarf-4 -gstrict-dwarf -ffreestanding -fmacro-prefix-map=/builddir/build/BUILD/shim-16.1/= -fno-stack-protector -fno-strict-aliasing -fpic -fshort-wchar -nostdinc -m64 -mno-mmx -mno-sse -mno-red-zone -maccumulate-outgoing-args -Os -Wall -Wextra -Wno-missing-field-initializers -Wno-empty-body -Wno-implicit-fallthrough -Wno-old-style-declaration -Wno-unused-but-set-variable -Wno-unused-parameter -Werror -Wno-error=unused-but-set-variable -Wno-error=unused-parameter -I/builddir/build/BUILD/shim-16.1/Cryptlib/OpenSSL -I/builddir/build/BUILD/shim-16.1/Cryptlib -I/builddir/build/BUILD/shim-16.1/Cryptlib/OpenSSL/Include/ -I/builddir/build/BUILD/shim-16.1/Cryptlib/OpenSSL/crypto -I/builddir/build/BUILD/shim-16.1/Cryptlib/Include -I/builddir/build/BUILD/shim-16.1/gnu-efi/inc -I/builddir/build/BUILD/shim-16.1/gnu-efi/inc/x86_64 -I/builddir/build/BUILD/shim-16.1/gnu-efi/inc/protocol -I/builddir/build/BUILD/shim-16.1/Cryptlib/OpenSSL/crypto/asn1 -I/builddir/build/BUILD/shim-16.1/Cryptlib/OpenSSL/crypto/evp -I/builddir/build/BUILD/shim-16.1/Cryptlib/OpenSSL/crypto/modes -I/builddir/build/BUILD/shim-16.1/Cryptlib/OpenSSL/crypto/include -isystem /builddir/build/BUILD/shim-16.1/include/system -isystem /usr/lib/gcc/x86_64-redhat-linux/11/include -DL_ENDIAN -D_CRT_SECURE_NO_DEPRECATE -D_CRT_NONSTDC_NO_DEPRECATE -DOPENSSL_SMALL_FOOTPRINT -DPEDANTIC -DMDE_CPU_X64   -c -o crypto/bn/bn_asm.o /builddir/build/BUILD/shim-16.1/Cryptlib/OpenSSL/crypto/bn/bn_asm.c
#13 51.12 gcc -std=gnu11 -ggdb -gdwarf-4 -gstrict-dwarf -ffreestanding -fmacro-prefix-map=/builddir/build/BUILD/shim-16.1/= -fno-stack-protector -fno-strict-aliasing -fpic -fshort-wchar -nostdinc -m64 -mno-mmx -mno-sse -mno-red-zone -maccumulate-outgoing-args -Os -Wall -Wextra -Wno-missing-field-initializers -Wno-empty-body -Wno-implicit-fallthrough -Wno-old-style-declaration -Wno-unused-but-set-variable -Wno-unused-parameter -Werror -Wno-error=unused-but-set-variable -Wno-error=unused-parameter -I/builddir/build/BUILD/shim-16.1/Cryptlib/OpenSSL -I/builddir/build/BUILD/shim-16.1/Cryptlib -I/builddir/build/BUILD/shim-16.1/Cryptlib/OpenSSL/Include/ -I/builddir/build/BUILD/shim-16.1/Cryptlib/OpenSSL/crypto -I/builddir/build/BUILD/shim-16.1/Cryptlib/Include -I/builddir/build/BUILD/shim-16.1/gnu-efi/inc -I/builddir/build/BUILD/shim-16.1/gnu-efi/inc/x86_64 -I/builddir/build/BUILD/shim-16.1/gnu-efi/inc/protocol -I/builddir/build/BUILD/shim-16.1/Cryptlib/OpenSSL/crypto/asn1 -I/builddir/build/BUILD/shim-16.1/Cryptlib/OpenSSL/crypto/evp -I/builddir/build/BUILD/shim-16.1/Cryptlib/OpenSSL/crypto/modes -I/builddir/build/BUILD/shim-16.1/Cryptlib/OpenSSL/crypto/include -isystem /builddir/build/BUILD/shim-16.1/include/system -isystem /usr/lib/gcc/x86_64-redhat-linux/11/include -DL_ENDIAN -D_CRT_SECURE_NO_DEPRECATE -D_CRT_NONSTDC_NO_DEPRECATE -DOPENSSL_SMALL_FOOTPRINT -DPEDANTIC -DMDE_CPU_X64   -c -o crypto/bn/bn_recp.o /builddir/build/BUILD/shim-16.1/Cryptlib/OpenSSL/crypto/bn/bn_recp.c
#13 51.58 gcc -std=gnu11 -ggdb -gdwarf-4 -gstrict-dwarf -ffreestanding -fmacro-prefix-map=/builddir/build/BUILD/shim-16.1/= -fno-stack-protector -fno-strict-aliasing -fpic -fshort-wchar -nostdinc -m64 -mno-mmx -mno-sse -mno-red-zone -maccumulate-outgoing-args -Os -Wall -Wextra -Wno-missing-field-initializers -Wno-empty-body -Wno-implicit-fallthrough -Wno-old-style-declaration -Wno-unused-but-set-variable -Wno-unused-parameter -Werror -Wno-error=unused-but-set-variable -Wno-error=unused-parameter -I/builddir/build/BUILD/shim-16.1/Cryptlib/OpenSSL -I/builddir/build/BUILD/shim-16.1/Cryptlib -I/builddir/build/BUILD/shim-16.1/Cryptlib/OpenSSL/Include/ -I/builddir/build/BUILD/shim-16.1/Cryptlib/OpenSSL/crypto -I/builddir/build/BUILD/shim-16.1/Cryptlib/Include -I/builddir/build/BUILD/shim-16.1/gnu-efi/inc -I/builddir/build/BUILD/shim-16.1/gnu-efi/inc/x86_64 -I/builddir/build/BUILD/shim-16.1/gnu-efi/inc/protocol -I/builddir/build/BUILD/shim-16.1/Cryptlib/OpenSSL/crypto/asn1 -I/builddir/build/BUILD/shim-16.1/Cryptlib/OpenSSL/crypto/evp -I/builddir/build/BUILD/shim-16.1/Cryptlib/OpenSSL/crypto/modes -I/builddir/build/BUILD/shim-16.1/Cryptlib/OpenSSL/crypto/include -isystem /builddir/build/BUILD/shim-16.1/include/system -isystem /usr/lib/gcc/x86_64-redhat-linux/11/include -DL_ENDIAN -D_CRT_SECURE_NO_DEPRECATE -D_CRT_NONSTDC_NO_DEPRECATE -DOPENSSL_SMALL_FOOTPRINT -DPEDANTIC -DMDE_CPU_X64   -c -o crypto/bn/bn_mont.o /builddir/build/BUILD/shim-16.1/Cryptlib/OpenSSL/crypto/bn/bn_mont.c
#13 52.10 gcc -std=gnu11 -ggdb -gdwarf-4 -gstrict-dwarf -ffreestanding -fmacro-prefix-map=/builddir/build/BUILD/shim-16.1/= -fno-stack-protector -fno-strict-aliasing -fpic -fshort-wchar -nostdinc -m64 -mno-mmx -mno-sse -mno-red-zone -maccumulate-outgoing-args -Os -Wall -Wextra -Wno-missing-field-initializers -Wno-empty-body -Wno-implicit-fallthrough -Wno-old-style-declaration -Wno-unused-but-set-variable -Wno-unused-parameter -Werror -Wno-error=unused-but-set-variable -Wno-error=unused-parameter -I/builddir/build/BUILD/shim-16.1/Cryptlib/OpenSSL -I/builddir/build/BUILD/shim-16.1/Cryptlib -I/builddir/build/BUILD/shim-16.1/Cryptlib/OpenSSL/Include/ -I/builddir/build/BUILD/shim-16.1/Cryptlib/OpenSSL/crypto -I/builddir/build/BUILD/shim-16.1/Cryptlib/Include -I/builddir/build/BUILD/shim-16.1/gnu-efi/inc -I/builddir/build/BUILD/shim-16.1/gnu-efi/inc/x86_64 -I/builddir/build/BUILD/shim-16.1/gnu-efi/inc/protocol -I/builddir/build/BUILD/shim-16.1/Cryptlib/OpenSSL/crypto/asn1 -I/builddir/build/BUILD/shim-16.1/Cryptlib/OpenSSL/crypto/evp -I/builddir/build/BUILD/shim-16.1/Cryptlib/OpenSSL/crypto/modes -I/builddir/build/BUILD/shim-16.1/Cryptlib/OpenSSL/crypto/include -isystem /builddir/build/BUILD/shim-16.1/include/system -isystem /usr/lib/gcc/x86_64-redhat-linux/11/include -DL_ENDIAN -D_CRT_SECURE_NO_DEPRECATE -D_CRT_NONSTDC_NO_DEPRECATE -DOPENSSL_SMALL_FOOTPRINT -DPEDANTIC -DMDE_CPU_X64   -c -o crypto/bn/bn_mpi.o /builddir/build/BUILD/shim-16.1/Cryptlib/OpenSSL/crypto/bn/bn_mpi.c
#13 52.52 gcc -std=gnu11 -ggdb -gdwarf-4 -gstrict-dwarf -ffreestanding -fmacro-prefix-map=/builddir/build/BUILD/shim-16.1/= -fno-stack-protector -fno-strict-aliasing -fpic -fshort-wchar -nostdinc -m64 -mno-mmx -mno-sse -mno-red-zone -maccumulate-outgoing-args -Os -Wall -Wextra -Wno-missing-field-initializers -Wno-empty-body -Wno-implicit-fallthrough -Wno-old-style-declaration -Wno-unused-but-set-variable -Wno-unused-parameter -Werror -Wno-error=unused-but-set-variable -Wno-error=unused-parameter -I/builddir/build/BUILD/shim-16.1/Cryptlib/OpenSSL -I/builddir/build/BUILD/shim-16.1/Cryptlib -I/builddir/build/BUILD/shim-16.1/Cryptlib/OpenSSL/Include/ -I/builddir/build/BUILD/shim-16.1/Cryptlib/OpenSSL/crypto -I/builddir/build/BUILD/shim-16.1/Cryptlib/Include -I/builddir/build/BUILD/shim-16.1/gnu-efi/inc -I/builddir/build/BUILD/shim-16.1/gnu-efi/inc/x86_64 -I/builddir/build/BUILD/shim-16.1/gnu-efi/inc/protocol -I/builddir/build/BUILD/shim-16.1/Cryptlib/OpenSSL/crypto/asn1 -I/builddir/build/BUILD/shim-16.1/Cryptlib/OpenSSL/crypto/evp -I/builddir/build/BUILD/shim-16.1/Cryptlib/OpenSSL/crypto/modes -I/builddir/build/BUILD/shim-16.1/Cryptlib/OpenSSL/crypto/include -isystem /builddir/build/BUILD/shim-16.1/include/system -isystem /usr/lib/gcc/x86_64-redhat-linux/11/include -DL_ENDIAN -D_CRT_SECURE_NO_DEPRECATE -D_CRT_NONSTDC_NO_DEPRECATE -DOPENSSL_SMALL_FOOTPRINT -DPEDANTIC -DMDE_CPU_X64   -c -o crypto/bn/bn_exp2.o /builddir/build/BUILD/shim-16.1/Cryptlib/OpenSSL/crypto/bn/bn_exp2.c
#13 53.01 gcc -std=gnu11 -ggdb -gdwarf-4 -gstrict-dwarf -ffreestanding -fmacro-prefix-map=/builddir/build/BUILD/shim-16.1/= -fno-stack-protector -fno-strict-aliasing -fpic -fshort-wchar -nostdinc -m64 -mno-mmx -mno-sse -mno-red-zone -maccumulate-outgoing-args -Os -Wall -Wextra -Wno-missing-field-initializers -Wno-empty-body -Wno-implicit-fallthrough -Wno-old-style-declaration -Wno-unused-but-set-variable -Wno-unused-parameter -Werror -Wno-error=unused-but-set-variable -Wno-error=unused-parameter -I/builddir/build/BUILD/shim-16.1/Cryptlib/OpenSSL -I/builddir/build/BUILD/shim-16.1/Cryptlib -I/builddir/build/BUILD/shim-16.1/Cryptlib/OpenSSL/Include/ -I/builddir/build/BUILD/shim-16.1/Cryptlib/OpenSSL/crypto -I/builddir/build/BUILD/shim-16.1/Cryptlib/Include -I/builddir/build/BUILD/shim-16.1/gnu-efi/inc -I/builddir/build/BUILD/shim-16.1/gnu-efi/inc/x86_64 -I/builddir/build/BUILD/shim-16.1/gnu-efi/inc/protocol -I/builddir/build/BUILD/shim-16.1/Cryptlib/OpenSSL/crypto/asn1 -I/builddir/build/BUILD/shim-16.1/Cryptlib/OpenSSL/crypto/evp -I/builddir/build/BUILD/shim-16.1/Cryptlib/OpenSSL/crypto/modes -I/builddir/build/BUILD/shim-16.1/Cryptlib/OpenSSL/crypto/include -isystem /builddir/build/BUILD/shim-16.1/include/system -isystem /usr/lib/gcc/x86_64-redhat-linux/11/include -DL_ENDIAN -D_CRT_SECURE_NO_DEPRECATE -D_CRT_NONSTDC_NO_DEPRECATE -DOPENSSL_SMALL_FOOTPRINT -DPEDANTIC -DMDE_CPU_X64   -c -o crypto/bn/bn_gf2m.o /builddir/build/BUILD/shim-16.1/Cryptlib/OpenSSL/crypto/bn/bn_gf2m.c
#13 53.67 gcc -std=gnu11 -ggdb -gdwarf-4 -gstrict-dwarf -ffreestanding -fmacro-prefix-map=/builddir/build/BUILD/shim-16.1/= -fno-stack-protector -fno-strict-aliasing -fpic -fshort-wchar -nostdinc -m64 -mno-mmx -mno-sse -mno-red-zone -maccumulate-outgoing-args -Os -Wall -Wextra -Wno-missing-field-initializers -Wno-empty-body -Wno-implicit-fallthrough -Wno-old-style-declaration -Wno-unused-but-set-variable -Wno-unused-parameter -Werror -Wno-error=unused-but-set-variable -Wno-error=unused-parameter -I/builddir/build/BUILD/shim-16.1/Cryptlib/OpenSSL -I/builddir/build/BUILD/shim-16.1/Cryptlib -I/builddir/build/BUILD/shim-16.1/Cryptlib/OpenSSL/Include/ -I/builddir/build/BUILD/shim-16.1/Cryptlib/OpenSSL/crypto -I/builddir/build/BUILD/shim-16.1/Cryptlib/Include -I/builddir/build/BUILD/shim-16.1/gnu-efi/inc -I/builddir/build/BUILD/shim-16.1/gnu-efi/inc/x86_64 -I/builddir/build/BUILD/shim-16.1/gnu-efi/inc/protocol -I/builddir/build/BUILD/shim-16.1/Cryptlib/OpenSSL/crypto/asn1 -I/builddir/build/BUILD/shim-16.1/Cryptlib/OpenSSL/crypto/evp -I/builddir/build/BUILD/shim-16.1/Cryptlib/OpenSSL/crypto/modes -I/builddir/build/BUILD/shim-16.1/Cryptlib/OpenSSL/crypto/include -isystem /builddir/build/BUILD/shim-16.1/include/system -isystem /usr/lib/gcc/x86_64-redhat-linux/11/include -DL_ENDIAN -D_CRT_SECURE_NO_DEPRECATE -D_CRT_NONSTDC_NO_DEPRECATE -DOPENSSL_SMALL_FOOTPRINT -DPEDANTIC -DMDE_CPU_X64   -c -o crypto/bn/bn_nist.o /builddir/build/BUILD/shim-16.1/Cryptlib/OpenSSL/crypto/bn/bn_nist.c
#13 54.25 gcc -std=gnu11 -ggdb -gdwarf-4 -gstrict-dwarf -ffreestanding -fmacro-prefix-map=/builddir/build/BUILD/shim-16.1/= -fno-stack-protector -fno-strict-aliasing -fpic -fshort-wchar -nostdinc -m64 -mno-mmx -mno-sse -mno-red-zone -maccumulate-outgoing-args -Os -Wall -Wextra -Wno-missing-field-initializers -Wno-empty-body -Wno-implicit-fallthrough -Wno-old-style-declaration -Wno-unused-but-set-variable -Wno-unused-parameter -Werror -Wno-error=unused-but-set-variable -Wno-error=unused-parameter -I/builddir/build/BUILD/shim-16.1/Cryptlib/OpenSSL -I/builddir/build/BUILD/shim-16.1/Cryptlib -I/builddir/build/BUILD/shim-16.1/Cryptlib/OpenSSL/Include/ -I/builddir/build/BUILD/shim-16.1/Cryptlib/OpenSSL/crypto -I/builddir/build/BUILD/shim-16.1/Cryptlib/Include -I/builddir/build/BUILD/shim-16.1/gnu-efi/inc -I/builddir/build/BUILD/shim-16.1/gnu-efi/inc/x86_64 -I/builddir/build/BUILD/shim-16.1/gnu-efi/inc/protocol -I/builddir/build/BUILD/shim-16.1/Cryptlib/OpenSSL/crypto/asn1 -I/builddir/build/BUILD/shim-16.1/Cryptlib/OpenSSL/crypto/evp -I/builddir/build/BUILD/shim-16.1/Cryptlib/OpenSSL/crypto/modes -I/builddir/build/BUILD/shim-16.1/Cryptlib/OpenSSL/crypto/include -isystem /builddir/build/BUILD/shim-16.1/include/system -isystem /usr/lib/gcc/x86_64-redhat-linux/11/include -DL_ENDIAN -D_CRT_SECURE_NO_DEPRECATE -D_CRT_NONSTDC_NO_DEPRECATE -DOPENSSL_SMALL_FOOTPRINT -DPEDANTIC -DMDE_CPU_X64   -c -o crypto/bn/bn_depr.o /builddir/build/BUILD/shim-16.1/Cryptlib/OpenSSL/crypto/bn/bn_depr.c
#13 54.42 gcc -std=gnu11 -ggdb -gdwarf-4 -gstrict-dwarf -ffreestanding -fmacro-prefix-map=/builddir/build/BUILD/shim-16.1/= -fno-stack-protector -fno-strict-aliasing -fpic -fshort-wchar -nostdinc -m64 -mno-mmx -mno-sse -mno-red-zone -maccumulate-outgoing-args -Os -Wall -Wextra -Wno-missing-field-initializers -Wno-empty-body -Wno-implicit-fallthrough -Wno-old-style-declaration -Wno-unused-but-set-variable -Wno-unused-parameter -Werror -Wno-error=unused-but-set-variable -Wno-error=unused-parameter -I/builddir/build/BUILD/shim-16.1/Cryptlib/OpenSSL -I/builddir/build/BUILD/shim-16.1/Cryptlib -I/builddir/build/BUILD/shim-16.1/Cryptlib/OpenSSL/Include/ -I/builddir/build/BUILD/shim-16.1/Cryptlib/OpenSSL/crypto -I/builddir/build/BUILD/shim-16.1/Cryptlib/Include -I/builddir/build/BUILD/shim-16.1/gnu-efi/inc -I/builddir/build/BUILD/shim-16.1/gnu-efi/inc/x86_64 -I/builddir/build/BUILD/shim-16.1/gnu-efi/inc/protocol -I/builddir/build/BUILD/shim-16.1/Cryptlib/OpenSSL/crypto/asn1 -I/builddir/build/BUILD/shim-16.1/Cryptlib/OpenSSL/crypto/evp -I/builddir/build/BUILD/shim-16.1/Cryptlib/OpenSSL/crypto/modes -I/builddir/build/BUILD/shim-16.1/Cryptlib/OpenSSL/crypto/include -isystem /builddir/build/BUILD/shim-16.1/include/system -isystem /usr/lib/gcc/x86_64-redhat-linux/11/include -DL_ENDIAN -D_CRT_SECURE_NO_DEPRECATE -D_CRT_NONSTDC_NO_DEPRECATE -DOPENSSL_SMALL_FOOTPRINT -DPEDANTIC -DMDE_CPU_X64   -c -o crypto/bn/bn_x931p.o /builddir/build/BUILD/shim-16.1/Cryptlib/OpenSSL/crypto/bn/bn_x931p.c
#13 54.87 gcc -std=gnu11 -ggdb -gdwarf-4 -gstrict-dwarf -ffreestanding -fmacro-prefix-map=/builddir/build/BUILD/shim-16.1/= -fno-stack-protector -fno-strict-aliasing -fpic -fshort-wchar -nostdinc -m64 -mno-mmx -mno-sse -mno-red-zone -maccumulate-outgoing-args -Os -Wall -Wextra -Wno-missing-field-initializers -Wno-empty-body -Wno-implicit-fallthrough -Wno-old-style-declaration -Wno-unused-but-set-variable -Wno-unused-parameter -Werror -Wno-error=unused-but-set-variable -Wno-error=unused-parameter -I/builddir/build/BUILD/shim-16.1/Cryptlib/OpenSSL -I/builddir/build/BUILD/shim-16.1/Cryptlib -I/builddir/build/BUILD/shim-16.1/Cryptlib/OpenSSL/Include/ -I/builddir/build/BUILD/shim-16.1/Cryptlib/OpenSSL/crypto -I/builddir/build/BUILD/shim-16.1/Cryptlib/Include -I/builddir/build/BUILD/shim-16.1/gnu-efi/inc -I/builddir/build/BUILD/shim-16.1/gnu-efi/inc/x86_64 -I/builddir/build/BUILD/shim-16.1/gnu-efi/inc/protocol -I/builddir/build/BUILD/shim-16.1/Cryptlib/OpenSSL/crypto/asn1 -I/builddir/build/BUILD/shim-16.1/Cryptlib/OpenSSL/crypto/evp -I/builddir/build/BUILD/shim-16.1/Cryptlib/OpenSSL/crypto/modes -I/builddir/build/BUILD/shim-16.1/Cryptlib/OpenSSL/crypto/include -isystem /builddir/build/BUILD/shim-16.1/include/system -isystem /usr/lib/gcc/x86_64-redhat-linux/11/include -DL_ENDIAN -D_CRT_SECURE_NO_DEPRECATE -D_CRT_NONSTDC_NO_DEPRECATE -DOPENSSL_SMALL_FOOTPRINT -DPEDANTIC -DMDE_CPU_X64   -c -o crypto/bn/bn_const.o /builddir/build/BUILD/shim-16.1/Cryptlib/OpenSSL/crypto/bn/bn_const.c
#13 55.18 gcc -std=gnu11 -ggdb -gdwarf-4 -gstrict-dwarf -ffreestanding -fmacro-prefix-map=/builddir/build/BUILD/shim-16.1/= -fno-stack-protector -fno-strict-aliasing -fpic -fshort-wchar -nostdinc -m64 -mno-mmx -mno-sse -mno-red-zone -maccumulate-outgoing-args -Os -Wall -Wextra -Wno-missing-field-initializers -Wno-empty-body -Wno-implicit-fallthrough -Wno-old-style-declaration -Wno-unused-but-set-variable -Wno-unused-parameter -Werror -Wno-error=unused-but-set-variable -Wno-error=unused-parameter -I/builddir/build/BUILD/shim-16.1/Cryptlib/OpenSSL -I/builddir/build/BUILD/shim-16.1/Cryptlib -I/builddir/build/BUILD/shim-16.1/Cryptlib/OpenSSL/Include/ -I/builddir/build/BUILD/shim-16.1/Cryptlib/OpenSSL/crypto -I/builddir/build/BUILD/shim-16.1/Cryptlib/Include -I/builddir/build/BUILD/shim-16.1/gnu-efi/inc -I/builddir/build/BUILD/shim-16.1/gnu-efi/inc/x86_64 -I/builddir/build/BUILD/shim-16.1/gnu-efi/inc/protocol -I/builddir/build/BUILD/shim-16.1/Cryptlib/OpenSSL/crypto/asn1 -I/builddir/build/BUILD/shim-16.1/Cryptlib/OpenSSL/crypto/evp -I/builddir/build/BUILD/shim-16.1/Cryptlib/OpenSSL/crypto/modes -I/builddir/build/BUILD/shim-16.1/Cryptlib/OpenSSL/crypto/include -isystem /builddir/build/BUILD/shim-16.1/include/system -isystem /usr/lib/gcc/x86_64-redhat-linux/11/include -DL_ENDIAN -D_CRT_SECURE_NO_DEPRECATE -D_CRT_NONSTDC_NO_DEPRECATE -DOPENSSL_SMALL_FOOTPRINT -DPEDANTIC -DMDE_CPU_X64   -c -o crypto/rsa/rsa_eay.o /builddir/build/BUILD/shim-16.1/Cryptlib/OpenSSL/crypto/rsa/rsa_eay.c
#13 55.75 gcc -std=gnu11 -ggdb -gdwarf-4 -gstrict-dwarf -ffreestanding -fmacro-prefix-map=/builddir/build/BUILD/shim-16.1/= -fno-stack-protector -fno-strict-aliasing -fpic -fshort-wchar -nostdinc -m64 -mno-mmx -mno-sse -mno-red-zone -maccumulate-outgoing-args -Os -Wall -Wextra -Wno-missing-field-initializers -Wno-empty-body -Wno-implicit-fallthrough -Wno-old-style-declaration -Wno-unused-but-set-variable -Wno-unused-parameter -Werror -Wno-error=unused-but-set-variable -Wno-error=unused-parameter -I/builddir/build/BUILD/shim-16.1/Cryptlib/OpenSSL -I/builddir/build/BUILD/shim-16.1/Cryptlib -I/builddir/build/BUILD/shim-16.1/Cryptlib/OpenSSL/Include/ -I/builddir/build/BUILD/shim-16.1/Cryptlib/OpenSSL/crypto -I/builddir/build/BUILD/shim-16.1/Cryptlib/Include -I/builddir/build/BUILD/shim-16.1/gnu-efi/inc -I/builddir/build/BUILD/shim-16.1/gnu-efi/inc/x86_64 -I/builddir/build/BUILD/shim-16.1/gnu-efi/inc/protocol -I/builddir/build/BUILD/shim-16.1/Cryptlib/OpenSSL/crypto/asn1 -I/builddir/build/BUILD/shim-16.1/Cryptlib/OpenSSL/crypto/evp -I/builddir/build/BUILD/shim-16.1/Cryptlib/OpenSSL/crypto/modes -I/builddir/build/BUILD/shim-16.1/Cryptlib/OpenSSL/crypto/include -isystem /builddir/build/BUILD/shim-16.1/include/system -isystem /usr/lib/gcc/x86_64-redhat-linux/11/include -DL_ENDIAN -D_CRT_SECURE_NO_DEPRECATE -D_CRT_NONSTDC_NO_DEPRECATE -DOPENSSL_SMALL_FOOTPRINT -DPEDANTIC -DMDE_CPU_X64   -c -o crypto/rsa/rsa_gen.o /builddir/build/BUILD/shim-16.1/Cryptlib/OpenSSL/crypto/rsa/rsa_gen.c
#13 56.22 gcc -std=gnu11 -ggdb -gdwarf-4 -gstrict-dwarf -ffreestanding -fmacro-prefix-map=/builddir/build/BUILD/shim-16.1/= -fno-stack-protector -fno-strict-aliasing -fpic -fshort-wchar -nostdinc -m64 -mno-mmx -mno-sse -mno-red-zone -maccumulate-outgoing-args -Os -Wall -Wextra -Wno-missing-field-initializers -Wno-empty-body -Wno-implicit-fallthrough -Wno-old-style-declaration -Wno-unused-but-set-variable -Wno-unused-parameter -Werror -Wno-error=unused-but-set-variable -Wno-error=unused-parameter -I/builddir/build/BUILD/shim-16.1/Cryptlib/OpenSSL -I/builddir/build/BUILD/shim-16.1/Cryptlib -I/builddir/build/BUILD/shim-16.1/Cryptlib/OpenSSL/Include/ -I/builddir/build/BUILD/shim-16.1/Cryptlib/OpenSSL/crypto -I/builddir/build/BUILD/shim-16.1/Cryptlib/Include -I/builddir/build/BUILD/shim-16.1/gnu-efi/inc -I/builddir/build/BUILD/shim-16.1/gnu-efi/inc/x86_64 -I/builddir/build/BUILD/shim-16.1/gnu-efi/inc/protocol -I/builddir/build/BUILD/shim-16.1/Cryptlib/OpenSSL/crypto/asn1 -I/builddir/build/BUILD/shim-16.1/Cryptlib/OpenSSL/crypto/evp -I/builddir/build/BUILD/shim-16.1/Cryptlib/OpenSSL/crypto/modes -I/builddir/build/BUILD/shim-16.1/Cryptlib/OpenSSL/crypto/include -isystem /builddir/build/BUILD/shim-16.1/include/system -isystem /usr/lib/gcc/x86_64-redhat-linux/11/include -DL_ENDIAN -D_CRT_SECURE_NO_DEPRECATE -D_CRT_NONSTDC_NO_DEPRECATE -DOPENSSL_SMALL_FOOTPRINT -DPEDANTIC -DMDE_CPU_X64   -c -o crypto/rsa/rsa_lib.o /builddir/build/BUILD/shim-16.1/Cryptlib/OpenSSL/crypto/rsa/rsa_lib.c
#13 56.71 gcc -std=gnu11 -ggdb -gdwarf-4 -gstrict-dwarf -ffreestanding -fmacro-prefix-map=/builddir/build/BUILD/shim-16.1/= -fno-stack-protector -fno-strict-aliasing -fpic -fshort-wchar -nostdinc -m64 -mno-mmx -mno-sse -mno-red-zone -maccumulate-outgoing-args -Os -Wall -Wextra -Wno-missing-field-initializers -Wno-empty-body -Wno-implicit-fallthrough -Wno-old-style-declaration -Wno-unused-but-set-variable -Wno-unused-parameter -Werror -Wno-error=unused-but-set-variable -Wno-error=unused-parameter -I/builddir/build/BUILD/shim-16.1/Cryptlib/OpenSSL -I/builddir/build/BUILD/shim-16.1/Cryptlib -I/builddir/build/BUILD/shim-16.1/Cryptlib/OpenSSL/Include/ -I/builddir/build/BUILD/shim-16.1/Cryptlib/OpenSSL/crypto -I/builddir/build/BUILD/shim-16.1/Cryptlib/Include -I/builddir/build/BUILD/shim-16.1/gnu-efi/inc -I/builddir/build/BUILD/shim-16.1/gnu-efi/inc/x86_64 -I/builddir/build/BUILD/shim-16.1/gnu-efi/inc/protocol -I/builddir/build/BUILD/shim-16.1/Cryptlib/OpenSSL/crypto/asn1 -I/builddir/build/BUILD/shim-16.1/Cryptlib/OpenSSL/crypto/evp -I/builddir/build/BUILD/shim-16.1/Cryptlib/OpenSSL/crypto/modes -I/builddir/build/BUILD/shim-16.1/Cryptlib/OpenSSL/crypto/include -isystem /builddir/build/BUILD/shim-16.1/include/system -isystem /usr/lib/gcc/x86_64-redhat-linux/11/include -DL_ENDIAN -D_CRT_SECURE_NO_DEPRECATE -D_CRT_NONSTDC_NO_DEPRECATE -DOPENSSL_SMALL_FOOTPRINT -DPEDANTIC -DMDE_CPU_X64   -c -o crypto/rsa/rsa_sign.o /builddir/build/BUILD/shim-16.1/Cryptlib/OpenSSL/crypto/rsa/rsa_sign.c
#13 57.23 gcc -std=gnu11 -ggdb -gdwarf-4 -gstrict-dwarf -ffreestanding -fmacro-prefix-map=/builddir/build/BUILD/shim-16.1/= -fno-stack-protector -fno-strict-aliasing -fpic -fshort-wchar -nostdinc -m64 -mno-mmx -mno-sse -mno-red-zone -maccumulate-outgoing-args -Os -Wall -Wextra -Wno-missing-field-initializers -Wno-empty-body -Wno-implicit-fallthrough -Wno-old-style-declaration -Wno-unused-but-set-variable -Wno-unused-parameter -Werror -Wno-error=unused-but-set-variable -Wno-error=unused-parameter -I/builddir/build/BUILD/shim-16.1/Cryptlib/OpenSSL -I/builddir/build/BUILD/shim-16.1/Cryptlib -I/builddir/build/BUILD/shim-16.1/Cryptlib/OpenSSL/Include/ -I/builddir/build/BUILD/shim-16.1/Cryptlib/OpenSSL/crypto -I/builddir/build/BUILD/shim-16.1/Cryptlib/Include -I/builddir/build/BUILD/shim-16.1/gnu-efi/inc -I/builddir/build/BUILD/shim-16.1/gnu-efi/inc/x86_64 -I/builddir/build/BUILD/shim-16.1/gnu-efi/inc/protocol -I/builddir/build/BUILD/shim-16.1/Cryptlib/OpenSSL/crypto/asn1 -I/builddir/build/BUILD/shim-16.1/Cryptlib/OpenSSL/crypto/evp -I/builddir/build/BUILD/shim-16.1/Cryptlib/OpenSSL/crypto/modes -I/builddir/build/BUILD/shim-16.1/Cryptlib/OpenSSL/crypto/include -isystem /builddir/build/BUILD/shim-16.1/include/system -isystem /usr/lib/gcc/x86_64-redhat-linux/11/include -DL_ENDIAN -D_CRT_SECURE_NO_DEPRECATE -D_CRT_NONSTDC_NO_DEPRECATE -DOPENSSL_SMALL_FOOTPRINT -DPEDANTIC -DMDE_CPU_X64   -c -o crypto/rsa/rsa_saos.o /builddir/build/BUILD/shim-16.1/Cryptlib/OpenSSL/crypto/rsa/rsa_saos.c
#13 57.67 gcc -std=gnu11 -ggdb -gdwarf-4 -gstrict-dwarf -ffreestanding -fmacro-prefix-map=/builddir/build/BUILD/shim-16.1/= -fno-stack-protector -fno-strict-aliasing -fpic -fshort-wchar -nostdinc -m64 -mno-mmx -mno-sse -mno-red-zone -maccumulate-outgoing-args -Os -Wall -Wextra -Wno-missing-field-initializers -Wno-empty-body -Wno-implicit-fallthrough -Wno-old-style-declaration -Wno-unused-but-set-variable -Wno-unused-parameter -Werror -Wno-error=unused-but-set-variable -Wno-error=unused-parameter -I/builddir/build/BUILD/shim-16.1/Cryptlib/OpenSSL -I/builddir/build/BUILD/shim-16.1/Cryptlib -I/builddir/build/BUILD/shim-16.1/Cryptlib/OpenSSL/Include/ -I/builddir/build/BUILD/shim-16.1/Cryptlib/OpenSSL/crypto -I/builddir/build/BUILD/shim-16.1/Cryptlib/Include -I/builddir/build/BUILD/shim-16.1/gnu-efi/inc -I/builddir/build/BUILD/shim-16.1/gnu-efi/inc/x86_64 -I/builddir/build/BUILD/shim-16.1/gnu-efi/inc/protocol -I/builddir/build/BUILD/shim-16.1/Cryptlib/OpenSSL/crypto/asn1 -I/builddir/build/BUILD/shim-16.1/Cryptlib/OpenSSL/crypto/evp -I/builddir/build/BUILD/shim-16.1/Cryptlib/OpenSSL/crypto/modes -I/builddir/build/BUILD/shim-16.1/Cryptlib/OpenSSL/crypto/include -isystem /builddir/build/BUILD/shim-16.1/include/system -isystem /usr/lib/gcc/x86_64-redhat-linux/11/include -DL_ENDIAN -D_CRT_SECURE_NO_DEPRECATE -D_CRT_NONSTDC_NO_DEPRECATE -DOPENSSL_SMALL_FOOTPRINT -DPEDANTIC -DMDE_CPU_X64   -c -o crypto/rsa/rsa_err.o /builddir/build/BUILD/shim-16.1/Cryptlib/OpenSSL/crypto/rsa/rsa_err.c
#13 57.92 gcc -std=gnu11 -ggdb -gdwarf-4 -gstrict-dwarf -ffreestanding -fmacro-prefix-map=/builddir/build/BUILD/shim-16.1/= -fno-stack-protector -fno-strict-aliasing -fpic -fshort-wchar -nostdinc -m64 -mno-mmx -mno-sse -mno-red-zone -maccumulate-outgoing-args -Os -Wall -Wextra -Wno-missing-field-initializers -Wno-empty-body -Wno-implicit-fallthrough -Wno-old-style-declaration -Wno-unused-but-set-variable -Wno-unused-parameter -Werror -Wno-error=unused-but-set-variable -Wno-error=unused-parameter -I/builddir/build/BUILD/shim-16.1/Cryptlib/OpenSSL -I/builddir/build/BUILD/shim-16.1/Cryptlib -I/builddir/build/BUILD/shim-16.1/Cryptlib/OpenSSL/Include/ -I/builddir/build/BUILD/shim-16.1/Cryptlib/OpenSSL/crypto -I/builddir/build/BUILD/shim-16.1/Cryptlib/Include -I/builddir/build/BUILD/shim-16.1/gnu-efi/inc -I/builddir/build/BUILD/shim-16.1/gnu-efi/inc/x86_64 -I/builddir/build/BUILD/shim-16.1/gnu-efi/inc/protocol -I/builddir/build/BUILD/shim-16.1/Cryptlib/OpenSSL/crypto/asn1 -I/builddir/build/BUILD/shim-16.1/Cryptlib/OpenSSL/crypto/evp -I/builddir/build/BUILD/shim-16.1/Cryptlib/OpenSSL/crypto/modes -I/builddir/build/BUILD/shim-16.1/Cryptlib/OpenSSL/crypto/include -isystem /builddir/build/BUILD/shim-16.1/include/system -isystem /usr/lib/gcc/x86_64-redhat-linux/11/include -DL_ENDIAN -D_CRT_SECURE_NO_DEPRECATE -D_CRT_NONSTDC_NO_DEPRECATE -DOPENSSL_SMALL_FOOTPRINT -DPEDANTIC -DMDE_CPU_X64   -c -o crypto/rsa/rsa_pk1.o /builddir/build/BUILD/shim-16.1/Cryptlib/OpenSSL/crypto/rsa/rsa_pk1.c
#13 58.41 gcc -std=gnu11 -ggdb -gdwarf-4 -gstrict-dwarf -ffreestanding -fmacro-prefix-map=/builddir/build/BUILD/shim-16.1/= -fno-stack-protector -fno-strict-aliasing -fpic -fshort-wchar -nostdinc -m64 -mno-mmx -mno-sse -mno-red-zone -maccumulate-outgoing-args -Os -Wall -Wextra -Wno-missing-field-initializers -Wno-empty-body -Wno-implicit-fallthrough -Wno-old-style-declaration -Wno-unused-but-set-variable -Wno-unused-parameter -Werror -Wno-error=unused-but-set-variable -Wno-error=unused-parameter -I/builddir/build/BUILD/shim-16.1/Cryptlib/OpenSSL -I/builddir/build/BUILD/shim-16.1/Cryptlib -I/builddir/build/BUILD/shim-16.1/Cryptlib/OpenSSL/Include/ -I/builddir/build/BUILD/shim-16.1/Cryptlib/OpenSSL/crypto -I/builddir/build/BUILD/shim-16.1/Cryptlib/Include -I/builddir/build/BUILD/shim-16.1/gnu-efi/inc -I/builddir/build/BUILD/shim-16.1/gnu-efi/inc/x86_64 -I/builddir/build/BUILD/shim-16.1/gnu-efi/inc/protocol -I/builddir/build/BUILD/shim-16.1/Cryptlib/OpenSSL/crypto/asn1 -I/builddir/build/BUILD/shim-16.1/Cryptlib/OpenSSL/crypto/evp -I/builddir/build/BUILD/shim-16.1/Cryptlib/OpenSSL/crypto/modes -I/builddir/build/BUILD/shim-16.1/Cryptlib/OpenSSL/crypto/include -isystem /builddir/build/BUILD/shim-16.1/include/system -isystem /usr/lib/gcc/x86_64-redhat-linux/11/include -DL_ENDIAN -D_CRT_SECURE_NO_DEPRECATE -D_CRT_NONSTDC_NO_DEPRECATE -DOPENSSL_SMALL_FOOTPRINT -DPEDANTIC -DMDE_CPU_X64   -c -o crypto/rsa/rsa_ssl.o /builddir/build/BUILD/shim-16.1/Cryptlib/OpenSSL/crypto/rsa/rsa_ssl.c
#13 58.84 gcc -std=gnu11 -ggdb -gdwarf-4 -gstrict-dwarf -ffreestanding -fmacro-prefix-map=/builddir/build/BUILD/shim-16.1/= -fno-stack-protector -fno-strict-aliasing -fpic -fshort-wchar -nostdinc -m64 -mno-mmx -mno-sse -mno-red-zone -maccumulate-outgoing-args -Os -Wall -Wextra -Wno-missing-field-initializers -Wno-empty-body -Wno-implicit-fallthrough -Wno-old-style-declaration -Wno-unused-but-set-variable -Wno-unused-parameter -Werror -Wno-error=unused-but-set-variable -Wno-error=unused-parameter -I/builddir/build/BUILD/shim-16.1/Cryptlib/OpenSSL -I/builddir/build/BUILD/shim-16.1/Cryptlib -I/builddir/build/BUILD/shim-16.1/Cryptlib/OpenSSL/Include/ -I/builddir/build/BUILD/shim-16.1/Cryptlib/OpenSSL/crypto -I/builddir/build/BUILD/shim-16.1/Cryptlib/Include -I/builddir/build/BUILD/shim-16.1/gnu-efi/inc -I/builddir/build/BUILD/shim-16.1/gnu-efi/inc/x86_64 -I/builddir/build/BUILD/shim-16.1/gnu-efi/inc/protocol -I/builddir/build/BUILD/shim-16.1/Cryptlib/OpenSSL/crypto/asn1 -I/builddir/build/BUILD/shim-16.1/Cryptlib/OpenSSL/crypto/evp -I/builddir/build/BUILD/shim-16.1/Cryptlib/OpenSSL/crypto/modes -I/builddir/build/BUILD/shim-16.1/Cryptlib/OpenSSL/crypto/include -isystem /builddir/build/BUILD/shim-16.1/include/system -isystem /usr/lib/gcc/x86_64-redhat-linux/11/include -DL_ENDIAN -D_CRT_SECURE_NO_DEPRECATE -D_CRT_NONSTDC_NO_DEPRECATE -DOPENSSL_SMALL_FOOTPRINT -DPEDANTIC -DMDE_CPU_X64   -c -o crypto/rsa/rsa_none.o /builddir/build/BUILD/shim-16.1/Cryptlib/OpenSSL/crypto/rsa/rsa_none.c
#13 59.21 gcc -std=gnu11 -ggdb -gdwarf-4 -gstrict-dwarf -ffreestanding -fmacro-prefix-map=/builddir/build/BUILD/shim-16.1/= -fno-stack-protector -fno-strict-aliasing -fpic -fshort-wchar -nostdinc -m64 -mno-mmx -mno-sse -mno-red-zone -maccumulate-outgoing-args -Os -Wall -Wextra -Wno-missing-field-initializers -Wno-empty-body -Wno-implicit-fallthrough -Wno-old-style-declaration -Wno-unused-but-set-variable -Wno-unused-parameter -Werror -Wno-error=unused-but-set-variable -Wno-error=unused-parameter -I/builddir/build/BUILD/shim-16.1/Cryptlib/OpenSSL -I/builddir/build/BUILD/shim-16.1/Cryptlib -I/builddir/build/BUILD/shim-16.1/Cryptlib/OpenSSL/Include/ -I/builddir/build/BUILD/shim-16.1/Cryptlib/OpenSSL/crypto -I/builddir/build/BUILD/shim-16.1/Cryptlib/Include -I/builddir/build/BUILD/shim-16.1/gnu-efi/inc -I/builddir/build/BUILD/shim-16.1/gnu-efi/inc/x86_64 -I/builddir/build/BUILD/shim-16.1/gnu-efi/inc/protocol -I/builddir/build/BUILD/shim-16.1/Cryptlib/OpenSSL/crypto/asn1 -I/builddir/build/BUILD/shim-16.1/Cryptlib/OpenSSL/crypto/evp -I/builddir/build/BUILD/shim-16.1/Cryptlib/OpenSSL/crypto/modes -I/builddir/build/BUILD/shim-16.1/Cryptlib/OpenSSL/crypto/include -isystem /builddir/build/BUILD/shim-16.1/include/system -isystem /usr/lib/gcc/x86_64-redhat-linux/11/include -DL_ENDIAN -D_CRT_SECURE_NO_DEPRECATE -D_CRT_NONSTDC_NO_DEPRECATE -DOPENSSL_SMALL_FOOTPRINT -DPEDANTIC -DMDE_CPU_X64   -c -o crypto/rsa/rsa_oaep.o /builddir/build/BUILD/shim-16.1/Cryptlib/OpenSSL/crypto/rsa/rsa_oaep.c
#13 59.75 gcc -std=gnu11 -ggdb -gdwarf-4 -gstrict-dwarf -ffreestanding -fmacro-prefix-map=/builddir/build/BUILD/shim-16.1/= -fno-stack-protector -fno-strict-aliasing -fpic -fshort-wchar -nostdinc -m64 -mno-mmx -mno-sse -mno-red-zone -maccumulate-outgoing-args -Os -Wall -Wextra -Wno-missing-field-initializers -Wno-empty-body -Wno-implicit-fallthrough -Wno-old-style-declaration -Wno-unused-but-set-variable -Wno-unused-parameter -Werror -Wno-error=unused-but-set-variable -Wno-error=unused-parameter -I/builddir/build/BUILD/shim-16.1/Cryptlib/OpenSSL -I/builddir/build/BUILD/shim-16.1/Cryptlib -I/builddir/build/BUILD/shim-16.1/Cryptlib/OpenSSL/Include/ -I/builddir/build/BUILD/shim-16.1/Cryptlib/OpenSSL/crypto -I/builddir/build/BUILD/shim-16.1/Cryptlib/Include -I/builddir/build/BUILD/shim-16.1/gnu-efi/inc -I/builddir/build/BUILD/shim-16.1/gnu-efi/inc/x86_64 -I/builddir/build/BUILD/shim-16.1/gnu-efi/inc/protocol -I/builddir/build/BUILD/shim-16.1/Cryptlib/OpenSSL/crypto/asn1 -I/builddir/build/BUILD/shim-16.1/Cryptlib/OpenSSL/crypto/evp -I/builddir/build/BUILD/shim-16.1/Cryptlib/OpenSSL/crypto/modes -I/builddir/build/BUILD/shim-16.1/Cryptlib/OpenSSL/crypto/include -isystem /builddir/build/BUILD/shim-16.1/include/system -isystem /usr/lib/gcc/x86_64-redhat-linux/11/include -DL_ENDIAN -D_CRT_SECURE_NO_DEPRECATE -D_CRT_NONSTDC_NO_DEPRECATE -DOPENSSL_SMALL_FOOTPRINT -DPEDANTIC -DMDE_CPU_X64   -c -o crypto/rsa/rsa_chk.o /builddir/build/BUILD/shim-16.1/Cryptlib/OpenSSL/crypto/rsa/rsa_chk.c
#13 60.14 gcc -std=gnu11 -ggdb -gdwarf-4 -gstrict-dwarf -ffreestanding -fmacro-prefix-map=/builddir/build/BUILD/shim-16.1/= -fno-stack-protector -fno-strict-aliasing -fpic -fshort-wchar -nostdinc -m64 -mno-mmx -mno-sse -mno-red-zone -maccumulate-outgoing-args -Os -Wall -Wextra -Wno-missing-field-initializers -Wno-empty-body -Wno-implicit-fallthrough -Wno-old-style-declaration -Wno-unused-but-set-variable -Wno-unused-parameter -Werror -Wno-error=unused-but-set-variable -Wno-error=unused-parameter -I/builddir/build/BUILD/shim-16.1/Cryptlib/OpenSSL -I/builddir/build/BUILD/shim-16.1/Cryptlib -I/builddir/build/BUILD/shim-16.1/Cryptlib/OpenSSL/Include/ -I/builddir/build/BUILD/shim-16.1/Cryptlib/OpenSSL/crypto -I/builddir/build/BUILD/shim-16.1/Cryptlib/Include -I/builddir/build/BUILD/shim-16.1/gnu-efi/inc -I/builddir/build/BUILD/shim-16.1/gnu-efi/inc/x86_64 -I/builddir/build/BUILD/shim-16.1/gnu-efi/inc/protocol -I/builddir/build/BUILD/shim-16.1/Cryptlib/OpenSSL/crypto/asn1 -I/builddir/build/BUILD/shim-16.1/Cryptlib/OpenSSL/crypto/evp -I/builddir/build/BUILD/shim-16.1/Cryptlib/OpenSSL/crypto/modes -I/builddir/build/BUILD/shim-16.1/Cryptlib/OpenSSL/crypto/include -isystem /builddir/build/BUILD/shim-16.1/include/system -isystem /usr/lib/gcc/x86_64-redhat-linux/11/include -DL_ENDIAN -D_CRT_SECURE_NO_DEPRECATE -D_CRT_NONSTDC_NO_DEPRECATE -DOPENSSL_SMALL_FOOTPRINT -DPEDANTIC -DMDE_CPU_X64   -c -o crypto/rsa/rsa_null.o /builddir/build/BUILD/shim-16.1/Cryptlib/OpenSSL/crypto/rsa/rsa_null.c
#13 60.47 gcc -std=gnu11 -ggdb -gdwarf-4 -gstrict-dwarf -ffreestanding -fmacro-prefix-map=/builddir/build/BUILD/shim-16.1/= -fno-stack-protector -fno-strict-aliasing -fpic -fshort-wchar -nostdinc -m64 -mno-mmx -mno-sse -mno-red-zone -maccumulate-outgoing-args -Os -Wall -Wextra -Wno-missing-field-initializers -Wno-empty-body -Wno-implicit-fallthrough -Wno-old-style-declaration -Wno-unused-but-set-variable -Wno-unused-parameter -Werror -Wno-error=unused-but-set-variable -Wno-error=unused-parameter -I/builddir/build/BUILD/shim-16.1/Cryptlib/OpenSSL -I/builddir/build/BUILD/shim-16.1/Cryptlib -I/builddir/build/BUILD/shim-16.1/Cryptlib/OpenSSL/Include/ -I/builddir/build/BUILD/shim-16.1/Cryptlib/OpenSSL/crypto -I/builddir/build/BUILD/shim-16.1/Cryptlib/Include -I/builddir/build/BUILD/shim-16.1/gnu-efi/inc -I/builddir/build/BUILD/shim-16.1/gnu-efi/inc/x86_64 -I/builddir/build/BUILD/shim-16.1/gnu-efi/inc/protocol -I/builddir/build/BUILD/shim-16.1/Cryptlib/OpenSSL/crypto/asn1 -I/builddir/build/BUILD/shim-16.1/Cryptlib/OpenSSL/crypto/evp -I/builddir/build/BUILD/shim-16.1/Cryptlib/OpenSSL/crypto/modes -I/builddir/build/BUILD/shim-16.1/Cryptlib/OpenSSL/crypto/include -isystem /builddir/build/BUILD/shim-16.1/include/system -isystem /usr/lib/gcc/x86_64-redhat-linux/11/include -DL_ENDIAN -D_CRT_SECURE_NO_DEPRECATE -D_CRT_NONSTDC_NO_DEPRECATE -DOPENSSL_SMALL_FOOTPRINT -DPEDANTIC -DMDE_CPU_X64   -c -o crypto/rsa/rsa_pss.o /builddir/build/BUILD/shim-16.1/Cryptlib/OpenSSL/crypto/rsa/rsa_pss.c
#13 60.97 gcc -std=gnu11 -ggdb -gdwarf-4 -gstrict-dwarf -ffreestanding -fmacro-prefix-map=/builddir/build/BUILD/shim-16.1/= -fno-stack-protector -fno-strict-aliasing -fpic -fshort-wchar -nostdinc -m64 -mno-mmx -mno-sse -mno-red-zone -maccumulate-outgoing-args -Os -Wall -Wextra -Wno-missing-field-initializers -Wno-empty-body -Wno-implicit-fallthrough -Wno-old-style-declaration -Wno-unused-but-set-variable -Wno-unused-parameter -Werror -Wno-error=unused-but-set-variable -Wno-error=unused-parameter -I/builddir/build/BUILD/shim-16.1/Cryptlib/OpenSSL -I/builddir/build/BUILD/shim-16.1/Cryptlib -I/builddir/build/BUILD/shim-16.1/Cryptlib/OpenSSL/Include/ -I/builddir/build/BUILD/shim-16.1/Cryptlib/OpenSSL/crypto -I/builddir/build/BUILD/shim-16.1/Cryptlib/Include -I/builddir/build/BUILD/shim-16.1/gnu-efi/inc -I/builddir/build/BUILD/shim-16.1/gnu-efi/inc/x86_64 -I/builddir/build/BUILD/shim-16.1/gnu-efi/inc/protocol -I/builddir/build/BUILD/shim-16.1/Cryptlib/OpenSSL/crypto/asn1 -I/builddir/build/BUILD/shim-16.1/Cryptlib/OpenSSL/crypto/evp -I/builddir/build/BUILD/shim-16.1/Cryptlib/OpenSSL/crypto/modes -I/builddir/build/BUILD/shim-16.1/Cryptlib/OpenSSL/crypto/include -isystem /builddir/build/BUILD/shim-16.1/include/system -isystem /usr/lib/gcc/x86_64-redhat-linux/11/include -DL_ENDIAN -D_CRT_SECURE_NO_DEPRECATE -D_CRT_NONSTDC_NO_DEPRECATE -DOPENSSL_SMALL_FOOTPRINT -DPEDANTIC -DMDE_CPU_X64   -c -o crypto/rsa/rsa_x931.o /builddir/build/BUILD/shim-16.1/Cryptlib/OpenSSL/crypto/rsa/rsa_x931.c
#13 61.41 gcc -std=gnu11 -ggdb -gdwarf-4 -gstrict-dwarf -ffreestanding -fmacro-prefix-map=/builddir/build/BUILD/shim-16.1/= -fno-stack-protector -fno-strict-aliasing -fpic -fshort-wchar -nostdinc -m64 -mno-mmx -mno-sse -mno-red-zone -maccumulate-outgoing-args -Os -Wall -Wextra -Wno-missing-field-initializers -Wno-empty-body -Wno-implicit-fallthrough -Wno-old-style-declaration -Wno-unused-but-set-variable -Wno-unused-parameter -Werror -Wno-error=unused-but-set-variable -Wno-error=unused-parameter -I/builddir/build/BUILD/shim-16.1/Cryptlib/OpenSSL -I/builddir/build/BUILD/shim-16.1/Cryptlib -I/builddir/build/BUILD/shim-16.1/Cryptlib/OpenSSL/Include/ -I/builddir/build/BUILD/shim-16.1/Cryptlib/OpenSSL/crypto -I/builddir/build/BUILD/shim-16.1/Cryptlib/Include -I/builddir/build/BUILD/shim-16.1/gnu-efi/inc -I/builddir/build/BUILD/shim-16.1/gnu-efi/inc/x86_64 -I/builddir/build/BUILD/shim-16.1/gnu-efi/inc/protocol -I/builddir/build/BUILD/shim-16.1/Cryptlib/OpenSSL/crypto/asn1 -I/builddir/build/BUILD/shim-16.1/Cryptlib/OpenSSL/crypto/evp -I/builddir/build/BUILD/shim-16.1/Cryptlib/OpenSSL/crypto/modes -I/builddir/build/BUILD/shim-16.1/Cryptlib/OpenSSL/crypto/include -isystem /builddir/build/BUILD/shim-16.1/include/system -isystem /usr/lib/gcc/x86_64-redhat-linux/11/include -DL_ENDIAN -D_CRT_SECURE_NO_DEPRECATE -D_CRT_NONSTDC_NO_DEPRECATE -DOPENSSL_SMALL_FOOTPRINT -DPEDANTIC -DMDE_CPU_X64   -c -o crypto/rsa/rsa_asn1.o /builddir/build/BUILD/shim-16.1/Cryptlib/OpenSSL/crypto/rsa/rsa_asn1.c
#13 61.83 gcc -std=gnu11 -ggdb -gdwarf-4 -gstrict-dwarf -ffreestanding -fmacro-prefix-map=/builddir/build/BUILD/shim-16.1/= -fno-stack-protector -fno-strict-aliasing -fpic -fshort-wchar -nostdinc -m64 -mno-mmx -mno-sse -mno-red-zone -maccumulate-outgoing-args -Os -Wall -Wextra -Wno-missing-field-initializers -Wno-empty-body -Wno-implicit-fallthrough -Wno-old-style-declaration -Wno-unused-but-set-variable -Wno-unused-parameter -Werror -Wno-error=unused-but-set-variable -Wno-error=unused-parameter -I/builddir/build/BUILD/shim-16.1/Cryptlib/OpenSSL -I/builddir/build/BUILD/shim-16.1/Cryptlib -I/builddir/build/BUILD/shim-16.1/Cryptlib/OpenSSL/Include/ -I/builddir/build/BUILD/shim-16.1/Cryptlib/OpenSSL/crypto -I/builddir/build/BUILD/shim-16.1/Cryptlib/Include -I/builddir/build/BUILD/shim-16.1/gnu-efi/inc -I/builddir/build/BUILD/shim-16.1/gnu-efi/inc/x86_64 -I/builddir/build/BUILD/shim-16.1/gnu-efi/inc/protocol -I/builddir/build/BUILD/shim-16.1/Cryptlib/OpenSSL/crypto/asn1 -I/builddir/build/BUILD/shim-16.1/Cryptlib/OpenSSL/crypto/evp -I/builddir/build/BUILD/shim-16.1/Cryptlib/OpenSSL/crypto/modes -I/builddir/build/BUILD/shim-16.1/Cryptlib/OpenSSL/crypto/include -isystem /builddir/build/BUILD/shim-16.1/include/system -isystem /usr/lib/gcc/x86_64-redhat-linux/11/include -DL_ENDIAN -D_CRT_SECURE_NO_DEPRECATE -D_CRT_NONSTDC_NO_DEPRECATE -DOPENSSL_SMALL_FOOTPRINT -DPEDANTIC -DMDE_CPU_X64   -c -o crypto/rsa/rsa_depr.o /builddir/build/BUILD/shim-16.1/Cryptlib/OpenSSL/crypto/rsa/rsa_depr.c
#13 62.00 gcc -std=gnu11 -ggdb -gdwarf-4 -gstrict-dwarf -ffreestanding -fmacro-prefix-map=/builddir/build/BUILD/shim-16.1/= -fno-stack-protector -fno-strict-aliasing -fpic -fshort-wchar -nostdinc -m64 -mno-mmx -mno-sse -mno-red-zone -maccumulate-outgoing-args -Os -Wall -Wextra -Wno-missing-field-initializers -Wno-empty-body -Wno-implicit-fallthrough -Wno-old-style-declaration -Wno-unused-but-set-variable -Wno-unused-parameter -Werror -Wno-error=unused-but-set-variable -Wno-error=unused-parameter -I/builddir/build/BUILD/shim-16.1/Cryptlib/OpenSSL -I/builddir/build/BUILD/shim-16.1/Cryptlib -I/builddir/build/BUILD/shim-16.1/Cryptlib/OpenSSL/Include/ -I/builddir/build/BUILD/shim-16.1/Cryptlib/OpenSSL/crypto -I/builddir/build/BUILD/shim-16.1/Cryptlib/Include -I/builddir/build/BUILD/shim-16.1/gnu-efi/inc -I/builddir/build/BUILD/shim-16.1/gnu-efi/inc/x86_64 -I/builddir/build/BUILD/shim-16.1/gnu-efi/inc/protocol -I/builddir/build/BUILD/shim-16.1/Cryptlib/OpenSSL/crypto/asn1 -I/builddir/build/BUILD/shim-16.1/Cryptlib/OpenSSL/crypto/evp -I/builddir/build/BUILD/shim-16.1/Cryptlib/OpenSSL/crypto/modes -I/builddir/build/BUILD/shim-16.1/Cryptlib/OpenSSL/crypto/include -isystem /builddir/build/BUILD/shim-16.1/include/system -isystem /usr/lib/gcc/x86_64-redhat-linux/11/include -DL_ENDIAN -D_CRT_SECURE_NO_DEPRECATE -D_CRT_NONSTDC_NO_DEPRECATE -DOPENSSL_SMALL_FOOTPRINT -DPEDANTIC -DMDE_CPU_X64   -c -o crypto/rsa/rsa_ameth.o /builddir/build/BUILD/shim-16.1/Cryptlib/OpenSSL/crypto/rsa/rsa_ameth.c
#13 62.56 gcc -std=gnu11 -ggdb -gdwarf-4 -gstrict-dwarf -ffreestanding -fmacro-prefix-map=/builddir/build/BUILD/shim-16.1/= -fno-stack-protector -fno-strict-aliasing -fpic -fshort-wchar -nostdinc -m64 -mno-mmx -mno-sse -mno-red-zone -maccumulate-outgoing-args -Os -Wall -Wextra -Wno-missing-field-initializers -Wno-empty-body -Wno-implicit-fallthrough -Wno-old-style-declaration -Wno-unused-but-set-variable -Wno-unused-parameter -Werror -Wno-error=unused-but-set-variable -Wno-error=unused-parameter -I/builddir/build/BUILD/shim-16.1/Cryptlib/OpenSSL -I/builddir/build/BUILD/shim-16.1/Cryptlib -I/builddir/build/BUILD/shim-16.1/Cryptlib/OpenSSL/Include/ -I/builddir/build/BUILD/shim-16.1/Cryptlib/OpenSSL/crypto -I/builddir/build/BUILD/shim-16.1/Cryptlib/Include -I/builddir/build/BUILD/shim-16.1/gnu-efi/inc -I/builddir/build/BUILD/shim-16.1/gnu-efi/inc/x86_64 -I/builddir/build/BUILD/shim-16.1/gnu-efi/inc/protocol -I/builddir/build/BUILD/shim-16.1/Cryptlib/OpenSSL/crypto/asn1 -I/builddir/build/BUILD/shim-16.1/Cryptlib/OpenSSL/crypto/evp -I/builddir/build/BUILD/shim-16.1/Cryptlib/OpenSSL/crypto/modes -I/builddir/build/BUILD/shim-16.1/Cryptlib/OpenSSL/crypto/include -isystem /builddir/build/BUILD/shim-16.1/include/system -isystem /usr/lib/gcc/x86_64-redhat-linux/11/include -DL_ENDIAN -D_CRT_SECURE_NO_DEPRECATE -D_CRT_NONSTDC_NO_DEPRECATE -DOPENSSL_SMALL_FOOTPRINT -DPEDANTIC -DMDE_CPU_X64   -c -o crypto/rsa/rsa_prn.o /builddir/build/BUILD/shim-16.1/Cryptlib/OpenSSL/crypto/rsa/rsa_prn.c
#13 62.92 gcc -std=gnu11 -ggdb -gdwarf-4 -gstrict-dwarf -ffreestanding -fmacro-prefix-map=/builddir/build/BUILD/shim-16.1/= -fno-stack-protector -fno-strict-aliasing -fpic -fshort-wchar -nostdinc -m64 -mno-mmx -mno-sse -mno-red-zone -maccumulate-outgoing-args -Os -Wall -Wextra -Wno-missing-field-initializers -Wno-empty-body -Wno-implicit-fallthrough -Wno-old-style-declaration -Wno-unused-but-set-variable -Wno-unused-parameter -Werror -Wno-error=unused-but-set-variable -Wno-error=unused-parameter -I/builddir/build/BUILD/shim-16.1/Cryptlib/OpenSSL -I/builddir/build/BUILD/shim-16.1/Cryptlib -I/builddir/build/BUILD/shim-16.1/Cryptlib/OpenSSL/Include/ -I/builddir/build/BUILD/shim-16.1/Cryptlib/OpenSSL/crypto -I/builddir/build/BUILD/shim-16.1/Cryptlib/Include -I/builddir/build/BUILD/shim-16.1/gnu-efi/inc -I/builddir/build/BUILD/shim-16.1/gnu-efi/inc/x86_64 -I/builddir/build/BUILD/shim-16.1/gnu-efi/inc/protocol -I/builddir/build/BUILD/shim-16.1/Cryptlib/OpenSSL/crypto/asn1 -I/builddir/build/BUILD/shim-16.1/Cryptlib/OpenSSL/crypto/evp -I/builddir/build/BUILD/shim-16.1/Cryptlib/OpenSSL/crypto/modes -I/builddir/build/BUILD/shim-16.1/Cryptlib/OpenSSL/crypto/include -isystem /builddir/build/BUILD/shim-16.1/include/system -isystem /usr/lib/gcc/x86_64-redhat-linux/11/include -DL_ENDIAN -D_CRT_SECURE_NO_DEPRECATE -D_CRT_NONSTDC_NO_DEPRECATE -DOPENSSL_SMALL_FOOTPRINT -DPEDANTIC -DMDE_CPU_X64   -c -o crypto/rsa/rsa_pmeth.o /builddir/build/BUILD/shim-16.1/Cryptlib/OpenSSL/crypto/rsa/rsa_pmeth.c
#13 63.51 gcc -std=gnu11 -ggdb -gdwarf-4 -gstrict-dwarf -ffreestanding -fmacro-prefix-map=/builddir/build/BUILD/shim-16.1/= -fno-stack-protector -fno-strict-aliasing -fpic -fshort-wchar -nostdinc -m64 -mno-mmx -mno-sse -mno-red-zone -maccumulate-outgoing-args -Os -Wall -Wextra -Wno-missing-field-initializers -Wno-empty-body -Wno-implicit-fallthrough -Wno-old-style-declaration -Wno-unused-but-set-variable -Wno-unused-parameter -Werror -Wno-error=unused-but-set-variable -Wno-error=unused-parameter -I/builddir/build/BUILD/shim-16.1/Cryptlib/OpenSSL -I/builddir/build/BUILD/shim-16.1/Cryptlib -I/builddir/build/BUILD/shim-16.1/Cryptlib/OpenSSL/Include/ -I/builddir/build/BUILD/shim-16.1/Cryptlib/OpenSSL/crypto -I/builddir/build/BUILD/shim-16.1/Cryptlib/Include -I/builddir/build/BUILD/shim-16.1/gnu-efi/inc -I/builddir/build/BUILD/shim-16.1/gnu-efi/inc/x86_64 -I/builddir/build/BUILD/shim-16.1/gnu-efi/inc/protocol -I/builddir/build/BUILD/shim-16.1/Cryptlib/OpenSSL/crypto/asn1 -I/builddir/build/BUILD/shim-16.1/Cryptlib/OpenSSL/crypto/evp -I/builddir/build/BUILD/shim-16.1/Cryptlib/OpenSSL/crypto/modes -I/builddir/build/BUILD/shim-16.1/Cryptlib/OpenSSL/crypto/include -isystem /builddir/build/BUILD/shim-16.1/include/system -isystem /usr/lib/gcc/x86_64-redhat-linux/11/include -DL_ENDIAN -D_CRT_SECURE_NO_DEPRECATE -D_CRT_NONSTDC_NO_DEPRECATE -DOPENSSL_SMALL_FOOTPRINT -DPEDANTIC -DMDE_CPU_X64   -c -o crypto/rsa/rsa_crpt.o /builddir/build/BUILD/shim-16.1/Cryptlib/OpenSSL/crypto/rsa/rsa_crpt.c
#13 63.96 gcc -std=gnu11 -ggdb -gdwarf-4 -gstrict-dwarf -ffreestanding -fmacro-prefix-map=/builddir/build/BUILD/shim-16.1/= -fno-stack-protector -fno-strict-aliasing -fpic -fshort-wchar -nostdinc -m64 -mno-mmx -mno-sse -mno-red-zone -maccumulate-outgoing-args -Os -Wall -Wextra -Wno-missing-field-initializers -Wno-empty-body -Wno-implicit-fallthrough -Wno-old-style-declaration -Wno-unused-but-set-variable -Wno-unused-parameter -Werror -Wno-error=unused-but-set-variable -Wno-error=unused-parameter -I/builddir/build/BUILD/shim-16.1/Cryptlib/OpenSSL -I/builddir/build/BUILD/shim-16.1/Cryptlib -I/builddir/build/BUILD/shim-16.1/Cryptlib/OpenSSL/Include/ -I/builddir/build/BUILD/shim-16.1/Cryptlib/OpenSSL/crypto -I/builddir/build/BUILD/shim-16.1/Cryptlib/Include -I/builddir/build/BUILD/shim-16.1/gnu-efi/inc -I/builddir/build/BUILD/shim-16.1/gnu-efi/inc/x86_64 -I/builddir/build/BUILD/shim-16.1/gnu-efi/inc/protocol -I/builddir/build/BUILD/shim-16.1/Cryptlib/OpenSSL/crypto/asn1 -I/builddir/build/BUILD/shim-16.1/Cryptlib/OpenSSL/crypto/evp -I/builddir/build/BUILD/shim-16.1/Cryptlib/OpenSSL/crypto/modes -I/builddir/build/BUILD/shim-16.1/Cryptlib/OpenSSL/crypto/include -isystem /builddir/build/BUILD/shim-16.1/include/system -isystem /usr/lib/gcc/x86_64-redhat-linux/11/include -DL_ENDIAN -D_CRT_SECURE_NO_DEPRECATE -D_CRT_NONSTDC_NO_DEPRECATE -DOPENSSL_SMALL_FOOTPRINT -DPEDANTIC -DMDE_CPU_X64   -c -o crypto/dso/dso_dl.o /builddir/build/BUILD/shim-16.1/Cryptlib/OpenSSL/crypto/dso/dso_dl.c
#13 64.28 gcc -std=gnu11 -ggdb -gdwarf-4 -gstrict-dwarf -ffreestanding -fmacro-prefix-map=/builddir/build/BUILD/shim-16.1/= -fno-stack-protector -fno-strict-aliasing -fpic -fshort-wchar -nostdinc -m64 -mno-mmx -mno-sse -mno-red-zone -maccumulate-outgoing-args -Os -Wall -Wextra -Wno-missing-field-initializers -Wno-empty-body -Wno-implicit-fallthrough -Wno-old-style-declaration -Wno-unused-but-set-variable -Wno-unused-parameter -Werror -Wno-error=unused-but-set-variable -Wno-error=unused-parameter -I/builddir/build/BUILD/shim-16.1/Cryptlib/OpenSSL -I/builddir/build/BUILD/shim-16.1/Cryptlib -I/builddir/build/BUILD/shim-16.1/Cryptlib/OpenSSL/Include/ -I/builddir/build/BUILD/shim-16.1/Cryptlib/OpenSSL/crypto -I/builddir/build/BUILD/shim-16.1/Cryptlib/Include -I/builddir/build/BUILD/shim-16.1/gnu-efi/inc -I/builddir/build/BUILD/shim-16.1/gnu-efi/inc/x86_64 -I/builddir/build/BUILD/shim-16.1/gnu-efi/inc/protocol -I/builddir/build/BUILD/shim-16.1/Cryptlib/OpenSSL/crypto/asn1 -I/builddir/build/BUILD/shim-16.1/Cryptlib/OpenSSL/crypto/evp -I/builddir/build/BUILD/shim-16.1/Cryptlib/OpenSSL/crypto/modes -I/builddir/build/BUILD/shim-16.1/Cryptlib/OpenSSL/crypto/include -isystem /builddir/build/BUILD/shim-16.1/include/system -isystem /usr/lib/gcc/x86_64-redhat-linux/11/include -DL_ENDIAN -D_CRT_SECURE_NO_DEPRECATE -D_CRT_NONSTDC_NO_DEPRECATE -DOPENSSL_SMALL_FOOTPRINT -DPEDANTIC -DMDE_CPU_X64   -c -o crypto/dso/dso_dlfcn.o /builddir/build/BUILD/shim-16.1/Cryptlib/OpenSSL/crypto/dso/dso_dlfcn.c
#13 64.56 gcc -std=gnu11 -ggdb -gdwarf-4 -gstrict-dwarf -ffreestanding -fmacro-prefix-map=/builddir/build/BUILD/shim-16.1/= -fno-stack-protector -fno-strict-aliasing -fpic -fshort-wchar -nostdinc -m64 -mno-mmx -mno-sse -mno-red-zone -maccumulate-outgoing-args -Os -Wall -Wextra -Wno-missing-field-initializers -Wno-empty-body -Wno-implicit-fallthrough -Wno-old-style-declaration -Wno-unused-but-set-variable -Wno-unused-parameter -Werror -Wno-error=unused-but-set-variable -Wno-error=unused-parameter -I/builddir/build/BUILD/shim-16.1/Cryptlib/OpenSSL -I/builddir/build/BUILD/shim-16.1/Cryptlib -I/builddir/build/BUILD/shim-16.1/Cryptlib/OpenSSL/Include/ -I/builddir/build/BUILD/shim-16.1/Cryptlib/OpenSSL/crypto -I/builddir/build/BUILD/shim-16.1/Cryptlib/Include -I/builddir/build/BUILD/shim-16.1/gnu-efi/inc -I/builddir/build/BUILD/shim-16.1/gnu-efi/inc/x86_64 -I/builddir/build/BUILD/shim-16.1/gnu-efi/inc/protocol -I/builddir/build/BUILD/shim-16.1/Cryptlib/OpenSSL/crypto/asn1 -I/builddir/build/BUILD/shim-16.1/Cryptlib/OpenSSL/crypto/evp -I/builddir/build/BUILD/shim-16.1/Cryptlib/OpenSSL/crypto/modes -I/builddir/build/BUILD/shim-16.1/Cryptlib/OpenSSL/crypto/include -isystem /builddir/build/BUILD/shim-16.1/include/system -isystem /usr/lib/gcc/x86_64-redhat-linux/11/include -DL_ENDIAN -D_CRT_SECURE_NO_DEPRECATE -D_CRT_NONSTDC_NO_DEPRECATE -DOPENSSL_SMALL_FOOTPRINT -DPEDANTIC -DMDE_CPU_X64   -c -o crypto/dso/dso_err.o /builddir/build/BUILD/shim-16.1/Cryptlib/OpenSSL/crypto/dso/dso_err.c
#13 64.81 gcc -std=gnu11 -ggdb -gdwarf-4 -gstrict-dwarf -ffreestanding -fmacro-prefix-map=/builddir/build/BUILD/shim-16.1/= -fno-stack-protector -fno-strict-aliasing -fpic -fshort-wchar -nostdinc -m64 -mno-mmx -mno-sse -mno-red-zone -maccumulate-outgoing-args -Os -Wall -Wextra -Wno-missing-field-initializers -Wno-empty-body -Wno-implicit-fallthrough -Wno-old-style-declaration -Wno-unused-but-set-variable -Wno-unused-parameter -Werror -Wno-error=unused-but-set-variable -Wno-error=unused-parameter -I/builddir/build/BUILD/shim-16.1/Cryptlib/OpenSSL -I/builddir/build/BUILD/shim-16.1/Cryptlib -I/builddir/build/BUILD/shim-16.1/Cryptlib/OpenSSL/Include/ -I/builddir/build/BUILD/shim-16.1/Cryptlib/OpenSSL/crypto -I/builddir/build/BUILD/shim-16.1/Cryptlib/Include -I/builddir/build/BUILD/shim-16.1/gnu-efi/inc -I/builddir/build/BUILD/shim-16.1/gnu-efi/inc/x86_64 -I/builddir/build/BUILD/shim-16.1/gnu-efi/inc/protocol -I/builddir/build/BUILD/shim-16.1/Cryptlib/OpenSSL/crypto/asn1 -I/builddir/build/BUILD/shim-16.1/Cryptlib/OpenSSL/crypto/evp -I/builddir/build/BUILD/shim-16.1/Cryptlib/OpenSSL/crypto/modes -I/builddir/build/BUILD/shim-16.1/Cryptlib/OpenSSL/crypto/include -isystem /builddir/build/BUILD/shim-16.1/include/system -isystem /usr/lib/gcc/x86_64-redhat-linux/11/include -DL_ENDIAN -D_CRT_SECURE_NO_DEPRECATE -D_CRT_NONSTDC_NO_DEPRECATE -DOPENSSL_SMALL_FOOTPRINT -DPEDANTIC -DMDE_CPU_X64   -c -o crypto/dso/dso_lib.o /builddir/build/BUILD/shim-16.1/Cryptlib/OpenSSL/crypto/dso/dso_lib.c
#13 65.28 gcc -std=gnu11 -ggdb -gdwarf-4 -gstrict-dwarf -ffreestanding -fmacro-prefix-map=/builddir/build/BUILD/shim-16.1/= -fno-stack-protector -fno-strict-aliasing -fpic -fshort-wchar -nostdinc -m64 -mno-mmx -mno-sse -mno-red-zone -maccumulate-outgoing-args -Os -Wall -Wextra -Wno-missing-field-initializers -Wno-empty-body -Wno-implicit-fallthrough -Wno-old-style-declaration -Wno-unused-but-set-variable -Wno-unused-parameter -Werror -Wno-error=unused-but-set-variable -Wno-error=unused-parameter -I/builddir/build/BUILD/shim-16.1/Cryptlib/OpenSSL -I/builddir/build/BUILD/shim-16.1/Cryptlib -I/builddir/build/BUILD/shim-16.1/Cryptlib/OpenSSL/Include/ -I/builddir/build/BUILD/shim-16.1/Cryptlib/OpenSSL/crypto -I/builddir/build/BUILD/shim-16.1/Cryptlib/Include -I/builddir/build/BUILD/shim-16.1/gnu-efi/inc -I/builddir/build/BUILD/shim-16.1/gnu-efi/inc/x86_64 -I/builddir/build/BUILD/shim-16.1/gnu-efi/inc/protocol -I/builddir/build/BUILD/shim-16.1/Cryptlib/OpenSSL/crypto/asn1 -I/builddir/build/BUILD/shim-16.1/Cryptlib/OpenSSL/crypto/evp -I/builddir/build/BUILD/shim-16.1/Cryptlib/OpenSSL/crypto/modes -I/builddir/build/BUILD/shim-16.1/Cryptlib/OpenSSL/crypto/include -isystem /builddir/build/BUILD/shim-16.1/include/system -isystem /usr/lib/gcc/x86_64-redhat-linux/11/include -DL_ENDIAN -D_CRT_SECURE_NO_DEPRECATE -D_CRT_NONSTDC_NO_DEPRECATE -DOPENSSL_SMALL_FOOTPRINT -DPEDANTIC -DMDE_CPU_X64   -c -o crypto/dso/dso_null.o /builddir/build/BUILD/shim-16.1/Cryptlib/OpenSSL/crypto/dso/dso_null.c
#13 65.57 gcc -std=gnu11 -ggdb -gdwarf-4 -gstrict-dwarf -ffreestanding -fmacro-prefix-map=/builddir/build/BUILD/shim-16.1/= -fno-stack-protector -fno-strict-aliasing -fpic -fshort-wchar -nostdinc -m64 -mno-mmx -mno-sse -mno-red-zone -maccumulate-outgoing-args -Os -Wall -Wextra -Wno-missing-field-initializers -Wno-empty-body -Wno-implicit-fallthrough -Wno-old-style-declaration -Wno-unused-but-set-variable -Wno-unused-parameter -Werror -Wno-error=unused-but-set-variable -Wno-error=unused-parameter -I/builddir/build/BUILD/shim-16.1/Cryptlib/OpenSSL -I/builddir/build/BUILD/shim-16.1/Cryptlib -I/builddir/build/BUILD/shim-16.1/Cryptlib/OpenSSL/Include/ -I/builddir/build/BUILD/shim-16.1/Cryptlib/OpenSSL/crypto -I/builddir/build/BUILD/shim-16.1/Cryptlib/Include -I/builddir/build/BUILD/shim-16.1/gnu-efi/inc -I/builddir/build/BUILD/shim-16.1/gnu-efi/inc/x86_64 -I/builddir/build/BUILD/shim-16.1/gnu-efi/inc/protocol -I/builddir/build/BUILD/shim-16.1/Cryptlib/OpenSSL/crypto/asn1 -I/builddir/build/BUILD/shim-16.1/Cryptlib/OpenSSL/crypto/evp -I/builddir/build/BUILD/shim-16.1/Cryptlib/OpenSSL/crypto/modes -I/builddir/build/BUILD/shim-16.1/Cryptlib/OpenSSL/crypto/include -isystem /builddir/build/BUILD/shim-16.1/include/system -isystem /usr/lib/gcc/x86_64-redhat-linux/11/include -DL_ENDIAN -D_CRT_SECURE_NO_DEPRECATE -D_CRT_NONSTDC_NO_DEPRECATE -DOPENSSL_SMALL_FOOTPRINT -DPEDANTIC -DMDE_CPU_X64   -c -o crypto/dso/dso_openssl.o /builddir/build/BUILD/shim-16.1/Cryptlib/OpenSSL/crypto/dso/dso_openssl.c
#13 65.85 gcc -std=gnu11 -ggdb -gdwarf-4 -gstrict-dwarf -ffreestanding -fmacro-prefix-map=/builddir/build/BUILD/shim-16.1/= -fno-stack-protector -fno-strict-aliasing -fpic -fshort-wchar -nostdinc -m64 -mno-mmx -mno-sse -mno-red-zone -maccumulate-outgoing-args -Os -Wall -Wextra -Wno-missing-field-initializers -Wno-empty-body -Wno-implicit-fallthrough -Wno-old-style-declaration -Wno-unused-but-set-variable -Wno-unused-parameter -Werror -Wno-error=unused-but-set-variable -Wno-error=unused-parameter -I/builddir/build/BUILD/shim-16.1/Cryptlib/OpenSSL -I/builddir/build/BUILD/shim-16.1/Cryptlib -I/builddir/build/BUILD/shim-16.1/Cryptlib/OpenSSL/Include/ -I/builddir/build/BUILD/shim-16.1/Cryptlib/OpenSSL/crypto -I/builddir/build/BUILD/shim-16.1/Cryptlib/Include -I/builddir/build/BUILD/shim-16.1/gnu-efi/inc -I/builddir/build/BUILD/shim-16.1/gnu-efi/inc/x86_64 -I/builddir/build/BUILD/shim-16.1/gnu-efi/inc/protocol -I/builddir/build/BUILD/shim-16.1/Cryptlib/OpenSSL/crypto/asn1 -I/builddir/build/BUILD/shim-16.1/Cryptlib/OpenSSL/crypto/evp -I/builddir/build/BUILD/shim-16.1/Cryptlib/OpenSSL/crypto/modes -I/builddir/build/BUILD/shim-16.1/Cryptlib/OpenSSL/crypto/include -isystem /builddir/build/BUILD/shim-16.1/include/system -isystem /usr/lib/gcc/x86_64-redhat-linux/11/include -DL_ENDIAN -D_CRT_SECURE_NO_DEPRECATE -D_CRT_NONSTDC_NO_DEPRECATE -DOPENSSL_SMALL_FOOTPRINT -DPEDANTIC -DMDE_CPU_X64   -c -o crypto/dso/dso_win32.o /builddir/build/BUILD/shim-16.1/Cryptlib/OpenSSL/crypto/dso/dso_win32.c
#13 66.12 gcc -std=gnu11 -ggdb -gdwarf-4 -gstrict-dwarf -ffreestanding -fmacro-prefix-map=/builddir/build/BUILD/shim-16.1/= -fno-stack-protector -fno-strict-aliasing -fpic -fshort-wchar -nostdinc -m64 -mno-mmx -mno-sse -mno-red-zone -maccumulate-outgoing-args -Os -Wall -Wextra -Wno-missing-field-initializers -Wno-empty-body -Wno-implicit-fallthrough -Wno-old-style-declaration -Wno-unused-but-set-variable -Wno-unused-parameter -Werror -Wno-error=unused-but-set-variable -Wno-error=unused-parameter -I/builddir/build/BUILD/shim-16.1/Cryptlib/OpenSSL -I/builddir/build/BUILD/shim-16.1/Cryptlib -I/builddir/build/BUILD/shim-16.1/Cryptlib/OpenSSL/Include/ -I/builddir/build/BUILD/shim-16.1/Cryptlib/OpenSSL/crypto -I/builddir/build/BUILD/shim-16.1/Cryptlib/Include -I/builddir/build/BUILD/shim-16.1/gnu-efi/inc -I/builddir/build/BUILD/shim-16.1/gnu-efi/inc/x86_64 -I/builddir/build/BUILD/shim-16.1/gnu-efi/inc/protocol -I/builddir/build/BUILD/shim-16.1/Cryptlib/OpenSSL/crypto/asn1 -I/builddir/build/BUILD/shim-16.1/Cryptlib/OpenSSL/crypto/evp -I/builddir/build/BUILD/shim-16.1/Cryptlib/OpenSSL/crypto/modes -I/builddir/build/BUILD/shim-16.1/Cryptlib/OpenSSL/crypto/include -isystem /builddir/build/BUILD/shim-16.1/include/system -isystem /usr/lib/gcc/x86_64-redhat-linux/11/include -DL_ENDIAN -D_CRT_SECURE_NO_DEPRECATE -D_CRT_NONSTDC_NO_DEPRECATE -DOPENSSL_SMALL_FOOTPRINT -DPEDANTIC -DMDE_CPU_X64   -c -o crypto/dso/dso_vms.o /builddir/build/BUILD/shim-16.1/Cryptlib/OpenSSL/crypto/dso/dso_vms.c
#13 66.40 gcc -std=gnu11 -ggdb -gdwarf-4 -gstrict-dwarf -ffreestanding -fmacro-prefix-map=/builddir/build/BUILD/shim-16.1/= -fno-stack-protector -fno-strict-aliasing -fpic -fshort-wchar -nostdinc -m64 -mno-mmx -mno-sse -mno-red-zone -maccumulate-outgoing-args -Os -Wall -Wextra -Wno-missing-field-initializers -Wno-empty-body -Wno-implicit-fallthrough -Wno-old-style-declaration -Wno-unused-but-set-variable -Wno-unused-parameter -Werror -Wno-error=unused-but-set-variable -Wno-error=unused-parameter -I/builddir/build/BUILD/shim-16.1/Cryptlib/OpenSSL -I/builddir/build/BUILD/shim-16.1/Cryptlib -I/builddir/build/BUILD/shim-16.1/Cryptlib/OpenSSL/Include/ -I/builddir/build/BUILD/shim-16.1/Cryptlib/OpenSSL/crypto -I/builddir/build/BUILD/shim-16.1/Cryptlib/Include -I/builddir/build/BUILD/shim-16.1/gnu-efi/inc -I/builddir/build/BUILD/shim-16.1/gnu-efi/inc/x86_64 -I/builddir/build/BUILD/shim-16.1/gnu-efi/inc/protocol -I/builddir/build/BUILD/shim-16.1/Cryptlib/OpenSSL/crypto/asn1 -I/builddir/build/BUILD/shim-16.1/Cryptlib/OpenSSL/crypto/evp -I/builddir/build/BUILD/shim-16.1/Cryptlib/OpenSSL/crypto/modes -I/builddir/build/BUILD/shim-16.1/Cryptlib/OpenSSL/crypto/include -isystem /builddir/build/BUILD/shim-16.1/include/system -isystem /usr/lib/gcc/x86_64-redhat-linux/11/include -DL_ENDIAN -D_CRT_SECURE_NO_DEPRECATE -D_CRT_NONSTDC_NO_DEPRECATE -DOPENSSL_SMALL_FOOTPRINT -DPEDANTIC -DMDE_CPU_X64   -c -o crypto/dso/dso_beos.o /builddir/build/BUILD/shim-16.1/Cryptlib/OpenSSL/crypto/dso/dso_beos.c
#13 66.67 gcc -std=gnu11 -ggdb -gdwarf-4 -gstrict-dwarf -ffreestanding -fmacro-prefix-map=/builddir/build/BUILD/shim-16.1/= -fno-stack-protector -fno-strict-aliasing -fpic -fshort-wchar -nostdinc -m64 -mno-mmx -mno-sse -mno-red-zone -maccumulate-outgoing-args -Os -Wall -Wextra -Wno-missing-field-initializers -Wno-empty-body -Wno-implicit-fallthrough -Wno-old-style-declaration -Wno-unused-but-set-variable -Wno-unused-parameter -Werror -Wno-error=unused-but-set-variable -Wno-error=unused-parameter -I/builddir/build/BUILD/shim-16.1/Cryptlib/OpenSSL -I/builddir/build/BUILD/shim-16.1/Cryptlib -I/builddir/build/BUILD/shim-16.1/Cryptlib/OpenSSL/Include/ -I/builddir/build/BUILD/shim-16.1/Cryptlib/OpenSSL/crypto -I/builddir/build/BUILD/shim-16.1/Cryptlib/Include -I/builddir/build/BUILD/shim-16.1/gnu-efi/inc -I/builddir/build/BUILD/shim-16.1/gnu-efi/inc/x86_64 -I/builddir/build/BUILD/shim-16.1/gnu-efi/inc/protocol -I/builddir/build/BUILD/shim-16.1/Cryptlib/OpenSSL/crypto/asn1 -I/builddir/build/BUILD/shim-16.1/Cryptlib/OpenSSL/crypto/evp -I/builddir/build/BUILD/shim-16.1/Cryptlib/OpenSSL/crypto/modes -I/builddir/build/BUILD/shim-16.1/Cryptlib/OpenSSL/crypto/include -isystem /builddir/build/BUILD/shim-16.1/include/system -isystem /usr/lib/gcc/x86_64-redhat-linux/11/include -DL_ENDIAN -D_CRT_SECURE_NO_DEPRECATE -D_CRT_NONSTDC_NO_DEPRECATE -DOPENSSL_SMALL_FOOTPRINT -DPEDANTIC -DMDE_CPU_X64   -c -o crypto/dh/dh_asn1.o /builddir/build/BUILD/shim-16.1/Cryptlib/OpenSSL/crypto/dh/dh_asn1.c
#13 67.10 gcc -std=gnu11 -ggdb -gdwarf-4 -gstrict-dwarf -ffreestanding -fmacro-prefix-map=/builddir/build/BUILD/shim-16.1/= -fno-stack-protector -fno-strict-aliasing -fpic -fshort-wchar -nostdinc -m64 -mno-mmx -mno-sse -mno-red-zone -maccumulate-outgoing-args -Os -Wall -Wextra -Wno-missing-field-initializers -Wno-empty-body -Wno-implicit-fallthrough -Wno-old-style-declaration -Wno-unused-but-set-variable -Wno-unused-parameter -Werror -Wno-error=unused-but-set-variable -Wno-error=unused-parameter -I/builddir/build/BUILD/shim-16.1/Cryptlib/OpenSSL -I/builddir/build/BUILD/shim-16.1/Cryptlib -I/builddir/build/BUILD/shim-16.1/Cryptlib/OpenSSL/Include/ -I/builddir/build/BUILD/shim-16.1/Cryptlib/OpenSSL/crypto -I/builddir/build/BUILD/shim-16.1/Cryptlib/Include -I/builddir/build/BUILD/shim-16.1/gnu-efi/inc -I/builddir/build/BUILD/shim-16.1/gnu-efi/inc/x86_64 -I/builddir/build/BUILD/shim-16.1/gnu-efi/inc/protocol -I/builddir/build/BUILD/shim-16.1/Cryptlib/OpenSSL/crypto/asn1 -I/builddir/build/BUILD/shim-16.1/Cryptlib/OpenSSL/crypto/evp -I/builddir/build/BUILD/shim-16.1/Cryptlib/OpenSSL/crypto/modes -I/builddir/build/BUILD/shim-16.1/Cryptlib/OpenSSL/crypto/include -isystem /builddir/build/BUILD/shim-16.1/include/system -isystem /usr/lib/gcc/x86_64-redhat-linux/11/include -DL_ENDIAN -D_CRT_SECURE_NO_DEPRECATE -D_CRT_NONSTDC_NO_DEPRECATE -DOPENSSL_SMALL_FOOTPRINT -DPEDANTIC -DMDE_CPU_X64   -c -o crypto/dh/dh_gen.o /builddir/build/BUILD/shim-16.1/Cryptlib/OpenSSL/crypto/dh/dh_gen.c
#13 67.50 gcc -std=gnu11 -ggdb -gdwarf-4 -gstrict-dwarf -ffreestanding -fmacro-prefix-map=/builddir/build/BUILD/shim-16.1/= -fno-stack-protector -fno-strict-aliasing -fpic -fshort-wchar -nostdinc -m64 -mno-mmx -mno-sse -mno-red-zone -maccumulate-outgoing-args -Os -Wall -Wextra -Wno-missing-field-initializers -Wno-empty-body -Wno-implicit-fallthrough -Wno-old-style-declaration -Wno-unused-but-set-variable -Wno-unused-parameter -Werror -Wno-error=unused-but-set-variable -Wno-error=unused-parameter -I/builddir/build/BUILD/shim-16.1/Cryptlib/OpenSSL -I/builddir/build/BUILD/shim-16.1/Cryptlib -I/builddir/build/BUILD/shim-16.1/Cryptlib/OpenSSL/Include/ -I/builddir/build/BUILD/shim-16.1/Cryptlib/OpenSSL/crypto -I/builddir/build/BUILD/shim-16.1/Cryptlib/Include -I/builddir/build/BUILD/shim-16.1/gnu-efi/inc -I/builddir/build/BUILD/shim-16.1/gnu-efi/inc/x86_64 -I/builddir/build/BUILD/shim-16.1/gnu-efi/inc/protocol -I/builddir/build/BUILD/shim-16.1/Cryptlib/OpenSSL/crypto/asn1 -I/builddir/build/BUILD/shim-16.1/Cryptlib/OpenSSL/crypto/evp -I/builddir/build/BUILD/shim-16.1/Cryptlib/OpenSSL/crypto/modes -I/builddir/build/BUILD/shim-16.1/Cryptlib/OpenSSL/crypto/include -isystem /builddir/build/BUILD/shim-16.1/include/system -isystem /usr/lib/gcc/x86_64-redhat-linux/11/include -DL_ENDIAN -D_CRT_SECURE_NO_DEPRECATE -D_CRT_NONSTDC_NO_DEPRECATE -DOPENSSL_SMALL_FOOTPRINT -DPEDANTIC -DMDE_CPU_X64   -c -o crypto/dh/dh_key.o /builddir/build/BUILD/shim-16.1/Cryptlib/OpenSSL/crypto/dh/dh_key.c
#13 67.98 gcc -std=gnu11 -ggdb -gdwarf-4 -gstrict-dwarf -ffreestanding -fmacro-prefix-map=/builddir/build/BUILD/shim-16.1/= -fno-stack-protector -fno-strict-aliasing -fpic -fshort-wchar -nostdinc -m64 -mno-mmx -mno-sse -mno-red-zone -maccumulate-outgoing-args -Os -Wall -Wextra -Wno-missing-field-initializers -Wno-empty-body -Wno-implicit-fallthrough -Wno-old-style-declaration -Wno-unused-but-set-variable -Wno-unused-parameter -Werror -Wno-error=unused-but-set-variable -Wno-error=unused-parameter -I/builddir/build/BUILD/shim-16.1/Cryptlib/OpenSSL -I/builddir/build/BUILD/shim-16.1/Cryptlib -I/builddir/build/BUILD/shim-16.1/Cryptlib/OpenSSL/Include/ -I/builddir/build/BUILD/shim-16.1/Cryptlib/OpenSSL/crypto -I/builddir/build/BUILD/shim-16.1/Cryptlib/Include -I/builddir/build/BUILD/shim-16.1/gnu-efi/inc -I/builddir/build/BUILD/shim-16.1/gnu-efi/inc/x86_64 -I/builddir/build/BUILD/shim-16.1/gnu-efi/inc/protocol -I/builddir/build/BUILD/shim-16.1/Cryptlib/OpenSSL/crypto/asn1 -I/builddir/build/BUILD/shim-16.1/Cryptlib/OpenSSL/crypto/evp -I/builddir/build/BUILD/shim-16.1/Cryptlib/OpenSSL/crypto/modes -I/builddir/build/BUILD/shim-16.1/Cryptlib/OpenSSL/crypto/include -isystem /builddir/build/BUILD/shim-16.1/include/system -isystem /usr/lib/gcc/x86_64-redhat-linux/11/include -DL_ENDIAN -D_CRT_SECURE_NO_DEPRECATE -D_CRT_NONSTDC_NO_DEPRECATE -DOPENSSL_SMALL_FOOTPRINT -DPEDANTIC -DMDE_CPU_X64   -c -o crypto/dh/dh_lib.o /builddir/build/BUILD/shim-16.1/Cryptlib/OpenSSL/crypto/dh/dh_lib.c
#13 68.41 gcc -std=gnu11 -ggdb -gdwarf-4 -gstrict-dwarf -ffreestanding -fmacro-prefix-map=/builddir/build/BUILD/shim-16.1/= -fno-stack-protector -fno-strict-aliasing -fpic -fshort-wchar -nostdinc -m64 -mno-mmx -mno-sse -mno-red-zone -maccumulate-outgoing-args -Os -Wall -Wextra -Wno-missing-field-initializers -Wno-empty-body -Wno-implicit-fallthrough -Wno-old-style-declaration -Wno-unused-but-set-variable -Wno-unused-parameter -Werror -Wno-error=unused-but-set-variable -Wno-error=unused-parameter -I/builddir/build/BUILD/shim-16.1/Cryptlib/OpenSSL -I/builddir/build/BUILD/shim-16.1/Cryptlib -I/builddir/build/BUILD/shim-16.1/Cryptlib/OpenSSL/Include/ -I/builddir/build/BUILD/shim-16.1/Cryptlib/OpenSSL/crypto -I/builddir/build/BUILD/shim-16.1/Cryptlib/Include -I/builddir/build/BUILD/shim-16.1/gnu-efi/inc -I/builddir/build/BUILD/shim-16.1/gnu-efi/inc/x86_64 -I/builddir/build/BUILD/shim-16.1/gnu-efi/inc/protocol -I/builddir/build/BUILD/shim-16.1/Cryptlib/OpenSSL/crypto/asn1 -I/builddir/build/BUILD/shim-16.1/Cryptlib/OpenSSL/crypto/evp -I/builddir/build/BUILD/shim-16.1/Cryptlib/OpenSSL/crypto/modes -I/builddir/build/BUILD/shim-16.1/Cryptlib/OpenSSL/crypto/include -isystem /builddir/build/BUILD/shim-16.1/include/system -isystem /usr/lib/gcc/x86_64-redhat-linux/11/include -DL_ENDIAN -D_CRT_SECURE_NO_DEPRECATE -D_CRT_NONSTDC_NO_DEPRECATE -DOPENSSL_SMALL_FOOTPRINT -DPEDANTIC -DMDE_CPU_X64   -c -o crypto/dh/dh_check.o /builddir/build/BUILD/shim-16.1/Cryptlib/OpenSSL/crypto/dh/dh_check.c
#13 68.81 gcc -std=gnu11 -ggdb -gdwarf-4 -gstrict-dwarf -ffreestanding -fmacro-prefix-map=/builddir/build/BUILD/shim-16.1/= -fno-stack-protector -fno-strict-aliasing -fpic -fshort-wchar -nostdinc -m64 -mno-mmx -mno-sse -mno-red-zone -maccumulate-outgoing-args -Os -Wall -Wextra -Wno-missing-field-initializers -Wno-empty-body -Wno-implicit-fallthrough -Wno-old-style-declaration -Wno-unused-but-set-variable -Wno-unused-parameter -Werror -Wno-error=unused-but-set-variable -Wno-error=unused-parameter -I/builddir/build/BUILD/shim-16.1/Cryptlib/OpenSSL -I/builddir/build/BUILD/shim-16.1/Cryptlib -I/builddir/build/BUILD/shim-16.1/Cryptlib/OpenSSL/Include/ -I/builddir/build/BUILD/shim-16.1/Cryptlib/OpenSSL/crypto -I/builddir/build/BUILD/shim-16.1/Cryptlib/Include -I/builddir/build/BUILD/shim-16.1/gnu-efi/inc -I/builddir/build/BUILD/shim-16.1/gnu-efi/inc/x86_64 -I/builddir/build/BUILD/shim-16.1/gnu-efi/inc/protocol -I/builddir/build/BUILD/shim-16.1/Cryptlib/OpenSSL/crypto/asn1 -I/builddir/build/BUILD/shim-16.1/Cryptlib/OpenSSL/crypto/evp -I/builddir/build/BUILD/shim-16.1/Cryptlib/OpenSSL/crypto/modes -I/builddir/build/BUILD/shim-16.1/Cryptlib/OpenSSL/crypto/include -isystem /builddir/build/BUILD/shim-16.1/include/system -isystem /usr/lib/gcc/x86_64-redhat-linux/11/include -DL_ENDIAN -D_CRT_SECURE_NO_DEPRECATE -D_CRT_NONSTDC_NO_DEPRECATE -DOPENSSL_SMALL_FOOTPRINT -DPEDANTIC -DMDE_CPU_X64   -c -o crypto/dh/dh_err.o /builddir/build/BUILD/shim-16.1/Cryptlib/OpenSSL/crypto/dh/dh_err.c
#13 69.06 gcc -std=gnu11 -ggdb -gdwarf-4 -gstrict-dwarf -ffreestanding -fmacro-prefix-map=/builddir/build/BUILD/shim-16.1/= -fno-stack-protector -fno-strict-aliasing -fpic -fshort-wchar -nostdinc -m64 -mno-mmx -mno-sse -mno-red-zone -maccumulate-outgoing-args -Os -Wall -Wextra -Wno-missing-field-initializers -Wno-empty-body -Wno-implicit-fallthrough -Wno-old-style-declaration -Wno-unused-but-set-variable -Wno-unused-parameter -Werror -Wno-error=unused-but-set-variable -Wno-error=unused-parameter -I/builddir/build/BUILD/shim-16.1/Cryptlib/OpenSSL -I/builddir/build/BUILD/shim-16.1/Cryptlib -I/builddir/build/BUILD/shim-16.1/Cryptlib/OpenSSL/Include/ -I/builddir/build/BUILD/shim-16.1/Cryptlib/OpenSSL/crypto -I/builddir/build/BUILD/shim-16.1/Cryptlib/Include -I/builddir/build/BUILD/shim-16.1/gnu-efi/inc -I/builddir/build/BUILD/shim-16.1/gnu-efi/inc/x86_64 -I/builddir/build/BUILD/shim-16.1/gnu-efi/inc/protocol -I/builddir/build/BUILD/shim-16.1/Cryptlib/OpenSSL/crypto/asn1 -I/builddir/build/BUILD/shim-16.1/Cryptlib/OpenSSL/crypto/evp -I/builddir/build/BUILD/shim-16.1/Cryptlib/OpenSSL/crypto/modes -I/builddir/build/BUILD/shim-16.1/Cryptlib/OpenSSL/crypto/include -isystem /builddir/build/BUILD/shim-16.1/include/system -isystem /usr/lib/gcc/x86_64-redhat-linux/11/include -DL_ENDIAN -D_CRT_SECURE_NO_DEPRECATE -D_CRT_NONSTDC_NO_DEPRECATE -DOPENSSL_SMALL_FOOTPRINT -DPEDANTIC -DMDE_CPU_X64   -c -o crypto/dh/dh_depr.o /builddir/build/BUILD/shim-16.1/Cryptlib/OpenSSL/crypto/dh/dh_depr.c
#13 69.23 gcc -std=gnu11 -ggdb -gdwarf-4 -gstrict-dwarf -ffreestanding -fmacro-prefix-map=/builddir/build/BUILD/shim-16.1/= -fno-stack-protector -fno-strict-aliasing -fpic -fshort-wchar -nostdinc -m64 -mno-mmx -mno-sse -mno-red-zone -maccumulate-outgoing-args -Os -Wall -Wextra -Wno-missing-field-initializers -Wno-empty-body -Wno-implicit-fallthrough -Wno-old-style-declaration -Wno-unused-but-set-variable -Wno-unused-parameter -Werror -Wno-error=unused-but-set-variable -Wno-error=unused-parameter -I/builddir/build/BUILD/shim-16.1/Cryptlib/OpenSSL -I/builddir/build/BUILD/shim-16.1/Cryptlib -I/builddir/build/BUILD/shim-16.1/Cryptlib/OpenSSL/Include/ -I/builddir/build/BUILD/shim-16.1/Cryptlib/OpenSSL/crypto -I/builddir/build/BUILD/shim-16.1/Cryptlib/Include -I/builddir/build/BUILD/shim-16.1/gnu-efi/inc -I/builddir/build/BUILD/shim-16.1/gnu-efi/inc/x86_64 -I/builddir/build/BUILD/shim-16.1/gnu-efi/inc/protocol -I/builddir/build/BUILD/shim-16.1/Cryptlib/OpenSSL/crypto/asn1 -I/builddir/build/BUILD/shim-16.1/Cryptlib/OpenSSL/crypto/evp -I/builddir/build/BUILD/shim-16.1/Cryptlib/OpenSSL/crypto/modes -I/builddir/build/BUILD/shim-16.1/Cryptlib/OpenSSL/crypto/include -isystem /builddir/build/BUILD/shim-16.1/include/system -isystem /usr/lib/gcc/x86_64-redhat-linux/11/include -DL_ENDIAN -D_CRT_SECURE_NO_DEPRECATE -D_CRT_NONSTDC_NO_DEPRECATE -DOPENSSL_SMALL_FOOTPRINT -DPEDANTIC -DMDE_CPU_X64   -c -o crypto/dh/dh_ameth.o /builddir/build/BUILD/shim-16.1/Cryptlib/OpenSSL/crypto/dh/dh_ameth.c
#13 69.80 gcc -std=gnu11 -ggdb -gdwarf-4 -gstrict-dwarf -ffreestanding -fmacro-prefix-map=/builddir/build/BUILD/shim-16.1/= -fno-stack-protector -fno-strict-aliasing -fpic -fshort-wchar -nostdinc -m64 -mno-mmx -mno-sse -mno-red-zone -maccumulate-outgoing-args -Os -Wall -Wextra -Wno-missing-field-initializers -Wno-empty-body -Wno-implicit-fallthrough -Wno-old-style-declaration -Wno-unused-but-set-variable -Wno-unused-parameter -Werror -Wno-error=unused-but-set-variable -Wno-error=unused-parameter -I/builddir/build/BUILD/shim-16.1/Cryptlib/OpenSSL -I/builddir/build/BUILD/shim-16.1/Cryptlib -I/builddir/build/BUILD/shim-16.1/Cryptlib/OpenSSL/Include/ -I/builddir/build/BUILD/shim-16.1/Cryptlib/OpenSSL/crypto -I/builddir/build/BUILD/shim-16.1/Cryptlib/Include -I/builddir/build/BUILD/shim-16.1/gnu-efi/inc -I/builddir/build/BUILD/shim-16.1/gnu-efi/inc/x86_64 -I/builddir/build/BUILD/shim-16.1/gnu-efi/inc/protocol -I/builddir/build/BUILD/shim-16.1/Cryptlib/OpenSSL/crypto/asn1 -I/builddir/build/BUILD/shim-16.1/Cryptlib/OpenSSL/crypto/evp -I/builddir/build/BUILD/shim-16.1/Cryptlib/OpenSSL/crypto/modes -I/builddir/build/BUILD/shim-16.1/Cryptlib/OpenSSL/crypto/include -isystem /builddir/build/BUILD/shim-16.1/include/system -isystem /usr/lib/gcc/x86_64-redhat-linux/11/include -DL_ENDIAN -D_CRT_SECURE_NO_DEPRECATE -D_CRT_NONSTDC_NO_DEPRECATE -DOPENSSL_SMALL_FOOTPRINT -DPEDANTIC -DMDE_CPU_X64   -c -o crypto/dh/dh_pmeth.o /builddir/build/BUILD/shim-16.1/Cryptlib/OpenSSL/crypto/dh/dh_pmeth.c
#13 70.29 gcc -std=gnu11 -ggdb -gdwarf-4 -gstrict-dwarf -ffreestanding -fmacro-prefix-map=/builddir/build/BUILD/shim-16.1/= -fno-stack-protector -fno-strict-aliasing -fpic -fshort-wchar -nostdinc -m64 -mno-mmx -mno-sse -mno-red-zone -maccumulate-outgoing-args -Os -Wall -Wextra -Wno-missing-field-initializers -Wno-empty-body -Wno-implicit-fallthrough -Wno-old-style-declaration -Wno-unused-but-set-variable -Wno-unused-parameter -Werror -Wno-error=unused-but-set-variable -Wno-error=unused-parameter -I/builddir/build/BUILD/shim-16.1/Cryptlib/OpenSSL -I/builddir/build/BUILD/shim-16.1/Cryptlib -I/builddir/build/BUILD/shim-16.1/Cryptlib/OpenSSL/Include/ -I/builddir/build/BUILD/shim-16.1/Cryptlib/OpenSSL/crypto -I/builddir/build/BUILD/shim-16.1/Cryptlib/Include -I/builddir/build/BUILD/shim-16.1/gnu-efi/inc -I/builddir/build/BUILD/shim-16.1/gnu-efi/inc/x86_64 -I/builddir/build/BUILD/shim-16.1/gnu-efi/inc/protocol -I/builddir/build/BUILD/shim-16.1/Cryptlib/OpenSSL/crypto/asn1 -I/builddir/build/BUILD/shim-16.1/Cryptlib/OpenSSL/crypto/evp -I/builddir/build/BUILD/shim-16.1/Cryptlib/OpenSSL/crypto/modes -I/builddir/build/BUILD/shim-16.1/Cryptlib/OpenSSL/crypto/include -isystem /builddir/build/BUILD/shim-16.1/include/system -isystem /usr/lib/gcc/x86_64-redhat-linux/11/include -DL_ENDIAN -D_CRT_SECURE_NO_DEPRECATE -D_CRT_NONSTDC_NO_DEPRECATE -DOPENSSL_SMALL_FOOTPRINT -DPEDANTIC -DMDE_CPU_X64   -c -o crypto/dh/dh_prn.o /builddir/build/BUILD/shim-16.1/Cryptlib/OpenSSL/crypto/dh/dh_prn.c
#13 70.48 gcc -std=gnu11 -ggdb -gdwarf-4 -gstrict-dwarf -ffreestanding -fmacro-prefix-map=/builddir/build/BUILD/shim-16.1/= -fno-stack-protector -fno-strict-aliasing -fpic -fshort-wchar -nostdinc -m64 -mno-mmx -mno-sse -mno-red-zone -maccumulate-outgoing-args -Os -Wall -Wextra -Wno-missing-field-initializers -Wno-empty-body -Wno-implicit-fallthrough -Wno-old-style-declaration -Wno-unused-but-set-variable -Wno-unused-parameter -Werror -Wno-error=unused-but-set-variable -Wno-error=unused-parameter -I/builddir/build/BUILD/shim-16.1/Cryptlib/OpenSSL -I/builddir/build/BUILD/shim-16.1/Cryptlib -I/builddir/build/BUILD/shim-16.1/Cryptlib/OpenSSL/Include/ -I/builddir/build/BUILD/shim-16.1/Cryptlib/OpenSSL/crypto -I/builddir/build/BUILD/shim-16.1/Cryptlib/Include -I/builddir/build/BUILD/shim-16.1/gnu-efi/inc -I/builddir/build/BUILD/shim-16.1/gnu-efi/inc/x86_64 -I/builddir/build/BUILD/shim-16.1/gnu-efi/inc/protocol -I/builddir/build/BUILD/shim-16.1/Cryptlib/OpenSSL/crypto/asn1 -I/builddir/build/BUILD/shim-16.1/Cryptlib/OpenSSL/crypto/evp -I/builddir/build/BUILD/shim-16.1/Cryptlib/OpenSSL/crypto/modes -I/builddir/build/BUILD/shim-16.1/Cryptlib/OpenSSL/crypto/include -isystem /builddir/build/BUILD/shim-16.1/include/system -isystem /usr/lib/gcc/x86_64-redhat-linux/11/include -DL_ENDIAN -D_CRT_SECURE_NO_DEPRECATE -D_CRT_NONSTDC_NO_DEPRECATE -DOPENSSL_SMALL_FOOTPRINT -DPEDANTIC -DMDE_CPU_X64   -c -o crypto/dh/dh_rfc5114.o /builddir/build/BUILD/shim-16.1/Cryptlib/OpenSSL/crypto/dh/dh_rfc5114.c
#13 70.85 gcc -std=gnu11 -ggdb -gdwarf-4 -gstrict-dwarf -ffreestanding -fmacro-prefix-map=/builddir/build/BUILD/shim-16.1/= -fno-stack-protector -fno-strict-aliasing -fpic -fshort-wchar -nostdinc -m64 -mno-mmx -mno-sse -mno-red-zone -maccumulate-outgoing-args -Os -Wall -Wextra -Wno-missing-field-initializers -Wno-empty-body -Wno-implicit-fallthrough -Wno-old-style-declaration -Wno-unused-but-set-variable -Wno-unused-parameter -Werror -Wno-error=unused-but-set-variable -Wno-error=unused-parameter -I/builddir/build/BUILD/shim-16.1/Cryptlib/OpenSSL -I/builddir/build/BUILD/shim-16.1/Cryptlib -I/builddir/build/BUILD/shim-16.1/Cryptlib/OpenSSL/Include/ -I/builddir/build/BUILD/shim-16.1/Cryptlib/OpenSSL/crypto -I/builddir/build/BUILD/shim-16.1/Cryptlib/Include -I/builddir/build/BUILD/shim-16.1/gnu-efi/inc -I/builddir/build/BUILD/shim-16.1/gnu-efi/inc/x86_64 -I/builddir/build/BUILD/shim-16.1/gnu-efi/inc/protocol -I/builddir/build/BUILD/shim-16.1/Cryptlib/OpenSSL/crypto/asn1 -I/builddir/build/BUILD/shim-16.1/Cryptlib/OpenSSL/crypto/evp -I/builddir/build/BUILD/shim-16.1/Cryptlib/OpenSSL/crypto/modes -I/builddir/build/BUILD/shim-16.1/Cryptlib/OpenSSL/crypto/include -isystem /builddir/build/BUILD/shim-16.1/include/system -isystem /usr/lib/gcc/x86_64-redhat-linux/11/include -DL_ENDIAN -D_CRT_SECURE_NO_DEPRECATE -D_CRT_NONSTDC_NO_DEPRECATE -DOPENSSL_SMALL_FOOTPRINT -DPEDANTIC -DMDE_CPU_X64   -c -o crypto/buffer/buffer.o /builddir/build/BUILD/shim-16.1/Cryptlib/OpenSSL/crypto/buffer/buffer.c
#13 71.28 gcc -std=gnu11 -ggdb -gdwarf-4 -gstrict-dwarf -ffreestanding -fmacro-prefix-map=/builddir/build/BUILD/shim-16.1/= -fno-stack-protector -fno-strict-aliasing -fpic -fshort-wchar -nostdinc -m64 -mno-mmx -mno-sse -mno-red-zone -maccumulate-outgoing-args -Os -Wall -Wextra -Wno-missing-field-initializers -Wno-empty-body -Wno-implicit-fallthrough -Wno-old-style-declaration -Wno-unused-but-set-variable -Wno-unused-parameter -Werror -Wno-error=unused-but-set-variable -Wno-error=unused-parameter -I/builddir/build/BUILD/shim-16.1/Cryptlib/OpenSSL -I/builddir/build/BUILD/shim-16.1/Cryptlib -I/builddir/build/BUILD/shim-16.1/Cryptlib/OpenSSL/Include/ -I/builddir/build/BUILD/shim-16.1/Cryptlib/OpenSSL/crypto -I/builddir/build/BUILD/shim-16.1/Cryptlib/Include -I/builddir/build/BUILD/shim-16.1/gnu-efi/inc -I/builddir/build/BUILD/shim-16.1/gnu-efi/inc/x86_64 -I/builddir/build/BUILD/shim-16.1/gnu-efi/inc/protocol -I/builddir/build/BUILD/shim-16.1/Cryptlib/OpenSSL/crypto/asn1 -I/builddir/build/BUILD/shim-16.1/Cryptlib/OpenSSL/crypto/evp -I/builddir/build/BUILD/shim-16.1/Cryptlib/OpenSSL/crypto/modes -I/builddir/build/BUILD/shim-16.1/Cryptlib/OpenSSL/crypto/include -isystem /builddir/build/BUILD/shim-16.1/include/system -isystem /usr/lib/gcc/x86_64-redhat-linux/11/include -DL_ENDIAN -D_CRT_SECURE_NO_DEPRECATE -D_CRT_NONSTDC_NO_DEPRECATE -DOPENSSL_SMALL_FOOTPRINT -DPEDANTIC -DMDE_CPU_X64   -c -o crypto/buffer/buf_str.o /builddir/build/BUILD/shim-16.1/Cryptlib/OpenSSL/crypto/buffer/buf_str.c
#13 71.72 gcc -std=gnu11 -ggdb -gdwarf-4 -gstrict-dwarf -ffreestanding -fmacro-prefix-map=/builddir/build/BUILD/shim-16.1/= -fno-stack-protector -fno-strict-aliasing -fpic -fshort-wchar -nostdinc -m64 -mno-mmx -mno-sse -mno-red-zone -maccumulate-outgoing-args -Os -Wall -Wextra -Wno-missing-field-initializers -Wno-empty-body -Wno-implicit-fallthrough -Wno-old-style-declaration -Wno-unused-but-set-variable -Wno-unused-parameter -Werror -Wno-error=unused-but-set-variable -Wno-error=unused-parameter -I/builddir/build/BUILD/shim-16.1/Cryptlib/OpenSSL -I/builddir/build/BUILD/shim-16.1/Cryptlib -I/builddir/build/BUILD/shim-16.1/Cryptlib/OpenSSL/Include/ -I/builddir/build/BUILD/shim-16.1/Cryptlib/OpenSSL/crypto -I/builddir/build/BUILD/shim-16.1/Cryptlib/Include -I/builddir/build/BUILD/shim-16.1/gnu-efi/inc -I/builddir/build/BUILD/shim-16.1/gnu-efi/inc/x86_64 -I/builddir/build/BUILD/shim-16.1/gnu-efi/inc/protocol -I/builddir/build/BUILD/shim-16.1/Cryptlib/OpenSSL/crypto/asn1 -I/builddir/build/BUILD/shim-16.1/Cryptlib/OpenSSL/crypto/evp -I/builddir/build/BUILD/shim-16.1/Cryptlib/OpenSSL/crypto/modes -I/builddir/build/BUILD/shim-16.1/Cryptlib/OpenSSL/crypto/include -isystem /builddir/build/BUILD/shim-16.1/include/system -isystem /usr/lib/gcc/x86_64-redhat-linux/11/include -DL_ENDIAN -D_CRT_SECURE_NO_DEPRECATE -D_CRT_NONSTDC_NO_DEPRECATE -DOPENSSL_SMALL_FOOTPRINT -DPEDANTIC -DMDE_CPU_X64   -c -o crypto/buffer/buf_err.o /builddir/build/BUILD/shim-16.1/Cryptlib/OpenSSL/crypto/buffer/buf_err.c
#13 71.97 gcc -std=gnu11 -ggdb -gdwarf-4 -gstrict-dwarf -ffreestanding -fmacro-prefix-map=/builddir/build/BUILD/shim-16.1/= -fno-stack-protector -fno-strict-aliasing -fpic -fshort-wchar -nostdinc -m64 -mno-mmx -mno-sse -mno-red-zone -maccumulate-outgoing-args -Os -Wall -Wextra -Wno-missing-field-initializers -Wno-empty-body -Wno-implicit-fallthrough -Wno-old-style-declaration -Wno-unused-but-set-variable -Wno-unused-parameter -Werror -Wno-error=unused-but-set-variable -Wno-error=unused-parameter -I/builddir/build/BUILD/shim-16.1/Cryptlib/OpenSSL -I/builddir/build/BUILD/shim-16.1/Cryptlib -I/builddir/build/BUILD/shim-16.1/Cryptlib/OpenSSL/Include/ -I/builddir/build/BUILD/shim-16.1/Cryptlib/OpenSSL/crypto -I/builddir/build/BUILD/shim-16.1/Cryptlib/Include -I/builddir/build/BUILD/shim-16.1/gnu-efi/inc -I/builddir/build/BUILD/shim-16.1/gnu-efi/inc/x86_64 -I/builddir/build/BUILD/shim-16.1/gnu-efi/inc/protocol -I/builddir/build/BUILD/shim-16.1/Cryptlib/OpenSSL/crypto/asn1 -I/builddir/build/BUILD/shim-16.1/Cryptlib/OpenSSL/crypto/evp -I/builddir/build/BUILD/shim-16.1/Cryptlib/OpenSSL/crypto/modes -I/builddir/build/BUILD/shim-16.1/Cryptlib/OpenSSL/crypto/include -isystem /builddir/build/BUILD/shim-16.1/include/system -isystem /usr/lib/gcc/x86_64-redhat-linux/11/include -DL_ENDIAN -D_CRT_SECURE_NO_DEPRECATE -D_CRT_NONSTDC_NO_DEPRECATE -DOPENSSL_SMALL_FOOTPRINT -DPEDANTIC -DMDE_CPU_X64   -c -o crypto/bio/bio_lib.o /builddir/build/BUILD/shim-16.1/Cryptlib/OpenSSL/crypto/bio/bio_lib.c
#13 72.48 gcc -std=gnu11 -ggdb -gdwarf-4 -gstrict-dwarf -ffreestanding -fmacro-prefix-map=/builddir/build/BUILD/shim-16.1/= -fno-stack-protector -fno-strict-aliasing -fpic -fshort-wchar -nostdinc -m64 -mno-mmx -mno-sse -mno-red-zone -maccumulate-outgoing-args -Os -Wall -Wextra -Wno-missing-field-initializers -Wno-empty-body -Wno-implicit-fallthrough -Wno-old-style-declaration -Wno-unused-but-set-variable -Wno-unused-parameter -Werror -Wno-error=unused-but-set-variable -Wno-error=unused-parameter -I/builddir/build/BUILD/shim-16.1/Cryptlib/OpenSSL -I/builddir/build/BUILD/shim-16.1/Cryptlib -I/builddir/build/BUILD/shim-16.1/Cryptlib/OpenSSL/Include/ -I/builddir/build/BUILD/shim-16.1/Cryptlib/OpenSSL/crypto -I/builddir/build/BUILD/shim-16.1/Cryptlib/Include -I/builddir/build/BUILD/shim-16.1/gnu-efi/inc -I/builddir/build/BUILD/shim-16.1/gnu-efi/inc/x86_64 -I/builddir/build/BUILD/shim-16.1/gnu-efi/inc/protocol -I/builddir/build/BUILD/shim-16.1/Cryptlib/OpenSSL/crypto/asn1 -I/builddir/build/BUILD/shim-16.1/Cryptlib/OpenSSL/crypto/evp -I/builddir/build/BUILD/shim-16.1/Cryptlib/OpenSSL/crypto/modes -I/builddir/build/BUILD/shim-16.1/Cryptlib/OpenSSL/crypto/include -isystem /builddir/build/BUILD/shim-16.1/include/system -isystem /usr/lib/gcc/x86_64-redhat-linux/11/include -DL_ENDIAN -D_CRT_SECURE_NO_DEPRECATE -D_CRT_NONSTDC_NO_DEPRECATE -DOPENSSL_SMALL_FOOTPRINT -DPEDANTIC -DMDE_CPU_X64   -c -o crypto/bio/bio_cb.o /builddir/build/BUILD/shim-16.1/Cryptlib/OpenSSL/crypto/bio/bio_cb.c
#13 72.89 gcc -std=gnu11 -ggdb -gdwarf-4 -gstrict-dwarf -ffreestanding -fmacro-prefix-map=/builddir/build/BUILD/shim-16.1/= -fno-stack-protector -fno-strict-aliasing -fpic -fshort-wchar -nostdinc -m64 -mno-mmx -mno-sse -mno-red-zone -maccumulate-outgoing-args -Os -Wall -Wextra -Wno-missing-field-initializers -Wno-empty-body -Wno-implicit-fallthrough -Wno-old-style-declaration -Wno-unused-but-set-variable -Wno-unused-parameter -Werror -Wno-error=unused-but-set-variable -Wno-error=unused-parameter -I/builddir/build/BUILD/shim-16.1/Cryptlib/OpenSSL -I/builddir/build/BUILD/shim-16.1/Cryptlib -I/builddir/build/BUILD/shim-16.1/Cryptlib/OpenSSL/Include/ -I/builddir/build/BUILD/shim-16.1/Cryptlib/OpenSSL/crypto -I/builddir/build/BUILD/shim-16.1/Cryptlib/Include -I/builddir/build/BUILD/shim-16.1/gnu-efi/inc -I/builddir/build/BUILD/shim-16.1/gnu-efi/inc/x86_64 -I/builddir/build/BUILD/shim-16.1/gnu-efi/inc/protocol -I/builddir/build/BUILD/shim-16.1/Cryptlib/OpenSSL/crypto/asn1 -I/builddir/build/BUILD/shim-16.1/Cryptlib/OpenSSL/crypto/evp -I/builddir/build/BUILD/shim-16.1/Cryptlib/OpenSSL/crypto/modes -I/builddir/build/BUILD/shim-16.1/Cryptlib/OpenSSL/crypto/include -isystem /builddir/build/BUILD/shim-16.1/include/system -isystem /usr/lib/gcc/x86_64-redhat-linux/11/include -DL_ENDIAN -D_CRT_SECURE_NO_DEPRECATE -D_CRT_NONSTDC_NO_DEPRECATE -DOPENSSL_SMALL_FOOTPRINT -DPEDANTIC -DMDE_CPU_X64   -c -o crypto/bio/bio_err.o /builddir/build/BUILD/shim-16.1/Cryptlib/OpenSSL/crypto/bio/bio_err.c
#13 73.14 gcc -std=gnu11 -ggdb -gdwarf-4 -gstrict-dwarf -ffreestanding -fmacro-prefix-map=/builddir/build/BUILD/shim-16.1/= -fno-stack-protector -fno-strict-aliasing -fpic -fshort-wchar -nostdinc -m64 -mno-mmx -mno-sse -mno-red-zone -maccumulate-outgoing-args -Os -Wall -Wextra -Wno-missing-field-initializers -Wno-empty-body -Wno-implicit-fallthrough -Wno-old-style-declaration -Wno-unused-but-set-variable -Wno-unused-parameter -Werror -Wno-error=unused-but-set-variable -Wno-error=unused-parameter -I/builddir/build/BUILD/shim-16.1/Cryptlib/OpenSSL -I/builddir/build/BUILD/shim-16.1/Cryptlib -I/builddir/build/BUILD/shim-16.1/Cryptlib/OpenSSL/Include/ -I/builddir/build/BUILD/shim-16.1/Cryptlib/OpenSSL/crypto -I/builddir/build/BUILD/shim-16.1/Cryptlib/Include -I/builddir/build/BUILD/shim-16.1/gnu-efi/inc -I/builddir/build/BUILD/shim-16.1/gnu-efi/inc/x86_64 -I/builddir/build/BUILD/shim-16.1/gnu-efi/inc/protocol -I/builddir/build/BUILD/shim-16.1/Cryptlib/OpenSSL/crypto/asn1 -I/builddir/build/BUILD/shim-16.1/Cryptlib/OpenSSL/crypto/evp -I/builddir/build/BUILD/shim-16.1/Cryptlib/OpenSSL/crypto/modes -I/builddir/build/BUILD/shim-16.1/Cryptlib/OpenSSL/crypto/include -isystem /builddir/build/BUILD/shim-16.1/include/system -isystem /usr/lib/gcc/x86_64-redhat-linux/11/include -DL_ENDIAN -D_CRT_SECURE_NO_DEPRECATE -D_CRT_NONSTDC_NO_DEPRECATE -DOPENSSL_SMALL_FOOTPRINT -DPEDANTIC -DMDE_CPU_X64   -c -o crypto/bio/bss_mem.o /builddir/build/BUILD/shim-16.1/Cryptlib/OpenSSL/crypto/bio/bss_mem.c
#13 73.62 gcc -std=gnu11 -ggdb -gdwarf-4 -gstrict-dwarf -ffreestanding -fmacro-prefix-map=/builddir/build/BUILD/shim-16.1/= -fno-stack-protector -fno-strict-aliasing -fpic -fshort-wchar -nostdinc -m64 -mno-mmx -mno-sse -mno-red-zone -maccumulate-outgoing-args -Os -Wall -Wextra -Wno-missing-field-initializers -Wno-empty-body -Wno-implicit-fallthrough -Wno-old-style-declaration -Wno-unused-but-set-variable -Wno-unused-parameter -Werror -Wno-error=unused-but-set-variable -Wno-error=unused-parameter -I/builddir/build/BUILD/shim-16.1/Cryptlib/OpenSSL -I/builddir/build/BUILD/shim-16.1/Cryptlib -I/builddir/build/BUILD/shim-16.1/Cryptlib/OpenSSL/Include/ -I/builddir/build/BUILD/shim-16.1/Cryptlib/OpenSSL/crypto -I/builddir/build/BUILD/shim-16.1/Cryptlib/Include -I/builddir/build/BUILD/shim-16.1/gnu-efi/inc -I/builddir/build/BUILD/shim-16.1/gnu-efi/inc/x86_64 -I/builddir/build/BUILD/shim-16.1/gnu-efi/inc/protocol -I/builddir/build/BUILD/shim-16.1/Cryptlib/OpenSSL/crypto/asn1 -I/builddir/build/BUILD/shim-16.1/Cryptlib/OpenSSL/crypto/evp -I/builddir/build/BUILD/shim-16.1/Cryptlib/OpenSSL/crypto/modes -I/builddir/build/BUILD/shim-16.1/Cryptlib/OpenSSL/crypto/include -isystem /builddir/build/BUILD/shim-16.1/include/system -isystem /usr/lib/gcc/x86_64-redhat-linux/11/include -DL_ENDIAN -D_CRT_SECURE_NO_DEPRECATE -D_CRT_NONSTDC_NO_DEPRECATE -DOPENSSL_SMALL_FOOTPRINT -DPEDANTIC -DMDE_CPU_X64   -c -o crypto/bio/bss_null.o /builddir/build/BUILD/shim-16.1/Cryptlib/OpenSSL/crypto/bio/bss_null.c
#13 74.02 gcc -std=gnu11 -ggdb -gdwarf-4 -gstrict-dwarf -ffreestanding -fmacro-prefix-map=/builddir/build/BUILD/shim-16.1/= -fno-stack-protector -fno-strict-aliasing -fpic -fshort-wchar -nostdinc -m64 -mno-mmx -mno-sse -mno-red-zone -maccumulate-outgoing-args -Os -Wall -Wextra -Wno-missing-field-initializers -Wno-empty-body -Wno-implicit-fallthrough -Wno-old-style-declaration -Wno-unused-but-set-variable -Wno-unused-parameter -Werror -Wno-error=unused-but-set-variable -Wno-error=unused-parameter -I/builddir/build/BUILD/shim-16.1/Cryptlib/OpenSSL -I/builddir/build/BUILD/shim-16.1/Cryptlib -I/builddir/build/BUILD/shim-16.1/Cryptlib/OpenSSL/Include/ -I/builddir/build/BUILD/shim-16.1/Cryptlib/OpenSSL/crypto -I/builddir/build/BUILD/shim-16.1/Cryptlib/Include -I/builddir/build/BUILD/shim-16.1/gnu-efi/inc -I/builddir/build/BUILD/shim-16.1/gnu-efi/inc/x86_64 -I/builddir/build/BUILD/shim-16.1/gnu-efi/inc/protocol -I/builddir/build/BUILD/shim-16.1/Cryptlib/OpenSSL/crypto/asn1 -I/builddir/build/BUILD/shim-16.1/Cryptlib/OpenSSL/crypto/evp -I/builddir/build/BUILD/shim-16.1/Cryptlib/OpenSSL/crypto/modes -I/builddir/build/BUILD/shim-16.1/Cryptlib/OpenSSL/crypto/include -isystem /builddir/build/BUILD/shim-16.1/include/system -isystem /usr/lib/gcc/x86_64-redhat-linux/11/include -DL_ENDIAN -D_CRT_SECURE_NO_DEPRECATE -D_CRT_NONSTDC_NO_DEPRECATE -DOPENSSL_SMALL_FOOTPRINT -DPEDANTIC -DMDE_CPU_X64   -c -o crypto/bio/bss_fd.o /builddir/build/BUILD/shim-16.1/Cryptlib/OpenSSL/crypto/bio/bss_fd.c
#13 74.32 gcc -std=gnu11 -ggdb -gdwarf-4 -gstrict-dwarf -ffreestanding -fmacro-prefix-map=/builddir/build/BUILD/shim-16.1/= -fno-stack-protector -fno-strict-aliasing -fpic -fshort-wchar -nostdinc -m64 -mno-mmx -mno-sse -mno-red-zone -maccumulate-outgoing-args -Os -Wall -Wextra -Wno-missing-field-initializers -Wno-empty-body -Wno-implicit-fallthrough -Wno-old-style-declaration -Wno-unused-but-set-variable -Wno-unused-parameter -Werror -Wno-error=unused-but-set-variable -Wno-error=unused-parameter -I/builddir/build/BUILD/shim-16.1/Cryptlib/OpenSSL -I/builddir/build/BUILD/shim-16.1/Cryptlib -I/builddir/build/BUILD/shim-16.1/Cryptlib/OpenSSL/Include/ -I/builddir/build/BUILD/shim-16.1/Cryptlib/OpenSSL/crypto -I/builddir/build/BUILD/shim-16.1/Cryptlib/Include -I/builddir/build/BUILD/shim-16.1/gnu-efi/inc -I/builddir/build/BUILD/shim-16.1/gnu-efi/inc/x86_64 -I/builddir/build/BUILD/shim-16.1/gnu-efi/inc/protocol -I/builddir/build/BUILD/shim-16.1/Cryptlib/OpenSSL/crypto/asn1 -I/builddir/build/BUILD/shim-16.1/Cryptlib/OpenSSL/crypto/evp -I/builddir/build/BUILD/shim-16.1/Cryptlib/OpenSSL/crypto/modes -I/builddir/build/BUILD/shim-16.1/Cryptlib/OpenSSL/crypto/include -isystem /builddir/build/BUILD/shim-16.1/include/system -isystem /usr/lib/gcc/x86_64-redhat-linux/11/include -DL_ENDIAN -D_CRT_SECURE_NO_DEPRECATE -D_CRT_NONSTDC_NO_DEPRECATE -DOPENSSL_SMALL_FOOTPRINT -DPEDANTIC -DMDE_CPU_X64   -c -o crypto/bio/bss_file.o /builddir/build/BUILD/shim-16.1/Cryptlib/OpenSSL/crypto/bio/bss_file.c
#13 74.49 gcc -std=gnu11 -ggdb -gdwarf-4 -gstrict-dwarf -ffreestanding -fmacro-prefix-map=/builddir/build/BUILD/shim-16.1/= -fno-stack-protector -fno-strict-aliasing -fpic -fshort-wchar -nostdinc -m64 -mno-mmx -mno-sse -mno-red-zone -maccumulate-outgoing-args -Os -Wall -Wextra -Wno-missing-field-initializers -Wno-empty-body -Wno-implicit-fallthrough -Wno-old-style-declaration -Wno-unused-but-set-variable -Wno-unused-parameter -Werror -Wno-error=unused-but-set-variable -Wno-error=unused-parameter -I/builddir/build/BUILD/shim-16.1/Cryptlib/OpenSSL -I/builddir/build/BUILD/shim-16.1/Cryptlib -I/builddir/build/BUILD/shim-16.1/Cryptlib/OpenSSL/Include/ -I/builddir/build/BUILD/shim-16.1/Cryptlib/OpenSSL/crypto -I/builddir/build/BUILD/shim-16.1/Cryptlib/Include -I/builddir/build/BUILD/shim-16.1/gnu-efi/inc -I/builddir/build/BUILD/shim-16.1/gnu-efi/inc/x86_64 -I/builddir/build/BUILD/shim-16.1/gnu-efi/inc/protocol -I/builddir/build/BUILD/shim-16.1/Cryptlib/OpenSSL/crypto/asn1 -I/builddir/build/BUILD/shim-16.1/Cryptlib/OpenSSL/crypto/evp -I/builddir/build/BUILD/shim-16.1/Cryptlib/OpenSSL/crypto/modes -I/builddir/build/BUILD/shim-16.1/Cryptlib/OpenSSL/crypto/include -isystem /builddir/build/BUILD/shim-16.1/include/system -isystem /usr/lib/gcc/x86_64-redhat-linux/11/include -DL_ENDIAN -D_CRT_SECURE_NO_DEPRECATE -D_CRT_NONSTDC_NO_DEPRECATE -DOPENSSL_SMALL_FOOTPRINT -DPEDANTIC -DMDE_CPU_X64   -c -o crypto/bio/bss_sock.o /builddir/build/BUILD/shim-16.1/Cryptlib/OpenSSL/crypto/bio/bss_sock.c
#13 74.66 gcc -std=gnu11 -ggdb -gdwarf-4 -gstrict-dwarf -ffreestanding -fmacro-prefix-map=/builddir/build/BUILD/shim-16.1/= -fno-stack-protector -fno-strict-aliasing -fpic -fshort-wchar -nostdinc -m64 -mno-mmx -mno-sse -mno-red-zone -maccumulate-outgoing-args -Os -Wall -Wextra -Wno-missing-field-initializers -Wno-empty-body -Wno-implicit-fallthrough -Wno-old-style-declaration -Wno-unused-but-set-variable -Wno-unused-parameter -Werror -Wno-error=unused-but-set-variable -Wno-error=unused-parameter -I/builddir/build/BUILD/shim-16.1/Cryptlib/OpenSSL -I/builddir/build/BUILD/shim-16.1/Cryptlib -I/builddir/build/BUILD/shim-16.1/Cryptlib/OpenSSL/Include/ -I/builddir/build/BUILD/shim-16.1/Cryptlib/OpenSSL/crypto -I/builddir/build/BUILD/shim-16.1/Cryptlib/Include -I/builddir/build/BUILD/shim-16.1/gnu-efi/inc -I/builddir/build/BUILD/shim-16.1/gnu-efi/inc/x86_64 -I/builddir/build/BUILD/shim-16.1/gnu-efi/inc/protocol -I/builddir/build/BUILD/shim-16.1/Cryptlib/OpenSSL/crypto/asn1 -I/builddir/build/BUILD/shim-16.1/Cryptlib/OpenSSL/crypto/evp -I/builddir/build/BUILD/shim-16.1/Cryptlib/OpenSSL/crypto/modes -I/builddir/build/BUILD/shim-16.1/Cryptlib/OpenSSL/crypto/include -isystem /builddir/build/BUILD/shim-16.1/include/system -isystem /usr/lib/gcc/x86_64-redhat-linux/11/include -DL_ENDIAN -D_CRT_SECURE_NO_DEPRECATE -D_CRT_NONSTDC_NO_DEPRECATE -DOPENSSL_SMALL_FOOTPRINT -DPEDANTIC -DMDE_CPU_X64   -c -o crypto/bio/bss_conn.o /builddir/build/BUILD/shim-16.1/Cryptlib/OpenSSL/crypto/bio/bss_conn.c
#13 74.83 gcc -std=gnu11 -ggdb -gdwarf-4 -gstrict-dwarf -ffreestanding -fmacro-prefix-map=/builddir/build/BUILD/shim-16.1/= -fno-stack-protector -fno-strict-aliasing -fpic -fshort-wchar -nostdinc -m64 -mno-mmx -mno-sse -mno-red-zone -maccumulate-outgoing-args -Os -Wall -Wextra -Wno-missing-field-initializers -Wno-empty-body -Wno-implicit-fallthrough -Wno-old-style-declaration -Wno-unused-but-set-variable -Wno-unused-parameter -Werror -Wno-error=unused-but-set-variable -Wno-error=unused-parameter -I/builddir/build/BUILD/shim-16.1/Cryptlib/OpenSSL -I/builddir/build/BUILD/shim-16.1/Cryptlib -I/builddir/build/BUILD/shim-16.1/Cryptlib/OpenSSL/Include/ -I/builddir/build/BUILD/shim-16.1/Cryptlib/OpenSSL/crypto -I/builddir/build/BUILD/shim-16.1/Cryptlib/Include -I/builddir/build/BUILD/shim-16.1/gnu-efi/inc -I/builddir/build/BUILD/shim-16.1/gnu-efi/inc/x86_64 -I/builddir/build/BUILD/shim-16.1/gnu-efi/inc/protocol -I/builddir/build/BUILD/shim-16.1/Cryptlib/OpenSSL/crypto/asn1 -I/builddir/build/BUILD/shim-16.1/Cryptlib/OpenSSL/crypto/evp -I/builddir/build/BUILD/shim-16.1/Cryptlib/OpenSSL/crypto/modes -I/builddir/build/BUILD/shim-16.1/Cryptlib/OpenSSL/crypto/include -isystem /builddir/build/BUILD/shim-16.1/include/system -isystem /usr/lib/gcc/x86_64-redhat-linux/11/include -DL_ENDIAN -D_CRT_SECURE_NO_DEPRECATE -D_CRT_NONSTDC_NO_DEPRECATE -DOPENSSL_SMALL_FOOTPRINT -DPEDANTIC -DMDE_CPU_X64   -c -o crypto/bio/bf_null.o /builddir/build/BUILD/shim-16.1/Cryptlib/OpenSSL/crypto/bio/bf_null.c
#13 75.24 gcc -std=gnu11 -ggdb -gdwarf-4 -gstrict-dwarf -ffreestanding -fmacro-prefix-map=/builddir/build/BUILD/shim-16.1/= -fno-stack-protector -fno-strict-aliasing -fpic -fshort-wchar -nostdinc -m64 -mno-mmx -mno-sse -mno-red-zone -maccumulate-outgoing-args -Os -Wall -Wextra -Wno-missing-field-initializers -Wno-empty-body -Wno-implicit-fallthrough -Wno-old-style-declaration -Wno-unused-but-set-variable -Wno-unused-parameter -Werror -Wno-error=unused-but-set-variable -Wno-error=unused-parameter -I/builddir/build/BUILD/shim-16.1/Cryptlib/OpenSSL -I/builddir/build/BUILD/shim-16.1/Cryptlib -I/builddir/build/BUILD/shim-16.1/Cryptlib/OpenSSL/Include/ -I/builddir/build/BUILD/shim-16.1/Cryptlib/OpenSSL/crypto -I/builddir/build/BUILD/shim-16.1/Cryptlib/Include -I/builddir/build/BUILD/shim-16.1/gnu-efi/inc -I/builddir/build/BUILD/shim-16.1/gnu-efi/inc/x86_64 -I/builddir/build/BUILD/shim-16.1/gnu-efi/inc/protocol -I/builddir/build/BUILD/shim-16.1/Cryptlib/OpenSSL/crypto/asn1 -I/builddir/build/BUILD/shim-16.1/Cryptlib/OpenSSL/crypto/evp -I/builddir/build/BUILD/shim-16.1/Cryptlib/OpenSSL/crypto/modes -I/builddir/build/BUILD/shim-16.1/Cryptlib/OpenSSL/crypto/include -isystem /builddir/build/BUILD/shim-16.1/include/system -isystem /usr/lib/gcc/x86_64-redhat-linux/11/include -DL_ENDIAN -D_CRT_SECURE_NO_DEPRECATE -D_CRT_NONSTDC_NO_DEPRECATE -DOPENSSL_SMALL_FOOTPRINT -DPEDANTIC -DMDE_CPU_X64   -c -o crypto/bio/bf_buff.o /builddir/build/BUILD/shim-16.1/Cryptlib/OpenSSL/crypto/bio/bf_buff.c
#13 75.75 gcc -std=gnu11 -ggdb -gdwarf-4 -gstrict-dwarf -ffreestanding -fmacro-prefix-map=/builddir/build/BUILD/shim-16.1/= -fno-stack-protector -fno-strict-aliasing -fpic -fshort-wchar -nostdinc -m64 -mno-mmx -mno-sse -mno-red-zone -maccumulate-outgoing-args -Os -Wall -Wextra -Wno-missing-field-initializers -Wno-empty-body -Wno-implicit-fallthrough -Wno-old-style-declaration -Wno-unused-but-set-variable -Wno-unused-parameter -Werror -Wno-error=unused-but-set-variable -Wno-error=unused-parameter -I/builddir/build/BUILD/shim-16.1/Cryptlib/OpenSSL -I/builddir/build/BUILD/shim-16.1/Cryptlib -I/builddir/build/BUILD/shim-16.1/Cryptlib/OpenSSL/Include/ -I/builddir/build/BUILD/shim-16.1/Cryptlib/OpenSSL/crypto -I/builddir/build/BUILD/shim-16.1/Cryptlib/Include -I/builddir/build/BUILD/shim-16.1/gnu-efi/inc -I/builddir/build/BUILD/shim-16.1/gnu-efi/inc/x86_64 -I/builddir/build/BUILD/shim-16.1/gnu-efi/inc/protocol -I/builddir/build/BUILD/shim-16.1/Cryptlib/OpenSSL/crypto/asn1 -I/builddir/build/BUILD/shim-16.1/Cryptlib/OpenSSL/crypto/evp -I/builddir/build/BUILD/shim-16.1/Cryptlib/OpenSSL/crypto/modes -I/builddir/build/BUILD/shim-16.1/Cryptlib/OpenSSL/crypto/include -isystem /builddir/build/BUILD/shim-16.1/include/system -isystem /usr/lib/gcc/x86_64-redhat-linux/11/include -DL_ENDIAN -D_CRT_SECURE_NO_DEPRECATE -D_CRT_NONSTDC_NO_DEPRECATE -DOPENSSL_SMALL_FOOTPRINT -DPEDANTIC -DMDE_CPU_X64   -c -o crypto/bio/b_dump.o /builddir/build/BUILD/shim-16.1/Cryptlib/OpenSSL/crypto/bio/b_dump.c
#13 76.24 gcc -std=gnu11 -ggdb -gdwarf-4 -gstrict-dwarf -ffreestanding -fmacro-prefix-map=/builddir/build/BUILD/shim-16.1/= -fno-stack-protector -fno-strict-aliasing -fpic -fshort-wchar -nostdinc -m64 -mno-mmx -mno-sse -mno-red-zone -maccumulate-outgoing-args -Os -Wall -Wextra -Wno-missing-field-initializers -Wno-empty-body -Wno-implicit-fallthrough -Wno-old-style-declaration -Wno-unused-but-set-variable -Wno-unused-parameter -Werror -Wno-error=unused-but-set-variable -Wno-error=unused-parameter -I/builddir/build/BUILD/shim-16.1/Cryptlib/OpenSSL -I/builddir/build/BUILD/shim-16.1/Cryptlib -I/builddir/build/BUILD/shim-16.1/Cryptlib/OpenSSL/Include/ -I/builddir/build/BUILD/shim-16.1/Cryptlib/OpenSSL/crypto -I/builddir/build/BUILD/shim-16.1/Cryptlib/Include -I/builddir/build/BUILD/shim-16.1/gnu-efi/inc -I/builddir/build/BUILD/shim-16.1/gnu-efi/inc/x86_64 -I/builddir/build/BUILD/shim-16.1/gnu-efi/inc/protocol -I/builddir/build/BUILD/shim-16.1/Cryptlib/OpenSSL/crypto/asn1 -I/builddir/build/BUILD/shim-16.1/Cryptlib/OpenSSL/crypto/evp -I/builddir/build/BUILD/shim-16.1/Cryptlib/OpenSSL/crypto/modes -I/builddir/build/BUILD/shim-16.1/Cryptlib/OpenSSL/crypto/include -isystem /builddir/build/BUILD/shim-16.1/include/system -isystem /usr/lib/gcc/x86_64-redhat-linux/11/include -DL_ENDIAN -D_CRT_SECURE_NO_DEPRECATE -D_CRT_NONSTDC_NO_DEPRECATE -DOPENSSL_SMALL_FOOTPRINT -DPEDANTIC -DMDE_CPU_X64   -c -o crypto/bio/b_print.o /builddir/build/BUILD/shim-16.1/Cryptlib/OpenSSL/crypto/bio/b_print.c
#13 76.83 gcc -std=gnu11 -ggdb -gdwarf-4 -gstrict-dwarf -ffreestanding -fmacro-prefix-map=/builddir/build/BUILD/shim-16.1/= -fno-stack-protector -fno-strict-aliasing -fpic -fshort-wchar -nostdinc -m64 -mno-mmx -mno-sse -mno-red-zone -maccumulate-outgoing-args -Os -Wall -Wextra -Wno-missing-field-initializers -Wno-empty-body -Wno-implicit-fallthrough -Wno-old-style-declaration -Wno-unused-but-set-variable -Wno-unused-parameter -Werror -Wno-error=unused-but-set-variable -Wno-error=unused-parameter -I/builddir/build/BUILD/shim-16.1/Cryptlib/OpenSSL -I/builddir/build/BUILD/shim-16.1/Cryptlib -I/builddir/build/BUILD/shim-16.1/Cryptlib/OpenSSL/Include/ -I/builddir/build/BUILD/shim-16.1/Cryptlib/OpenSSL/crypto -I/builddir/build/BUILD/shim-16.1/Cryptlib/Include -I/builddir/build/BUILD/shim-16.1/gnu-efi/inc -I/builddir/build/BUILD/shim-16.1/gnu-efi/inc/x86_64 -I/builddir/build/BUILD/shim-16.1/gnu-efi/inc/protocol -I/builddir/build/BUILD/shim-16.1/Cryptlib/OpenSSL/crypto/asn1 -I/builddir/build/BUILD/shim-16.1/Cryptlib/OpenSSL/crypto/evp -I/builddir/build/BUILD/shim-16.1/Cryptlib/OpenSSL/crypto/modes -I/builddir/build/BUILD/shim-16.1/Cryptlib/OpenSSL/crypto/include -isystem /builddir/build/BUILD/shim-16.1/include/system -isystem /usr/lib/gcc/x86_64-redhat-linux/11/include -DL_ENDIAN -D_CRT_SECURE_NO_DEPRECATE -D_CRT_NONSTDC_NO_DEPRECATE -DOPENSSL_SMALL_FOOTPRINT -DPEDANTIC -DMDE_CPU_X64   -c -o crypto/bio/b_sock.o /builddir/build/BUILD/shim-16.1/Cryptlib/OpenSSL/crypto/bio/b_sock.c
#13 77.00 gcc -std=gnu11 -ggdb -gdwarf-4 -gstrict-dwarf -ffreestanding -fmacro-prefix-map=/builddir/build/BUILD/shim-16.1/= -fno-stack-protector -fno-strict-aliasing -fpic -fshort-wchar -nostdinc -m64 -mno-mmx -mno-sse -mno-red-zone -maccumulate-outgoing-args -Os -Wall -Wextra -Wno-missing-field-initializers -Wno-empty-body -Wno-implicit-fallthrough -Wno-old-style-declaration -Wno-unused-but-set-variable -Wno-unused-parameter -Werror -Wno-error=unused-but-set-variable -Wno-error=unused-parameter -I/builddir/build/BUILD/shim-16.1/Cryptlib/OpenSSL -I/builddir/build/BUILD/shim-16.1/Cryptlib -I/builddir/build/BUILD/shim-16.1/Cryptlib/OpenSSL/Include/ -I/builddir/build/BUILD/shim-16.1/Cryptlib/OpenSSL/crypto -I/builddir/build/BUILD/shim-16.1/Cryptlib/Include -I/builddir/build/BUILD/shim-16.1/gnu-efi/inc -I/builddir/build/BUILD/shim-16.1/gnu-efi/inc/x86_64 -I/builddir/build/BUILD/shim-16.1/gnu-efi/inc/protocol -I/builddir/build/BUILD/shim-16.1/Cryptlib/OpenSSL/crypto/asn1 -I/builddir/build/BUILD/shim-16.1/Cryptlib/OpenSSL/crypto/evp -I/builddir/build/BUILD/shim-16.1/Cryptlib/OpenSSL/crypto/modes -I/builddir/build/BUILD/shim-16.1/Cryptlib/OpenSSL/crypto/include -isystem /builddir/build/BUILD/shim-16.1/include/system -isystem /usr/lib/gcc/x86_64-redhat-linux/11/include -DL_ENDIAN -D_CRT_SECURE_NO_DEPRECATE -D_CRT_NONSTDC_NO_DEPRECATE -DOPENSSL_SMALL_FOOTPRINT -DPEDANTIC -DMDE_CPU_X64   -c -o crypto/bio/bss_acpt.o /builddir/build/BUILD/shim-16.1/Cryptlib/OpenSSL/crypto/bio/bss_acpt.c
#13 77.17 gcc -std=gnu11 -ggdb -gdwarf-4 -gstrict-dwarf -ffreestanding -fmacro-prefix-map=/builddir/build/BUILD/shim-16.1/= -fno-stack-protector -fno-strict-aliasing -fpic -fshort-wchar -nostdinc -m64 -mno-mmx -mno-sse -mno-red-zone -maccumulate-outgoing-args -Os -Wall -Wextra -Wno-missing-field-initializers -Wno-empty-body -Wno-implicit-fallthrough -Wno-old-style-declaration -Wno-unused-but-set-variable -Wno-unused-parameter -Werror -Wno-error=unused-but-set-variable -Wno-error=unused-parameter -I/builddir/build/BUILD/shim-16.1/Cryptlib/OpenSSL -I/builddir/build/BUILD/shim-16.1/Cryptlib -I/builddir/build/BUILD/shim-16.1/Cryptlib/OpenSSL/Include/ -I/builddir/build/BUILD/shim-16.1/Cryptlib/OpenSSL/crypto -I/builddir/build/BUILD/shim-16.1/Cryptlib/Include -I/builddir/build/BUILD/shim-16.1/gnu-efi/inc -I/builddir/build/BUILD/shim-16.1/gnu-efi/inc/x86_64 -I/builddir/build/BUILD/shim-16.1/gnu-efi/inc/protocol -I/builddir/build/BUILD/shim-16.1/Cryptlib/OpenSSL/crypto/asn1 -I/builddir/build/BUILD/shim-16.1/Cryptlib/OpenSSL/crypto/evp -I/builddir/build/BUILD/shim-16.1/Cryptlib/OpenSSL/crypto/modes -I/builddir/build/BUILD/shim-16.1/Cryptlib/OpenSSL/crypto/include -isystem /builddir/build/BUILD/shim-16.1/include/system -isystem /usr/lib/gcc/x86_64-redhat-linux/11/include -DL_ENDIAN -D_CRT_SECURE_NO_DEPRECATE -D_CRT_NONSTDC_NO_DEPRECATE -DOPENSSL_SMALL_FOOTPRINT -DPEDANTIC -DMDE_CPU_X64   -c -o crypto/bio/bf_nbio.o /builddir/build/BUILD/shim-16.1/Cryptlib/OpenSSL/crypto/bio/bf_nbio.c
#13 77.63 gcc -std=gnu11 -ggdb -gdwarf-4 -gstrict-dwarf -ffreestanding -fmacro-prefix-map=/builddir/build/BUILD/shim-16.1/= -fno-stack-protector -fno-strict-aliasing -fpic -fshort-wchar -nostdinc -m64 -mno-mmx -mno-sse -mno-red-zone -maccumulate-outgoing-args -Os -Wall -Wextra -Wno-missing-field-initializers -Wno-empty-body -Wno-implicit-fallthrough -Wno-old-style-declaration -Wno-unused-but-set-variable -Wno-unused-parameter -Werror -Wno-error=unused-but-set-variable -Wno-error=unused-parameter -I/builddir/build/BUILD/shim-16.1/Cryptlib/OpenSSL -I/builddir/build/BUILD/shim-16.1/Cryptlib -I/builddir/build/BUILD/shim-16.1/Cryptlib/OpenSSL/Include/ -I/builddir/build/BUILD/shim-16.1/Cryptlib/OpenSSL/crypto -I/builddir/build/BUILD/shim-16.1/Cryptlib/Include -I/builddir/build/BUILD/shim-16.1/gnu-efi/inc -I/builddir/build/BUILD/shim-16.1/gnu-efi/inc/x86_64 -I/builddir/build/BUILD/shim-16.1/gnu-efi/inc/protocol -I/builddir/build/BUILD/shim-16.1/Cryptlib/OpenSSL/crypto/asn1 -I/builddir/build/BUILD/shim-16.1/Cryptlib/OpenSSL/crypto/evp -I/builddir/build/BUILD/shim-16.1/Cryptlib/OpenSSL/crypto/modes -I/builddir/build/BUILD/shim-16.1/Cryptlib/OpenSSL/crypto/include -isystem /builddir/build/BUILD/shim-16.1/include/system -isystem /usr/lib/gcc/x86_64-redhat-linux/11/include -DL_ENDIAN -D_CRT_SECURE_NO_DEPRECATE -D_CRT_NONSTDC_NO_DEPRECATE -DOPENSSL_SMALL_FOOTPRINT -DPEDANTIC -DMDE_CPU_X64   -c -o crypto/bio/bss_log.o /builddir/build/BUILD/shim-16.1/Cryptlib/OpenSSL/crypto/bio/bss_log.c
#13 78.09 gcc -std=gnu11 -ggdb -gdwarf-4 -gstrict-dwarf -ffreestanding -fmacro-prefix-map=/builddir/build/BUILD/shim-16.1/= -fno-stack-protector -fno-strict-aliasing -fpic -fshort-wchar -nostdinc -m64 -mno-mmx -mno-sse -mno-red-zone -maccumulate-outgoing-args -Os -Wall -Wextra -Wno-missing-field-initializers -Wno-empty-body -Wno-implicit-fallthrough -Wno-old-style-declaration -Wno-unused-but-set-variable -Wno-unused-parameter -Werror -Wno-error=unused-but-set-variable -Wno-error=unused-parameter -I/builddir/build/BUILD/shim-16.1/Cryptlib/OpenSSL -I/builddir/build/BUILD/shim-16.1/Cryptlib -I/builddir/build/BUILD/shim-16.1/Cryptlib/OpenSSL/Include/ -I/builddir/build/BUILD/shim-16.1/Cryptlib/OpenSSL/crypto -I/builddir/build/BUILD/shim-16.1/Cryptlib/Include -I/builddir/build/BUILD/shim-16.1/gnu-efi/inc -I/builddir/build/BUILD/shim-16.1/gnu-efi/inc/x86_64 -I/builddir/build/BUILD/shim-16.1/gnu-efi/inc/protocol -I/builddir/build/BUILD/shim-16.1/Cryptlib/OpenSSL/crypto/asn1 -I/builddir/build/BUILD/shim-16.1/Cryptlib/OpenSSL/crypto/evp -I/builddir/build/BUILD/shim-16.1/Cryptlib/OpenSSL/crypto/modes -I/builddir/build/BUILD/shim-16.1/Cryptlib/OpenSSL/crypto/include -isystem /builddir/build/BUILD/shim-16.1/include/system -isystem /usr/lib/gcc/x86_64-redhat-linux/11/include -DL_ENDIAN -D_CRT_SECURE_NO_DEPRECATE -D_CRT_NONSTDC_NO_DEPRECATE -DOPENSSL_SMALL_FOOTPRINT -DPEDANTIC -DMDE_CPU_X64   -c -o crypto/bio/bss_bio.o /builddir/build/BUILD/shim-16.1/Cryptlib/OpenSSL/crypto/bio/bss_bio.c
#13 78.63 gcc -std=gnu11 -ggdb -gdwarf-4 -gstrict-dwarf -ffreestanding -fmacro-prefix-map=/builddir/build/BUILD/shim-16.1/= -fno-stack-protector -fno-strict-aliasing -fpic -fshort-wchar -nostdinc -m64 -mno-mmx -mno-sse -mno-red-zone -maccumulate-outgoing-args -Os -Wall -Wextra -Wno-missing-field-initializers -Wno-empty-body -Wno-implicit-fallthrough -Wno-old-style-declaration -Wno-unused-but-set-variable -Wno-unused-parameter -Werror -Wno-error=unused-but-set-variable -Wno-error=unused-parameter -I/builddir/build/BUILD/shim-16.1/Cryptlib/OpenSSL -I/builddir/build/BUILD/shim-16.1/Cryptlib -I/builddir/build/BUILD/shim-16.1/Cryptlib/OpenSSL/Include/ -I/builddir/build/BUILD/shim-16.1/Cryptlib/OpenSSL/crypto -I/builddir/build/BUILD/shim-16.1/Cryptlib/Include -I/builddir/build/BUILD/shim-16.1/gnu-efi/inc -I/builddir/build/BUILD/shim-16.1/gnu-efi/inc/x86_64 -I/builddir/build/BUILD/shim-16.1/gnu-efi/inc/protocol -I/builddir/build/BUILD/shim-16.1/Cryptlib/OpenSSL/crypto/asn1 -I/builddir/build/BUILD/shim-16.1/Cryptlib/OpenSSL/crypto/evp -I/builddir/build/BUILD/shim-16.1/Cryptlib/OpenSSL/crypto/modes -I/builddir/build/BUILD/shim-16.1/Cryptlib/OpenSSL/crypto/include -isystem /builddir/build/BUILD/shim-16.1/include/system -isystem /usr/lib/gcc/x86_64-redhat-linux/11/include -DL_ENDIAN -D_CRT_SECURE_NO_DEPRECATE -D_CRT_NONSTDC_NO_DEPRECATE -DOPENSSL_SMALL_FOOTPRINT -DPEDANTIC -DMDE_CPU_X64   -c -o crypto/bio/bss_dgram.o /builddir/build/BUILD/shim-16.1/Cryptlib/OpenSSL/crypto/bio/bss_dgram.c
#13 78.80 gcc -std=gnu11 -ggdb -gdwarf-4 -gstrict-dwarf -ffreestanding -fmacro-prefix-map=/builddir/build/BUILD/shim-16.1/= -fno-stack-protector -fno-strict-aliasing -fpic -fshort-wchar -nostdinc -m64 -mno-mmx -mno-sse -mno-red-zone -maccumulate-outgoing-args -Os -Wall -Wextra -Wno-missing-field-initializers -Wno-empty-body -Wno-implicit-fallthrough -Wno-old-style-declaration -Wno-unused-but-set-variable -Wno-unused-parameter -Werror -Wno-error=unused-but-set-variable -Wno-error=unused-parameter -I/builddir/build/BUILD/shim-16.1/Cryptlib/OpenSSL -I/builddir/build/BUILD/shim-16.1/Cryptlib -I/builddir/build/BUILD/shim-16.1/Cryptlib/OpenSSL/Include/ -I/builddir/build/BUILD/shim-16.1/Cryptlib/OpenSSL/crypto -I/builddir/build/BUILD/shim-16.1/Cryptlib/Include -I/builddir/build/BUILD/shim-16.1/gnu-efi/inc -I/builddir/build/BUILD/shim-16.1/gnu-efi/inc/x86_64 -I/builddir/build/BUILD/shim-16.1/gnu-efi/inc/protocol -I/builddir/build/BUILD/shim-16.1/Cryptlib/OpenSSL/crypto/asn1 -I/builddir/build/BUILD/shim-16.1/Cryptlib/OpenSSL/crypto/evp -I/builddir/build/BUILD/shim-16.1/Cryptlib/OpenSSL/crypto/modes -I/builddir/build/BUILD/shim-16.1/Cryptlib/OpenSSL/crypto/include -isystem /builddir/build/BUILD/shim-16.1/include/system -isystem /usr/lib/gcc/x86_64-redhat-linux/11/include -DL_ENDIAN -D_CRT_SECURE_NO_DEPRECATE -D_CRT_NONSTDC_NO_DEPRECATE -DOPENSSL_SMALL_FOOTPRINT -DPEDANTIC -DMDE_CPU_X64   -c -o crypto/stack/stack.o /builddir/build/BUILD/shim-16.1/Cryptlib/OpenSSL/crypto/stack/stack.c
#13 79.33 gcc -std=gnu11 -ggdb -gdwarf-4 -gstrict-dwarf -ffreestanding -fmacro-prefix-map=/builddir/build/BUILD/shim-16.1/= -fno-stack-protector -fno-strict-aliasing -fpic -fshort-wchar -nostdinc -m64 -mno-mmx -mno-sse -mno-red-zone -maccumulate-outgoing-args -Os -Wall -Wextra -Wno-missing-field-initializers -Wno-empty-body -Wno-implicit-fallthrough -Wno-old-style-declaration -Wno-unused-but-set-variable -Wno-unused-parameter -Werror -Wno-error=unused-but-set-variable -Wno-error=unused-parameter -I/builddir/build/BUILD/shim-16.1/Cryptlib/OpenSSL -I/builddir/build/BUILD/shim-16.1/Cryptlib -I/builddir/build/BUILD/shim-16.1/Cryptlib/OpenSSL/Include/ -I/builddir/build/BUILD/shim-16.1/Cryptlib/OpenSSL/crypto -I/builddir/build/BUILD/shim-16.1/Cryptlib/Include -I/builddir/build/BUILD/shim-16.1/gnu-efi/inc -I/builddir/build/BUILD/shim-16.1/gnu-efi/inc/x86_64 -I/builddir/build/BUILD/shim-16.1/gnu-efi/inc/protocol -I/builddir/build/BUILD/shim-16.1/Cryptlib/OpenSSL/crypto/asn1 -I/builddir/build/BUILD/shim-16.1/Cryptlib/OpenSSL/crypto/evp -I/builddir/build/BUILD/shim-16.1/Cryptlib/OpenSSL/crypto/modes -I/builddir/build/BUILD/shim-16.1/Cryptlib/OpenSSL/crypto/include -isystem /builddir/build/BUILD/shim-16.1/include/system -isystem /usr/lib/gcc/x86_64-redhat-linux/11/include -DL_ENDIAN -D_CRT_SECURE_NO_DEPRECATE -D_CRT_NONSTDC_NO_DEPRECATE -DOPENSSL_SMALL_FOOTPRINT -DPEDANTIC -DMDE_CPU_X64   -c -o crypto/lhash/lhash.o /builddir/build/BUILD/shim-16.1/Cryptlib/OpenSSL/crypto/lhash/lhash.c
#13 79.85 gcc -std=gnu11 -ggdb -gdwarf-4 -gstrict-dwarf -ffreestanding -fmacro-prefix-map=/builddir/build/BUILD/shim-16.1/= -fno-stack-protector -fno-strict-aliasing -fpic -fshort-wchar -nostdinc -m64 -mno-mmx -mno-sse -mno-red-zone -maccumulate-outgoing-args -Os -Wall -Wextra -Wno-missing-field-initializers -Wno-empty-body -Wno-implicit-fallthrough -Wno-old-style-declaration -Wno-unused-but-set-variable -Wno-unused-parameter -Werror -Wno-error=unused-but-set-variable -Wno-error=unused-parameter -I/builddir/build/BUILD/shim-16.1/Cryptlib/OpenSSL -I/builddir/build/BUILD/shim-16.1/Cryptlib -I/builddir/build/BUILD/shim-16.1/Cryptlib/OpenSSL/Include/ -I/builddir/build/BUILD/shim-16.1/Cryptlib/OpenSSL/crypto -I/builddir/build/BUILD/shim-16.1/Cryptlib/Include -I/builddir/build/BUILD/shim-16.1/gnu-efi/inc -I/builddir/build/BUILD/shim-16.1/gnu-efi/inc/x86_64 -I/builddir/build/BUILD/shim-16.1/gnu-efi/inc/protocol -I/builddir/build/BUILD/shim-16.1/Cryptlib/OpenSSL/crypto/asn1 -I/builddir/build/BUILD/shim-16.1/Cryptlib/OpenSSL/crypto/evp -I/builddir/build/BUILD/shim-16.1/Cryptlib/OpenSSL/crypto/modes -I/builddir/build/BUILD/shim-16.1/Cryptlib/OpenSSL/crypto/include -isystem /builddir/build/BUILD/shim-16.1/include/system -isystem /usr/lib/gcc/x86_64-redhat-linux/11/include -DL_ENDIAN -D_CRT_SECURE_NO_DEPRECATE -D_CRT_NONSTDC_NO_DEPRECATE -DOPENSSL_SMALL_FOOTPRINT -DPEDANTIC -DMDE_CPU_X64   -c -o crypto/lhash/lh_stats.o /builddir/build/BUILD/shim-16.1/Cryptlib/OpenSSL/crypto/lhash/lh_stats.c
#13 80.27 gcc -std=gnu11 -ggdb -gdwarf-4 -gstrict-dwarf -ffreestanding -fmacro-prefix-map=/builddir/build/BUILD/shim-16.1/= -fno-stack-protector -fno-strict-aliasing -fpic -fshort-wchar -nostdinc -m64 -mno-mmx -mno-sse -mno-red-zone -maccumulate-outgoing-args -Os -Wall -Wextra -Wno-missing-field-initializers -Wno-empty-body -Wno-implicit-fallthrough -Wno-old-style-declaration -Wno-unused-but-set-variable -Wno-unused-parameter -Werror -Wno-error=unused-but-set-variable -Wno-error=unused-parameter -I/builddir/build/BUILD/shim-16.1/Cryptlib/OpenSSL -I/builddir/build/BUILD/shim-16.1/Cryptlib -I/builddir/build/BUILD/shim-16.1/Cryptlib/OpenSSL/Include/ -I/builddir/build/BUILD/shim-16.1/Cryptlib/OpenSSL/crypto -I/builddir/build/BUILD/shim-16.1/Cryptlib/Include -I/builddir/build/BUILD/shim-16.1/gnu-efi/inc -I/builddir/build/BUILD/shim-16.1/gnu-efi/inc/x86_64 -I/builddir/build/BUILD/shim-16.1/gnu-efi/inc/protocol -I/builddir/build/BUILD/shim-16.1/Cryptlib/OpenSSL/crypto/asn1 -I/builddir/build/BUILD/shim-16.1/Cryptlib/OpenSSL/crypto/evp -I/builddir/build/BUILD/shim-16.1/Cryptlib/OpenSSL/crypto/modes -I/builddir/build/BUILD/shim-16.1/Cryptlib/OpenSSL/crypto/include -isystem /builddir/build/BUILD/shim-16.1/include/system -isystem /usr/lib/gcc/x86_64-redhat-linux/11/include -DL_ENDIAN -D_CRT_SECURE_NO_DEPRECATE -D_CRT_NONSTDC_NO_DEPRECATE -DOPENSSL_SMALL_FOOTPRINT -DPEDANTIC -DMDE_CPU_X64   -c -o crypto/rand/md_rand.o /builddir/build/BUILD/shim-16.1/Cryptlib/OpenSSL/crypto/rand/md_rand.c
#13 80.82 gcc -std=gnu11 -ggdb -gdwarf-4 -gstrict-dwarf -ffreestanding -fmacro-prefix-map=/builddir/build/BUILD/shim-16.1/= -fno-stack-protector -fno-strict-aliasing -fpic -fshort-wchar -nostdinc -m64 -mno-mmx -mno-sse -mno-red-zone -maccumulate-outgoing-args -Os -Wall -Wextra -Wno-missing-field-initializers -Wno-empty-body -Wno-implicit-fallthrough -Wno-old-style-declaration -Wno-unused-but-set-variable -Wno-unused-parameter -Werror -Wno-error=unused-but-set-variable -Wno-error=unused-parameter -I/builddir/build/BUILD/shim-16.1/Cryptlib/OpenSSL -I/builddir/build/BUILD/shim-16.1/Cryptlib -I/builddir/build/BUILD/shim-16.1/Cryptlib/OpenSSL/Include/ -I/builddir/build/BUILD/shim-16.1/Cryptlib/OpenSSL/crypto -I/builddir/build/BUILD/shim-16.1/Cryptlib/Include -I/builddir/build/BUILD/shim-16.1/gnu-efi/inc -I/builddir/build/BUILD/shim-16.1/gnu-efi/inc/x86_64 -I/builddir/build/BUILD/shim-16.1/gnu-efi/inc/protocol -I/builddir/build/BUILD/shim-16.1/Cryptlib/OpenSSL/crypto/asn1 -I/builddir/build/BUILD/shim-16.1/Cryptlib/OpenSSL/crypto/evp -I/builddir/build/BUILD/shim-16.1/Cryptlib/OpenSSL/crypto/modes -I/builddir/build/BUILD/shim-16.1/Cryptlib/OpenSSL/crypto/include -isystem /builddir/build/BUILD/shim-16.1/include/system -isystem /usr/lib/gcc/x86_64-redhat-linux/11/include -DL_ENDIAN -D_CRT_SECURE_NO_DEPRECATE -D_CRT_NONSTDC_NO_DEPRECATE -DOPENSSL_SMALL_FOOTPRINT -DPEDANTIC -DMDE_CPU_X64   -c -o crypto/rand/randfile.o /builddir/build/BUILD/shim-16.1/Cryptlib/OpenSSL/crypto/rand/randfile.c
#13 81.24 gcc -std=gnu11 -ggdb -gdwarf-4 -gstrict-dwarf -ffreestanding -fmacro-prefix-map=/builddir/build/BUILD/shim-16.1/= -fno-stack-protector -fno-strict-aliasing -fpic -fshort-wchar -nostdinc -m64 -mno-mmx -mno-sse -mno-red-zone -maccumulate-outgoing-args -Os -Wall -Wextra -Wno-missing-field-initializers -Wno-empty-body -Wno-implicit-fallthrough -Wno-old-style-declaration -Wno-unused-but-set-variable -Wno-unused-parameter -Werror -Wno-error=unused-but-set-variable -Wno-error=unused-parameter -I/builddir/build/BUILD/shim-16.1/Cryptlib/OpenSSL -I/builddir/build/BUILD/shim-16.1/Cryptlib -I/builddir/build/BUILD/shim-16.1/Cryptlib/OpenSSL/Include/ -I/builddir/build/BUILD/shim-16.1/Cryptlib/OpenSSL/crypto -I/builddir/build/BUILD/shim-16.1/Cryptlib/Include -I/builddir/build/BUILD/shim-16.1/gnu-efi/inc -I/builddir/build/BUILD/shim-16.1/gnu-efi/inc/x86_64 -I/builddir/build/BUILD/shim-16.1/gnu-efi/inc/protocol -I/builddir/build/BUILD/shim-16.1/Cryptlib/OpenSSL/crypto/asn1 -I/builddir/build/BUILD/shim-16.1/Cryptlib/OpenSSL/crypto/evp -I/builddir/build/BUILD/shim-16.1/Cryptlib/OpenSSL/crypto/modes -I/builddir/build/BUILD/shim-16.1/Cryptlib/OpenSSL/crypto/include -isystem /builddir/build/BUILD/shim-16.1/include/system -isystem /usr/lib/gcc/x86_64-redhat-linux/11/include -DL_ENDIAN -D_CRT_SECURE_NO_DEPRECATE -D_CRT_NONSTDC_NO_DEPRECATE -DOPENSSL_SMALL_FOOTPRINT -DPEDANTIC -DMDE_CPU_X64   -c -o crypto/rand/rand_lib.o /builddir/build/BUILD/shim-16.1/Cryptlib/OpenSSL/crypto/rand/rand_lib.c
#13 81.66 gcc -std=gnu11 -ggdb -gdwarf-4 -gstrict-dwarf -ffreestanding -fmacro-prefix-map=/builddir/build/BUILD/shim-16.1/= -fno-stack-protector -fno-strict-aliasing -fpic -fshort-wchar -nostdinc -m64 -mno-mmx -mno-sse -mno-red-zone -maccumulate-outgoing-args -Os -Wall -Wextra -Wno-missing-field-initializers -Wno-empty-body -Wno-implicit-fallthrough -Wno-old-style-declaration -Wno-unused-but-set-variable -Wno-unused-parameter -Werror -Wno-error=unused-but-set-variable -Wno-error=unused-parameter -I/builddir/build/BUILD/shim-16.1/Cryptlib/OpenSSL -I/builddir/build/BUILD/shim-16.1/Cryptlib -I/builddir/build/BUILD/shim-16.1/Cryptlib/OpenSSL/Include/ -I/builddir/build/BUILD/shim-16.1/Cryptlib/OpenSSL/crypto -I/builddir/build/BUILD/shim-16.1/Cryptlib/Include -I/builddir/build/BUILD/shim-16.1/gnu-efi/inc -I/builddir/build/BUILD/shim-16.1/gnu-efi/inc/x86_64 -I/builddir/build/BUILD/shim-16.1/gnu-efi/inc/protocol -I/builddir/build/BUILD/shim-16.1/Cryptlib/OpenSSL/crypto/asn1 -I/builddir/build/BUILD/shim-16.1/Cryptlib/OpenSSL/crypto/evp -I/builddir/build/BUILD/shim-16.1/Cryptlib/OpenSSL/crypto/modes -I/builddir/build/BUILD/shim-16.1/Cryptlib/OpenSSL/crypto/include -isystem /builddir/build/BUILD/shim-16.1/include/system -isystem /usr/lib/gcc/x86_64-redhat-linux/11/include -DL_ENDIAN -D_CRT_SECURE_NO_DEPRECATE -D_CRT_NONSTDC_NO_DEPRECATE -DOPENSSL_SMALL_FOOTPRINT -DPEDANTIC -DMDE_CPU_X64   -c -o crypto/rand/rand_err.o /builddir/build/BUILD/shim-16.1/Cryptlib/OpenSSL/crypto/rand/rand_err.c
#13 81.91 gcc -std=gnu11 -ggdb -gdwarf-4 -gstrict-dwarf -ffreestanding -fmacro-prefix-map=/builddir/build/BUILD/shim-16.1/= -fno-stack-protector -fno-strict-aliasing -fpic -fshort-wchar -nostdinc -m64 -mno-mmx -mno-sse -mno-red-zone -maccumulate-outgoing-args -Os -Wall -Wextra -Wno-missing-field-initializers -Wno-empty-body -Wno-implicit-fallthrough -Wno-old-style-declaration -Wno-unused-but-set-variable -Wno-unused-parameter -Werror -Wno-error=unused-but-set-variable -Wno-error=unused-parameter -I/builddir/build/BUILD/shim-16.1/Cryptlib/OpenSSL -I/builddir/build/BUILD/shim-16.1/Cryptlib -I/builddir/build/BUILD/shim-16.1/Cryptlib/OpenSSL/Include/ -I/builddir/build/BUILD/shim-16.1/Cryptlib/OpenSSL/crypto -I/builddir/build/BUILD/shim-16.1/Cryptlib/Include -I/builddir/build/BUILD/shim-16.1/gnu-efi/inc -I/builddir/build/BUILD/shim-16.1/gnu-efi/inc/x86_64 -I/builddir/build/BUILD/shim-16.1/gnu-efi/inc/protocol -I/builddir/build/BUILD/shim-16.1/Cryptlib/OpenSSL/crypto/asn1 -I/builddir/build/BUILD/shim-16.1/Cryptlib/OpenSSL/crypto/evp -I/builddir/build/BUILD/shim-16.1/Cryptlib/OpenSSL/crypto/modes -I/builddir/build/BUILD/shim-16.1/Cryptlib/OpenSSL/crypto/include -isystem /builddir/build/BUILD/shim-16.1/include/system -isystem /usr/lib/gcc/x86_64-redhat-linux/11/include -DL_ENDIAN -D_CRT_SECURE_NO_DEPRECATE -D_CRT_NONSTDC_NO_DEPRECATE -DOPENSSL_SMALL_FOOTPRINT -DPEDANTIC -DMDE_CPU_X64   -c -o crypto/rand/rand_unix.o /builddir/build/BUILD/shim-16.1/Cryptlib/OpenSSL/crypto/rand/rand_unix.c
#13 82.20 gcc -std=gnu11 -ggdb -gdwarf-4 -gstrict-dwarf -ffreestanding -fmacro-prefix-map=/builddir/build/BUILD/shim-16.1/= -fno-stack-protector -fno-strict-aliasing -fpic -fshort-wchar -nostdinc -m64 -mno-mmx -mno-sse -mno-red-zone -maccumulate-outgoing-args -Os -Wall -Wextra -Wno-missing-field-initializers -Wno-empty-body -Wno-implicit-fallthrough -Wno-old-style-declaration -Wno-unused-but-set-variable -Wno-unused-parameter -Werror -Wno-error=unused-but-set-variable -Wno-error=unused-parameter -I/builddir/build/BUILD/shim-16.1/Cryptlib/OpenSSL -I/builddir/build/BUILD/shim-16.1/Cryptlib -I/builddir/build/BUILD/shim-16.1/Cryptlib/OpenSSL/Include/ -I/builddir/build/BUILD/shim-16.1/Cryptlib/OpenSSL/crypto -I/builddir/build/BUILD/shim-16.1/Cryptlib/Include -I/builddir/build/BUILD/shim-16.1/gnu-efi/inc -I/builddir/build/BUILD/shim-16.1/gnu-efi/inc/x86_64 -I/builddir/build/BUILD/shim-16.1/gnu-efi/inc/protocol -I/builddir/build/BUILD/shim-16.1/Cryptlib/OpenSSL/crypto/asn1 -I/builddir/build/BUILD/shim-16.1/Cryptlib/OpenSSL/crypto/evp -I/builddir/build/BUILD/shim-16.1/Cryptlib/OpenSSL/crypto/modes -I/builddir/build/BUILD/shim-16.1/Cryptlib/OpenSSL/crypto/include -isystem /builddir/build/BUILD/shim-16.1/include/system -isystem /usr/lib/gcc/x86_64-redhat-linux/11/include -DL_ENDIAN -D_CRT_SECURE_NO_DEPRECATE -D_CRT_NONSTDC_NO_DEPRECATE -DOPENSSL_SMALL_FOOTPRINT -DPEDANTIC -DMDE_CPU_X64   -c -o crypto/err/err.o /builddir/build/BUILD/shim-16.1/Cryptlib/OpenSSL/crypto/err/err.c
#13 82.82 gcc -std=gnu11 -ggdb -gdwarf-4 -gstrict-dwarf -ffreestanding -fmacro-prefix-map=/builddir/build/BUILD/shim-16.1/= -fno-stack-protector -fno-strict-aliasing -fpic -fshort-wchar -nostdinc -m64 -mno-mmx -mno-sse -mno-red-zone -maccumulate-outgoing-args -Os -Wall -Wextra -Wno-missing-field-initializers -Wno-empty-body -Wno-implicit-fallthrough -Wno-old-style-declaration -Wno-unused-but-set-variable -Wno-unused-parameter -Werror -Wno-error=unused-but-set-variable -Wno-error=unused-parameter -I/builddir/build/BUILD/shim-16.1/Cryptlib/OpenSSL -I/builddir/build/BUILD/shim-16.1/Cryptlib -I/builddir/build/BUILD/shim-16.1/Cryptlib/OpenSSL/Include/ -I/builddir/build/BUILD/shim-16.1/Cryptlib/OpenSSL/crypto -I/builddir/build/BUILD/shim-16.1/Cryptlib/Include -I/builddir/build/BUILD/shim-16.1/gnu-efi/inc -I/builddir/build/BUILD/shim-16.1/gnu-efi/inc/x86_64 -I/builddir/build/BUILD/shim-16.1/gnu-efi/inc/protocol -I/builddir/build/BUILD/shim-16.1/Cryptlib/OpenSSL/crypto/asn1 -I/builddir/build/BUILD/shim-16.1/Cryptlib/OpenSSL/crypto/evp -I/builddir/build/BUILD/shim-16.1/Cryptlib/OpenSSL/crypto/modes -I/builddir/build/BUILD/shim-16.1/Cryptlib/OpenSSL/crypto/include -isystem /builddir/build/BUILD/shim-16.1/include/system -isystem /usr/lib/gcc/x86_64-redhat-linux/11/include -DL_ENDIAN -D_CRT_SECURE_NO_DEPRECATE -D_CRT_NONSTDC_NO_DEPRECATE -DOPENSSL_SMALL_FOOTPRINT -DPEDANTIC -DMDE_CPU_X64   -c -o crypto/err/err_all.o /builddir/build/BUILD/shim-16.1/Cryptlib/OpenSSL/crypto/err/err_all.c
#13 83.13 gcc -std=gnu11 -ggdb -gdwarf-4 -gstrict-dwarf -ffreestanding -fmacro-prefix-map=/builddir/build/BUILD/shim-16.1/= -fno-stack-protector -fno-strict-aliasing -fpic -fshort-wchar -nostdinc -m64 -mno-mmx -mno-sse -mno-red-zone -maccumulate-outgoing-args -Os -Wall -Wextra -Wno-missing-field-initializers -Wno-empty-body -Wno-implicit-fallthrough -Wno-old-style-declaration -Wno-unused-but-set-variable -Wno-unused-parameter -Werror -Wno-error=unused-but-set-variable -Wno-error=unused-parameter -I/builddir/build/BUILD/shim-16.1/Cryptlib/OpenSSL -I/builddir/build/BUILD/shim-16.1/Cryptlib -I/builddir/build/BUILD/shim-16.1/Cryptlib/OpenSSL/Include/ -I/builddir/build/BUILD/shim-16.1/Cryptlib/OpenSSL/crypto -I/builddir/build/BUILD/shim-16.1/Cryptlib/Include -I/builddir/build/BUILD/shim-16.1/gnu-efi/inc -I/builddir/build/BUILD/shim-16.1/gnu-efi/inc/x86_64 -I/builddir/build/BUILD/shim-16.1/gnu-efi/inc/protocol -I/builddir/build/BUILD/shim-16.1/Cryptlib/OpenSSL/crypto/asn1 -I/builddir/build/BUILD/shim-16.1/Cryptlib/OpenSSL/crypto/evp -I/builddir/build/BUILD/shim-16.1/Cryptlib/OpenSSL/crypto/modes -I/builddir/build/BUILD/shim-16.1/Cryptlib/OpenSSL/crypto/include -isystem /builddir/build/BUILD/shim-16.1/include/system -isystem /usr/lib/gcc/x86_64-redhat-linux/11/include -DL_ENDIAN -D_CRT_SECURE_NO_DEPRECATE -D_CRT_NONSTDC_NO_DEPRECATE -DOPENSSL_SMALL_FOOTPRINT -DPEDANTIC -DMDE_CPU_X64   -c -o crypto/err/err_prn.o /builddir/build/BUILD/shim-16.1/Cryptlib/OpenSSL/crypto/err/err_prn.c
#13 83.52 gcc -std=gnu11 -ggdb -gdwarf-4 -gstrict-dwarf -ffreestanding -fmacro-prefix-map=/builddir/build/BUILD/shim-16.1/= -fno-stack-protector -fno-strict-aliasing -fpic -fshort-wchar -nostdinc -m64 -mno-mmx -mno-sse -mno-red-zone -maccumulate-outgoing-args -Os -Wall -Wextra -Wno-missing-field-initializers -Wno-empty-body -Wno-implicit-fallthrough -Wno-old-style-declaration -Wno-unused-but-set-variable -Wno-unused-parameter -Werror -Wno-error=unused-but-set-variable -Wno-error=unused-parameter -I/builddir/build/BUILD/shim-16.1/Cryptlib/OpenSSL -I/builddir/build/BUILD/shim-16.1/Cryptlib -I/builddir/build/BUILD/shim-16.1/Cryptlib/OpenSSL/Include/ -I/builddir/build/BUILD/shim-16.1/Cryptlib/OpenSSL/crypto -I/builddir/build/BUILD/shim-16.1/Cryptlib/Include -I/builddir/build/BUILD/shim-16.1/gnu-efi/inc -I/builddir/build/BUILD/shim-16.1/gnu-efi/inc/x86_64 -I/builddir/build/BUILD/shim-16.1/gnu-efi/inc/protocol -I/builddir/build/BUILD/shim-16.1/Cryptlib/OpenSSL/crypto/asn1 -I/builddir/build/BUILD/shim-16.1/Cryptlib/OpenSSL/crypto/evp -I/builddir/build/BUILD/shim-16.1/Cryptlib/OpenSSL/crypto/modes -I/builddir/build/BUILD/shim-16.1/Cryptlib/OpenSSL/crypto/include -isystem /builddir/build/BUILD/shim-16.1/include/system -isystem /usr/lib/gcc/x86_64-redhat-linux/11/include -DL_ENDIAN -D_CRT_SECURE_NO_DEPRECATE -D_CRT_NONSTDC_NO_DEPRECATE -DOPENSSL_SMALL_FOOTPRINT -DPEDANTIC -DMDE_CPU_X64   -c -o crypto/objects/o_names.o /builddir/build/BUILD/shim-16.1/Cryptlib/OpenSSL/crypto/objects/o_names.c
#13 84.03 gcc -std=gnu11 -ggdb -gdwarf-4 -gstrict-dwarf -ffreestanding -fmacro-prefix-map=/builddir/build/BUILD/shim-16.1/= -fno-stack-protector -fno-strict-aliasing -fpic -fshort-wchar -nostdinc -m64 -mno-mmx -mno-sse -mno-red-zone -maccumulate-outgoing-args -Os -Wall -Wextra -Wno-missing-field-initializers -Wno-empty-body -Wno-implicit-fallthrough -Wno-old-style-declaration -Wno-unused-but-set-variable -Wno-unused-parameter -Werror -Wno-error=unused-but-set-variable -Wno-error=unused-parameter -I/builddir/build/BUILD/shim-16.1/Cryptlib/OpenSSL -I/builddir/build/BUILD/shim-16.1/Cryptlib -I/builddir/build/BUILD/shim-16.1/Cryptlib/OpenSSL/Include/ -I/builddir/build/BUILD/shim-16.1/Cryptlib/OpenSSL/crypto -I/builddir/build/BUILD/shim-16.1/Cryptlib/Include -I/builddir/build/BUILD/shim-16.1/gnu-efi/inc -I/builddir/build/BUILD/shim-16.1/gnu-efi/inc/x86_64 -I/builddir/build/BUILD/shim-16.1/gnu-efi/inc/protocol -I/builddir/build/BUILD/shim-16.1/Cryptlib/OpenSSL/crypto/asn1 -I/builddir/build/BUILD/shim-16.1/Cryptlib/OpenSSL/crypto/evp -I/builddir/build/BUILD/shim-16.1/Cryptlib/OpenSSL/crypto/modes -I/builddir/build/BUILD/shim-16.1/Cryptlib/OpenSSL/crypto/include -isystem /builddir/build/BUILD/shim-16.1/include/system -isystem /usr/lib/gcc/x86_64-redhat-linux/11/include -DL_ENDIAN -D_CRT_SECURE_NO_DEPRECATE -D_CRT_NONSTDC_NO_DEPRECATE -DOPENSSL_SMALL_FOOTPRINT -DPEDANTIC -DMDE_CPU_X64   -c -o crypto/objects/obj_dat.o /builddir/build/BUILD/shim-16.1/Cryptlib/OpenSSL/crypto/objects/obj_dat.c
#13 84.69 gcc -std=gnu11 -ggdb -gdwarf-4 -gstrict-dwarf -ffreestanding -fmacro-prefix-map=/builddir/build/BUILD/shim-16.1/= -fno-stack-protector -fno-strict-aliasing -fpic -fshort-wchar -nostdinc -m64 -mno-mmx -mno-sse -mno-red-zone -maccumulate-outgoing-args -Os -Wall -Wextra -Wno-missing-field-initializers -Wno-empty-body -Wno-implicit-fallthrough -Wno-old-style-declaration -Wno-unused-but-set-variable -Wno-unused-parameter -Werror -Wno-error=unused-but-set-variable -Wno-error=unused-parameter -I/builddir/build/BUILD/shim-16.1/Cryptlib/OpenSSL -I/builddir/build/BUILD/shim-16.1/Cryptlib -I/builddir/build/BUILD/shim-16.1/Cryptlib/OpenSSL/Include/ -I/builddir/build/BUILD/shim-16.1/Cryptlib/OpenSSL/crypto -I/builddir/build/BUILD/shim-16.1/Cryptlib/Include -I/builddir/build/BUILD/shim-16.1/gnu-efi/inc -I/builddir/build/BUILD/shim-16.1/gnu-efi/inc/x86_64 -I/builddir/build/BUILD/shim-16.1/gnu-efi/inc/protocol -I/builddir/build/BUILD/shim-16.1/Cryptlib/OpenSSL/crypto/asn1 -I/builddir/build/BUILD/shim-16.1/Cryptlib/OpenSSL/crypto/evp -I/builddir/build/BUILD/shim-16.1/Cryptlib/OpenSSL/crypto/modes -I/builddir/build/BUILD/shim-16.1/Cryptlib/OpenSSL/crypto/include -isystem /builddir/build/BUILD/shim-16.1/include/system -isystem /usr/lib/gcc/x86_64-redhat-linux/11/include -DL_ENDIAN -D_CRT_SECURE_NO_DEPRECATE -D_CRT_NONSTDC_NO_DEPRECATE -DOPENSSL_SMALL_FOOTPRINT -DPEDANTIC -DMDE_CPU_X64   -c -o crypto/objects/obj_lib.o /builddir/build/BUILD/shim-16.1/Cryptlib/OpenSSL/crypto/objects/obj_lib.c
#13 85.11 gcc -std=gnu11 -ggdb -gdwarf-4 -gstrict-dwarf -ffreestanding -fmacro-prefix-map=/builddir/build/BUILD/shim-16.1/= -fno-stack-protector -fno-strict-aliasing -fpic -fshort-wchar -nostdinc -m64 -mno-mmx -mno-sse -mno-red-zone -maccumulate-outgoing-args -Os -Wall -Wextra -Wno-missing-field-initializers -Wno-empty-body -Wno-implicit-fallthrough -Wno-old-style-declaration -Wno-unused-but-set-variable -Wno-unused-parameter -Werror -Wno-error=unused-but-set-variable -Wno-error=unused-parameter -I/builddir/build/BUILD/shim-16.1/Cryptlib/OpenSSL -I/builddir/build/BUILD/shim-16.1/Cryptlib -I/builddir/build/BUILD/shim-16.1/Cryptlib/OpenSSL/Include/ -I/builddir/build/BUILD/shim-16.1/Cryptlib/OpenSSL/crypto -I/builddir/build/BUILD/shim-16.1/Cryptlib/Include -I/builddir/build/BUILD/shim-16.1/gnu-efi/inc -I/builddir/build/BUILD/shim-16.1/gnu-efi/inc/x86_64 -I/builddir/build/BUILD/shim-16.1/gnu-efi/inc/protocol -I/builddir/build/BUILD/shim-16.1/Cryptlib/OpenSSL/crypto/asn1 -I/builddir/build/BUILD/shim-16.1/Cryptlib/OpenSSL/crypto/evp -I/builddir/build/BUILD/shim-16.1/Cryptlib/OpenSSL/crypto/modes -I/builddir/build/BUILD/shim-16.1/Cryptlib/OpenSSL/crypto/include -isystem /builddir/build/BUILD/shim-16.1/include/system -isystem /usr/lib/gcc/x86_64-redhat-linux/11/include -DL_ENDIAN -D_CRT_SECURE_NO_DEPRECATE -D_CRT_NONSTDC_NO_DEPRECATE -DOPENSSL_SMALL_FOOTPRINT -DPEDANTIC -DMDE_CPU_X64   -c -o crypto/objects/obj_err.o /builddir/build/BUILD/shim-16.1/Cryptlib/OpenSSL/crypto/objects/obj_err.c
#13 85.37 gcc -std=gnu11 -ggdb -gdwarf-4 -gstrict-dwarf -ffreestanding -fmacro-prefix-map=/builddir/build/BUILD/shim-16.1/= -fno-stack-protector -fno-strict-aliasing -fpic -fshort-wchar -nostdinc -m64 -mno-mmx -mno-sse -mno-red-zone -maccumulate-outgoing-args -Os -Wall -Wextra -Wno-missing-field-initializers -Wno-empty-body -Wno-implicit-fallthrough -Wno-old-style-declaration -Wno-unused-but-set-variable -Wno-unused-parameter -Werror -Wno-error=unused-but-set-variable -Wno-error=unused-parameter -I/builddir/build/BUILD/shim-16.1/Cryptlib/OpenSSL -I/builddir/build/BUILD/shim-16.1/Cryptlib -I/builddir/build/BUILD/shim-16.1/Cryptlib/OpenSSL/Include/ -I/builddir/build/BUILD/shim-16.1/Cryptlib/OpenSSL/crypto -I/builddir/build/BUILD/shim-16.1/Cryptlib/Include -I/builddir/build/BUILD/shim-16.1/gnu-efi/inc -I/builddir/build/BUILD/shim-16.1/gnu-efi/inc/x86_64 -I/builddir/build/BUILD/shim-16.1/gnu-efi/inc/protocol -I/builddir/build/BUILD/shim-16.1/Cryptlib/OpenSSL/crypto/asn1 -I/builddir/build/BUILD/shim-16.1/Cryptlib/OpenSSL/crypto/evp -I/builddir/build/BUILD/shim-16.1/Cryptlib/OpenSSL/crypto/modes -I/builddir/build/BUILD/shim-16.1/Cryptlib/OpenSSL/crypto/include -isystem /builddir/build/BUILD/shim-16.1/include/system -isystem /usr/lib/gcc/x86_64-redhat-linux/11/include -DL_ENDIAN -D_CRT_SECURE_NO_DEPRECATE -D_CRT_NONSTDC_NO_DEPRECATE -DOPENSSL_SMALL_FOOTPRINT -DPEDANTIC -DMDE_CPU_X64   -c -o crypto/objects/obj_xref.o /builddir/build/BUILD/shim-16.1/Cryptlib/OpenSSL/crypto/objects/obj_xref.c
#13 85.80 gcc -std=gnu11 -ggdb -gdwarf-4 -gstrict-dwarf -ffreestanding -fmacro-prefix-map=/builddir/build/BUILD/shim-16.1/= -fno-stack-protector -fno-strict-aliasing -fpic -fshort-wchar -nostdinc -m64 -mno-mmx -mno-sse -mno-red-zone -maccumulate-outgoing-args -Os -Wall -Wextra -Wno-missing-field-initializers -Wno-empty-body -Wno-implicit-fallthrough -Wno-old-style-declaration -Wno-unused-but-set-variable -Wno-unused-parameter -Werror -Wno-error=unused-but-set-variable -Wno-error=unused-parameter -I/builddir/build/BUILD/shim-16.1/Cryptlib/OpenSSL -I/builddir/build/BUILD/shim-16.1/Cryptlib -I/builddir/build/BUILD/shim-16.1/Cryptlib/OpenSSL/Include/ -I/builddir/build/BUILD/shim-16.1/Cryptlib/OpenSSL/crypto -I/builddir/build/BUILD/shim-16.1/Cryptlib/Include -I/builddir/build/BUILD/shim-16.1/gnu-efi/inc -I/builddir/build/BUILD/shim-16.1/gnu-efi/inc/x86_64 -I/builddir/build/BUILD/shim-16.1/gnu-efi/inc/protocol -I/builddir/build/BUILD/shim-16.1/Cryptlib/OpenSSL/crypto/asn1 -I/builddir/build/BUILD/shim-16.1/Cryptlib/OpenSSL/crypto/evp -I/builddir/build/BUILD/shim-16.1/Cryptlib/OpenSSL/crypto/modes -I/builddir/build/BUILD/shim-16.1/Cryptlib/OpenSSL/crypto/include -isystem /builddir/build/BUILD/shim-16.1/include/system -isystem /usr/lib/gcc/x86_64-redhat-linux/11/include -DL_ENDIAN -D_CRT_SECURE_NO_DEPRECATE -D_CRT_NONSTDC_NO_DEPRECATE -DOPENSSL_SMALL_FOOTPRINT -DPEDANTIC -DMDE_CPU_X64   -c -o crypto/evp/encode.o /builddir/build/BUILD/shim-16.1/Cryptlib/OpenSSL/crypto/evp/encode.c
#13 86.33 gcc -std=gnu11 -ggdb -gdwarf-4 -gstrict-dwarf -ffreestanding -fmacro-prefix-map=/builddir/build/BUILD/shim-16.1/= -fno-stack-protector -fno-strict-aliasing -fpic -fshort-wchar -nostdinc -m64 -mno-mmx -mno-sse -mno-red-zone -maccumulate-outgoing-args -Os -Wall -Wextra -Wno-missing-field-initializers -Wno-empty-body -Wno-implicit-fallthrough -Wno-old-style-declaration -Wno-unused-but-set-variable -Wno-unused-parameter -Werror -Wno-error=unused-but-set-variable -Wno-error=unused-parameter -I/builddir/build/BUILD/shim-16.1/Cryptlib/OpenSSL -I/builddir/build/BUILD/shim-16.1/Cryptlib -I/builddir/build/BUILD/shim-16.1/Cryptlib/OpenSSL/Include/ -I/builddir/build/BUILD/shim-16.1/Cryptlib/OpenSSL/crypto -I/builddir/build/BUILD/shim-16.1/Cryptlib/Include -I/builddir/build/BUILD/shim-16.1/gnu-efi/inc -I/builddir/build/BUILD/shim-16.1/gnu-efi/inc/x86_64 -I/builddir/build/BUILD/shim-16.1/gnu-efi/inc/protocol -I/builddir/build/BUILD/shim-16.1/Cryptlib/OpenSSL/crypto/asn1 -I/builddir/build/BUILD/shim-16.1/Cryptlib/OpenSSL/crypto/evp -I/builddir/build/BUILD/shim-16.1/Cryptlib/OpenSSL/crypto/modes -I/builddir/build/BUILD/shim-16.1/Cryptlib/OpenSSL/crypto/include -isystem /builddir/build/BUILD/shim-16.1/include/system -isystem /usr/lib/gcc/x86_64-redhat-linux/11/include -DL_ENDIAN -D_CRT_SECURE_NO_DEPRECATE -D_CRT_NONSTDC_NO_DEPRECATE -DOPENSSL_SMALL_FOOTPRINT -DPEDANTIC -DMDE_CPU_X64   -c -o crypto/evp/digest.o /builddir/build/BUILD/shim-16.1/Cryptlib/OpenSSL/crypto/evp/digest.c
#13 86.78 gcc -std=gnu11 -ggdb -gdwarf-4 -gstrict-dwarf -ffreestanding -fmacro-prefix-map=/builddir/build/BUILD/shim-16.1/= -fno-stack-protector -fno-strict-aliasing -fpic -fshort-wchar -nostdinc -m64 -mno-mmx -mno-sse -mno-red-zone -maccumulate-outgoing-args -Os -Wall -Wextra -Wno-missing-field-initializers -Wno-empty-body -Wno-implicit-fallthrough -Wno-old-style-declaration -Wno-unused-but-set-variable -Wno-unused-parameter -Werror -Wno-error=unused-but-set-variable -Wno-error=unused-parameter -I/builddir/build/BUILD/shim-16.1/Cryptlib/OpenSSL -I/builddir/build/BUILD/shim-16.1/Cryptlib -I/builddir/build/BUILD/shim-16.1/Cryptlib/OpenSSL/Include/ -I/builddir/build/BUILD/shim-16.1/Cryptlib/OpenSSL/crypto -I/builddir/build/BUILD/shim-16.1/Cryptlib/Include -I/builddir/build/BUILD/shim-16.1/gnu-efi/inc -I/builddir/build/BUILD/shim-16.1/gnu-efi/inc/x86_64 -I/builddir/build/BUILD/shim-16.1/gnu-efi/inc/protocol -I/builddir/build/BUILD/shim-16.1/Cryptlib/OpenSSL/crypto/asn1 -I/builddir/build/BUILD/shim-16.1/Cryptlib/OpenSSL/crypto/evp -I/builddir/build/BUILD/shim-16.1/Cryptlib/OpenSSL/crypto/modes -I/builddir/build/BUILD/shim-16.1/Cryptlib/OpenSSL/crypto/include -isystem /builddir/build/BUILD/shim-16.1/include/system -isystem /usr/lib/gcc/x86_64-redhat-linux/11/include -DL_ENDIAN -D_CRT_SECURE_NO_DEPRECATE -D_CRT_NONSTDC_NO_DEPRECATE -DOPENSSL_SMALL_FOOTPRINT -DPEDANTIC -DMDE_CPU_X64   -c -o crypto/evp/evp_enc.o /builddir/build/BUILD/shim-16.1/Cryptlib/OpenSSL/crypto/evp/evp_enc.c
#13 87.33 gcc -std=gnu11 -ggdb -gdwarf-4 -gstrict-dwarf -ffreestanding -fmacro-prefix-map=/builddir/build/BUILD/shim-16.1/= -fno-stack-protector -fno-strict-aliasing -fpic -fshort-wchar -nostdinc -m64 -mno-mmx -mno-sse -mno-red-zone -maccumulate-outgoing-args -Os -Wall -Wextra -Wno-missing-field-initializers -Wno-empty-body -Wno-implicit-fallthrough -Wno-old-style-declaration -Wno-unused-but-set-variable -Wno-unused-parameter -Werror -Wno-error=unused-but-set-variable -Wno-error=unused-parameter -I/builddir/build/BUILD/shim-16.1/Cryptlib/OpenSSL -I/builddir/build/BUILD/shim-16.1/Cryptlib -I/builddir/build/BUILD/shim-16.1/Cryptlib/OpenSSL/Include/ -I/builddir/build/BUILD/shim-16.1/Cryptlib/OpenSSL/crypto -I/builddir/build/BUILD/shim-16.1/Cryptlib/Include -I/builddir/build/BUILD/shim-16.1/gnu-efi/inc -I/builddir/build/BUILD/shim-16.1/gnu-efi/inc/x86_64 -I/builddir/build/BUILD/shim-16.1/gnu-efi/inc/protocol -I/builddir/build/BUILD/shim-16.1/Cryptlib/OpenSSL/crypto/asn1 -I/builddir/build/BUILD/shim-16.1/Cryptlib/OpenSSL/crypto/evp -I/builddir/build/BUILD/shim-16.1/Cryptlib/OpenSSL/crypto/modes -I/builddir/build/BUILD/shim-16.1/Cryptlib/OpenSSL/crypto/include -isystem /builddir/build/BUILD/shim-16.1/include/system -isystem /usr/lib/gcc/x86_64-redhat-linux/11/include -DL_ENDIAN -D_CRT_SECURE_NO_DEPRECATE -D_CRT_NONSTDC_NO_DEPRECATE -DOPENSSL_SMALL_FOOTPRINT -DPEDANTIC -DMDE_CPU_X64   -c -o crypto/evp/evp_key.o /builddir/build/BUILD/shim-16.1/Cryptlib/OpenSSL/crypto/evp/evp_key.c
#13 87.80 gcc -std=gnu11 -ggdb -gdwarf-4 -gstrict-dwarf -ffreestanding -fmacro-prefix-map=/builddir/build/BUILD/shim-16.1/= -fno-stack-protector -fno-strict-aliasing -fpic -fshort-wchar -nostdinc -m64 -mno-mmx -mno-sse -mno-red-zone -maccumulate-outgoing-args -Os -Wall -Wextra -Wno-missing-field-initializers -Wno-empty-body -Wno-implicit-fallthrough -Wno-old-style-declaration -Wno-unused-but-set-variable -Wno-unused-parameter -Werror -Wno-error=unused-but-set-variable -Wno-error=unused-parameter -I/builddir/build/BUILD/shim-16.1/Cryptlib/OpenSSL -I/builddir/build/BUILD/shim-16.1/Cryptlib -I/builddir/build/BUILD/shim-16.1/Cryptlib/OpenSSL/Include/ -I/builddir/build/BUILD/shim-16.1/Cryptlib/OpenSSL/crypto -I/builddir/build/BUILD/shim-16.1/Cryptlib/Include -I/builddir/build/BUILD/shim-16.1/gnu-efi/inc -I/builddir/build/BUILD/shim-16.1/gnu-efi/inc/x86_64 -I/builddir/build/BUILD/shim-16.1/gnu-efi/inc/protocol -I/builddir/build/BUILD/shim-16.1/Cryptlib/OpenSSL/crypto/asn1 -I/builddir/build/BUILD/shim-16.1/Cryptlib/OpenSSL/crypto/evp -I/builddir/build/BUILD/shim-16.1/Cryptlib/OpenSSL/crypto/modes -I/builddir/build/BUILD/shim-16.1/Cryptlib/OpenSSL/crypto/include -isystem /builddir/build/BUILD/shim-16.1/include/system -isystem /usr/lib/gcc/x86_64-redhat-linux/11/include -DL_ENDIAN -D_CRT_SECURE_NO_DEPRECATE -D_CRT_NONSTDC_NO_DEPRECATE -DOPENSSL_SMALL_FOOTPRINT -DPEDANTIC -DMDE_CPU_X64   -c -o crypto/evp/evp_acnf.o /builddir/build/BUILD/shim-16.1/Cryptlib/OpenSSL/crypto/evp/evp_acnf.c
#13 88.10 gcc -std=gnu11 -ggdb -gdwarf-4 -gstrict-dwarf -ffreestanding -fmacro-prefix-map=/builddir/build/BUILD/shim-16.1/= -fno-stack-protector -fno-strict-aliasing -fpic -fshort-wchar -nostdinc -m64 -mno-mmx -mno-sse -mno-red-zone -maccumulate-outgoing-args -Os -Wall -Wextra -Wno-missing-field-initializers -Wno-empty-body -Wno-implicit-fallthrough -Wno-old-style-declaration -Wno-unused-but-set-variable -Wno-unused-parameter -Werror -Wno-error=unused-but-set-variable -Wno-error=unused-parameter -I/builddir/build/BUILD/shim-16.1/Cryptlib/OpenSSL -I/builddir/build/BUILD/shim-16.1/Cryptlib -I/builddir/build/BUILD/shim-16.1/Cryptlib/OpenSSL/Include/ -I/builddir/build/BUILD/shim-16.1/Cryptlib/OpenSSL/crypto -I/builddir/build/BUILD/shim-16.1/Cryptlib/Include -I/builddir/build/BUILD/shim-16.1/gnu-efi/inc -I/builddir/build/BUILD/shim-16.1/gnu-efi/inc/x86_64 -I/builddir/build/BUILD/shim-16.1/gnu-efi/inc/protocol -I/builddir/build/BUILD/shim-16.1/Cryptlib/OpenSSL/crypto/asn1 -I/builddir/build/BUILD/shim-16.1/Cryptlib/OpenSSL/crypto/evp -I/builddir/build/BUILD/shim-16.1/Cryptlib/OpenSSL/crypto/modes -I/builddir/build/BUILD/shim-16.1/Cryptlib/OpenSSL/crypto/include -isystem /builddir/build/BUILD/shim-16.1/include/system -isystem /usr/lib/gcc/x86_64-redhat-linux/11/include -DL_ENDIAN -D_CRT_SECURE_NO_DEPRECATE -D_CRT_NONSTDC_NO_DEPRECATE -DOPENSSL_SMALL_FOOTPRINT -DPEDANTIC -DMDE_CPU_X64   -c -o crypto/evp/evp_cnf.o /builddir/build/BUILD/shim-16.1/Cryptlib/OpenSSL/crypto/evp/evp_cnf.c
#13 88.52 gcc -std=gnu11 -ggdb -gdwarf-4 -gstrict-dwarf -ffreestanding -fmacro-prefix-map=/builddir/build/BUILD/shim-16.1/= -fno-stack-protector -fno-strict-aliasing -fpic -fshort-wchar -nostdinc -m64 -mno-mmx -mno-sse -mno-red-zone -maccumulate-outgoing-args -Os -Wall -Wextra -Wno-missing-field-initializers -Wno-empty-body -Wno-implicit-fallthrough -Wno-old-style-declaration -Wno-unused-but-set-variable -Wno-unused-parameter -Werror -Wno-error=unused-but-set-variable -Wno-error=unused-parameter -I/builddir/build/BUILD/shim-16.1/Cryptlib/OpenSSL -I/builddir/build/BUILD/shim-16.1/Cryptlib -I/builddir/build/BUILD/shim-16.1/Cryptlib/OpenSSL/Include/ -I/builddir/build/BUILD/shim-16.1/Cryptlib/OpenSSL/crypto -I/builddir/build/BUILD/shim-16.1/Cryptlib/Include -I/builddir/build/BUILD/shim-16.1/gnu-efi/inc -I/builddir/build/BUILD/shim-16.1/gnu-efi/inc/x86_64 -I/builddir/build/BUILD/shim-16.1/gnu-efi/inc/protocol -I/builddir/build/BUILD/shim-16.1/Cryptlib/OpenSSL/crypto/asn1 -I/builddir/build/BUILD/shim-16.1/Cryptlib/OpenSSL/crypto/evp -I/builddir/build/BUILD/shim-16.1/Cryptlib/OpenSSL/crypto/modes -I/builddir/build/BUILD/shim-16.1/Cryptlib/OpenSSL/crypto/include -isystem /builddir/build/BUILD/shim-16.1/include/system -isystem /usr/lib/gcc/x86_64-redhat-linux/11/include -DL_ENDIAN -D_CRT_SECURE_NO_DEPRECATE -D_CRT_NONSTDC_NO_DEPRECATE -DOPENSSL_SMALL_FOOTPRINT -DPEDANTIC -DMDE_CPU_X64   -c -o crypto/evp/e_des.o /builddir/build/BUILD/shim-16.1/Cryptlib/OpenSSL/crypto/evp/e_des.c
#13 88.69 gcc -std=gnu11 -ggdb -gdwarf-4 -gstrict-dwarf -ffreestanding -fmacro-prefix-map=/builddir/build/BUILD/shim-16.1/= -fno-stack-protector -fno-strict-aliasing -fpic -fshort-wchar -nostdinc -m64 -mno-mmx -mno-sse -mno-red-zone -maccumulate-outgoing-args -Os -Wall -Wextra -Wno-missing-field-initializers -Wno-empty-body -Wno-implicit-fallthrough -Wno-old-style-declaration -Wno-unused-but-set-variable -Wno-unused-parameter -Werror -Wno-error=unused-but-set-variable -Wno-error=unused-parameter -I/builddir/build/BUILD/shim-16.1/Cryptlib/OpenSSL -I/builddir/build/BUILD/shim-16.1/Cryptlib -I/builddir/build/BUILD/shim-16.1/Cryptlib/OpenSSL/Include/ -I/builddir/build/BUILD/shim-16.1/Cryptlib/OpenSSL/crypto -I/builddir/build/BUILD/shim-16.1/Cryptlib/Include -I/builddir/build/BUILD/shim-16.1/gnu-efi/inc -I/builddir/build/BUILD/shim-16.1/gnu-efi/inc/x86_64 -I/builddir/build/BUILD/shim-16.1/gnu-efi/inc/protocol -I/builddir/build/BUILD/shim-16.1/Cryptlib/OpenSSL/crypto/asn1 -I/builddir/build/BUILD/shim-16.1/Cryptlib/OpenSSL/crypto/evp -I/builddir/build/BUILD/shim-16.1/Cryptlib/OpenSSL/crypto/modes -I/builddir/build/BUILD/shim-16.1/Cryptlib/OpenSSL/crypto/include -isystem /builddir/build/BUILD/shim-16.1/include/system -isystem /usr/lib/gcc/x86_64-redhat-linux/11/include -DL_ENDIAN -D_CRT_SECURE_NO_DEPRECATE -D_CRT_NONSTDC_NO_DEPRECATE -DOPENSSL_SMALL_FOOTPRINT -DPEDANTIC -DMDE_CPU_X64   -c -o crypto/evp/e_bf.o /builddir/build/BUILD/shim-16.1/Cryptlib/OpenSSL/crypto/evp/e_bf.c
#13 88.86 gcc -std=gnu11 -ggdb -gdwarf-4 -gstrict-dwarf -ffreestanding -fmacro-prefix-map=/builddir/build/BUILD/shim-16.1/= -fno-stack-protector -fno-strict-aliasing -fpic -fshort-wchar -nostdinc -m64 -mno-mmx -mno-sse -mno-red-zone -maccumulate-outgoing-args -Os -Wall -Wextra -Wno-missing-field-initializers -Wno-empty-body -Wno-implicit-fallthrough -Wno-old-style-declaration -Wno-unused-but-set-variable -Wno-unused-parameter -Werror -Wno-error=unused-but-set-variable -Wno-error=unused-parameter -I/builddir/build/BUILD/shim-16.1/Cryptlib/OpenSSL -I/builddir/build/BUILD/shim-16.1/Cryptlib -I/builddir/build/BUILD/shim-16.1/Cryptlib/OpenSSL/Include/ -I/builddir/build/BUILD/shim-16.1/Cryptlib/OpenSSL/crypto -I/builddir/build/BUILD/shim-16.1/Cryptlib/Include -I/builddir/build/BUILD/shim-16.1/gnu-efi/inc -I/builddir/build/BUILD/shim-16.1/gnu-efi/inc/x86_64 -I/builddir/build/BUILD/shim-16.1/gnu-efi/inc/protocol -I/builddir/build/BUILD/shim-16.1/Cryptlib/OpenSSL/crypto/asn1 -I/builddir/build/BUILD/shim-16.1/Cryptlib/OpenSSL/crypto/evp -I/builddir/build/BUILD/shim-16.1/Cryptlib/OpenSSL/crypto/modes -I/builddir/build/BUILD/shim-16.1/Cryptlib/OpenSSL/crypto/include -isystem /builddir/build/BUILD/shim-16.1/include/system -isystem /usr/lib/gcc/x86_64-redhat-linux/11/include -DL_ENDIAN -D_CRT_SECURE_NO_DEPRECATE -D_CRT_NONSTDC_NO_DEPRECATE -DOPENSSL_SMALL_FOOTPRINT -DPEDANTIC -DMDE_CPU_X64   -c -o crypto/evp/e_idea.o /builddir/build/BUILD/shim-16.1/Cryptlib/OpenSSL/crypto/evp/e_idea.c
#13 89.03 gcc -std=gnu11 -ggdb -gdwarf-4 -gstrict-dwarf -ffreestanding -fmacro-prefix-map=/builddir/build/BUILD/shim-16.1/= -fno-stack-protector -fno-strict-aliasing -fpic -fshort-wchar -nostdinc -m64 -mno-mmx -mno-sse -mno-red-zone -maccumulate-outgoing-args -Os -Wall -Wextra -Wno-missing-field-initializers -Wno-empty-body -Wno-implicit-fallthrough -Wno-old-style-declaration -Wno-unused-but-set-variable -Wno-unused-parameter -Werror -Wno-error=unused-but-set-variable -Wno-error=unused-parameter -I/builddir/build/BUILD/shim-16.1/Cryptlib/OpenSSL -I/builddir/build/BUILD/shim-16.1/Cryptlib -I/builddir/build/BUILD/shim-16.1/Cryptlib/OpenSSL/Include/ -I/builddir/build/BUILD/shim-16.1/Cryptlib/OpenSSL/crypto -I/builddir/build/BUILD/shim-16.1/Cryptlib/Include -I/builddir/build/BUILD/shim-16.1/gnu-efi/inc -I/builddir/build/BUILD/shim-16.1/gnu-efi/inc/x86_64 -I/builddir/build/BUILD/shim-16.1/gnu-efi/inc/protocol -I/builddir/build/BUILD/shim-16.1/Cryptlib/OpenSSL/crypto/asn1 -I/builddir/build/BUILD/shim-16.1/Cryptlib/OpenSSL/crypto/evp -I/builddir/build/BUILD/shim-16.1/Cryptlib/OpenSSL/crypto/modes -I/builddir/build/BUILD/shim-16.1/Cryptlib/OpenSSL/crypto/include -isystem /builddir/build/BUILD/shim-16.1/include/system -isystem /usr/lib/gcc/x86_64-redhat-linux/11/include -DL_ENDIAN -D_CRT_SECURE_NO_DEPRECATE -D_CRT_NONSTDC_NO_DEPRECATE -DOPENSSL_SMALL_FOOTPRINT -DPEDANTIC -DMDE_CPU_X64   -c -o crypto/evp/e_des3.o /builddir/build/BUILD/shim-16.1/Cryptlib/OpenSSL/crypto/evp/e_des3.c
#13 89.20 gcc -std=gnu11 -ggdb -gdwarf-4 -gstrict-dwarf -ffreestanding -fmacro-prefix-map=/builddir/build/BUILD/shim-16.1/= -fno-stack-protector -fno-strict-aliasing -fpic -fshort-wchar -nostdinc -m64 -mno-mmx -mno-sse -mno-red-zone -maccumulate-outgoing-args -Os -Wall -Wextra -Wno-missing-field-initializers -Wno-empty-body -Wno-implicit-fallthrough -Wno-old-style-declaration -Wno-unused-but-set-variable -Wno-unused-parameter -Werror -Wno-error=unused-but-set-variable -Wno-error=unused-parameter -I/builddir/build/BUILD/shim-16.1/Cryptlib/OpenSSL -I/builddir/build/BUILD/shim-16.1/Cryptlib -I/builddir/build/BUILD/shim-16.1/Cryptlib/OpenSSL/Include/ -I/builddir/build/BUILD/shim-16.1/Cryptlib/OpenSSL/crypto -I/builddir/build/BUILD/shim-16.1/Cryptlib/Include -I/builddir/build/BUILD/shim-16.1/gnu-efi/inc -I/builddir/build/BUILD/shim-16.1/gnu-efi/inc/x86_64 -I/builddir/build/BUILD/shim-16.1/gnu-efi/inc/protocol -I/builddir/build/BUILD/shim-16.1/Cryptlib/OpenSSL/crypto/asn1 -I/builddir/build/BUILD/shim-16.1/Cryptlib/OpenSSL/crypto/evp -I/builddir/build/BUILD/shim-16.1/Cryptlib/OpenSSL/crypto/modes -I/builddir/build/BUILD/shim-16.1/Cryptlib/OpenSSL/crypto/include -isystem /builddir/build/BUILD/shim-16.1/include/system -isystem /usr/lib/gcc/x86_64-redhat-linux/11/include -DL_ENDIAN -D_CRT_SECURE_NO_DEPRECATE -D_CRT_NONSTDC_NO_DEPRECATE -DOPENSSL_SMALL_FOOTPRINT -DPEDANTIC -DMDE_CPU_X64   -c -o crypto/evp/e_camellia.o /builddir/build/BUILD/shim-16.1/Cryptlib/OpenSSL/crypto/evp/e_camellia.c
#13 89.32 gcc -std=gnu11 -ggdb -gdwarf-4 -gstrict-dwarf -ffreestanding -fmacro-prefix-map=/builddir/build/BUILD/shim-16.1/= -fno-stack-protector -fno-strict-aliasing -fpic -fshort-wchar -nostdinc -m64 -mno-mmx -mno-sse -mno-red-zone -maccumulate-outgoing-args -Os -Wall -Wextra -Wno-missing-field-initializers -Wno-empty-body -Wno-implicit-fallthrough -Wno-old-style-declaration -Wno-unused-but-set-variable -Wno-unused-parameter -Werror -Wno-error=unused-but-set-variable -Wno-error=unused-parameter -I/builddir/build/BUILD/shim-16.1/Cryptlib/OpenSSL -I/builddir/build/BUILD/shim-16.1/Cryptlib -I/builddir/build/BUILD/shim-16.1/Cryptlib/OpenSSL/Include/ -I/builddir/build/BUILD/shim-16.1/Cryptlib/OpenSSL/crypto -I/builddir/build/BUILD/shim-16.1/Cryptlib/Include -I/builddir/build/BUILD/shim-16.1/gnu-efi/inc -I/builddir/build/BUILD/shim-16.1/gnu-efi/inc/x86_64 -I/builddir/build/BUILD/shim-16.1/gnu-efi/inc/protocol -I/builddir/build/BUILD/shim-16.1/Cryptlib/OpenSSL/crypto/asn1 -I/builddir/build/BUILD/shim-16.1/Cryptlib/OpenSSL/crypto/evp -I/builddir/build/BUILD/shim-16.1/Cryptlib/OpenSSL/crypto/modes -I/builddir/build/BUILD/shim-16.1/Cryptlib/OpenSSL/crypto/include -isystem /builddir/build/BUILD/shim-16.1/include/system -isystem /usr/lib/gcc/x86_64-redhat-linux/11/include -DL_ENDIAN -D_CRT_SECURE_NO_DEPRECATE -D_CRT_NONSTDC_NO_DEPRECATE -DOPENSSL_SMALL_FOOTPRINT -DPEDANTIC -DMDE_CPU_X64   -c -o crypto/evp/e_rc4.o /builddir/build/BUILD/shim-16.1/Cryptlib/OpenSSL/crypto/evp/e_rc4.c
#13 89.67 gcc -std=gnu11 -ggdb -gdwarf-4 -gstrict-dwarf -ffreestanding -fmacro-prefix-map=/builddir/build/BUILD/shim-16.1/= -fno-stack-protector -fno-strict-aliasing -fpic -fshort-wchar -nostdinc -m64 -mno-mmx -mno-sse -mno-red-zone -maccumulate-outgoing-args -Os -Wall -Wextra -Wno-missing-field-initializers -Wno-empty-body -Wno-implicit-fallthrough -Wno-old-style-declaration -Wno-unused-but-set-variable -Wno-unused-parameter -Werror -Wno-error=unused-but-set-variable -Wno-error=unused-parameter -I/builddir/build/BUILD/shim-16.1/Cryptlib/OpenSSL -I/builddir/build/BUILD/shim-16.1/Cryptlib -I/builddir/build/BUILD/shim-16.1/Cryptlib/OpenSSL/Include/ -I/builddir/build/BUILD/shim-16.1/Cryptlib/OpenSSL/crypto -I/builddir/build/BUILD/shim-16.1/Cryptlib/Include -I/builddir/build/BUILD/shim-16.1/gnu-efi/inc -I/builddir/build/BUILD/shim-16.1/gnu-efi/inc/x86_64 -I/builddir/build/BUILD/shim-16.1/gnu-efi/inc/protocol -I/builddir/build/BUILD/shim-16.1/Cryptlib/OpenSSL/crypto/asn1 -I/builddir/build/BUILD/shim-16.1/Cryptlib/OpenSSL/crypto/evp -I/builddir/build/BUILD/shim-16.1/Cryptlib/OpenSSL/crypto/modes -I/builddir/build/BUILD/shim-16.1/Cryptlib/OpenSSL/crypto/include -isystem /builddir/build/BUILD/shim-16.1/include/system -isystem /usr/lib/gcc/x86_64-redhat-linux/11/include -DL_ENDIAN -D_CRT_SECURE_NO_DEPRECATE -D_CRT_NONSTDC_NO_DEPRECATE -DOPENSSL_SMALL_FOOTPRINT -DPEDANTIC -DMDE_CPU_X64   -c -o crypto/evp/e_aes.o /builddir/build/BUILD/shim-16.1/Cryptlib/OpenSSL/crypto/evp/e_aes.c
#13 90.29 gcc -std=gnu11 -ggdb -gdwarf-4 -gstrict-dwarf -ffreestanding -fmacro-prefix-map=/builddir/build/BUILD/shim-16.1/= -fno-stack-protector -fno-strict-aliasing -fpic -fshort-wchar -nostdinc -m64 -mno-mmx -mno-sse -mno-red-zone -maccumulate-outgoing-args -Os -Wall -Wextra -Wno-missing-field-initializers -Wno-empty-body -Wno-implicit-fallthrough -Wno-old-style-declaration -Wno-unused-but-set-variable -Wno-unused-parameter -Werror -Wno-error=unused-but-set-variable -Wno-error=unused-parameter -I/builddir/build/BUILD/shim-16.1/Cryptlib/OpenSSL -I/builddir/build/BUILD/shim-16.1/Cryptlib -I/builddir/build/BUILD/shim-16.1/Cryptlib/OpenSSL/Include/ -I/builddir/build/BUILD/shim-16.1/Cryptlib/OpenSSL/crypto -I/builddir/build/BUILD/shim-16.1/Cryptlib/Include -I/builddir/build/BUILD/shim-16.1/gnu-efi/inc -I/builddir/build/BUILD/shim-16.1/gnu-efi/inc/x86_64 -I/builddir/build/BUILD/shim-16.1/gnu-efi/inc/protocol -I/builddir/build/BUILD/shim-16.1/Cryptlib/OpenSSL/crypto/asn1 -I/builddir/build/BUILD/shim-16.1/Cryptlib/OpenSSL/crypto/evp -I/builddir/build/BUILD/shim-16.1/Cryptlib/OpenSSL/crypto/modes -I/builddir/build/BUILD/shim-16.1/Cryptlib/OpenSSL/crypto/include -isystem /builddir/build/BUILD/shim-16.1/include/system -isystem /usr/lib/gcc/x86_64-redhat-linux/11/include -DL_ENDIAN -D_CRT_SECURE_NO_DEPRECATE -D_CRT_NONSTDC_NO_DEPRECATE -DOPENSSL_SMALL_FOOTPRINT -DPEDANTIC -DMDE_CPU_X64   -c -o crypto/evp/names.o /builddir/build/BUILD/shim-16.1/Cryptlib/OpenSSL/crypto/evp/names.c
#13 90.71 gcc -std=gnu11 -ggdb -gdwarf-4 -gstrict-dwarf -ffreestanding -fmacro-prefix-map=/builddir/build/BUILD/shim-16.1/= -fno-stack-protector -fno-strict-aliasing -fpic -fshort-wchar -nostdinc -m64 -mno-mmx -mno-sse -mno-red-zone -maccumulate-outgoing-args -Os -Wall -Wextra -Wno-missing-field-initializers -Wno-empty-body -Wno-implicit-fallthrough -Wno-old-style-declaration -Wno-unused-but-set-variable -Wno-unused-parameter -Werror -Wno-error=unused-but-set-variable -Wno-error=unused-parameter -I/builddir/build/BUILD/shim-16.1/Cryptlib/OpenSSL -I/builddir/build/BUILD/shim-16.1/Cryptlib -I/builddir/build/BUILD/shim-16.1/Cryptlib/OpenSSL/Include/ -I/builddir/build/BUILD/shim-16.1/Cryptlib/OpenSSL/crypto -I/builddir/build/BUILD/shim-16.1/Cryptlib/Include -I/builddir/build/BUILD/shim-16.1/gnu-efi/inc -I/builddir/build/BUILD/shim-16.1/gnu-efi/inc/x86_64 -I/builddir/build/BUILD/shim-16.1/gnu-efi/inc/protocol -I/builddir/build/BUILD/shim-16.1/Cryptlib/OpenSSL/crypto/asn1 -I/builddir/build/BUILD/shim-16.1/Cryptlib/OpenSSL/crypto/evp -I/builddir/build/BUILD/shim-16.1/Cryptlib/OpenSSL/crypto/modes -I/builddir/build/BUILD/shim-16.1/Cryptlib/OpenSSL/crypto/include -isystem /builddir/build/BUILD/shim-16.1/include/system -isystem /usr/lib/gcc/x86_64-redhat-linux/11/include -DL_ENDIAN -D_CRT_SECURE_NO_DEPRECATE -D_CRT_NONSTDC_NO_DEPRECATE -DOPENSSL_SMALL_FOOTPRINT -DPEDANTIC -DMDE_CPU_X64   -c -o crypto/evp/e_seed.o /builddir/build/BUILD/shim-16.1/Cryptlib/OpenSSL/crypto/evp/e_seed.c
#13 90.82 gcc -std=gnu11 -ggdb -gdwarf-4 -gstrict-dwarf -ffreestanding -fmacro-prefix-map=/builddir/build/BUILD/shim-16.1/= -fno-stack-protector -fno-strict-aliasing -fpic -fshort-wchar -nostdinc -m64 -mno-mmx -mno-sse -mno-red-zone -maccumulate-outgoing-args -Os -Wall -Wextra -Wno-missing-field-initializers -Wno-empty-body -Wno-implicit-fallthrough -Wno-old-style-declaration -Wno-unused-but-set-variable -Wno-unused-parameter -Werror -Wno-error=unused-but-set-variable -Wno-error=unused-parameter -I/builddir/build/BUILD/shim-16.1/Cryptlib/OpenSSL -I/builddir/build/BUILD/shim-16.1/Cryptlib -I/builddir/build/BUILD/shim-16.1/Cryptlib/OpenSSL/Include/ -I/builddir/build/BUILD/shim-16.1/Cryptlib/OpenSSL/crypto -I/builddir/build/BUILD/shim-16.1/Cryptlib/Include -I/builddir/build/BUILD/shim-16.1/gnu-efi/inc -I/builddir/build/BUILD/shim-16.1/gnu-efi/inc/x86_64 -I/builddir/build/BUILD/shim-16.1/gnu-efi/inc/protocol -I/builddir/build/BUILD/shim-16.1/Cryptlib/OpenSSL/crypto/asn1 -I/builddir/build/BUILD/shim-16.1/Cryptlib/OpenSSL/crypto/evp -I/builddir/build/BUILD/shim-16.1/Cryptlib/OpenSSL/crypto/modes -I/builddir/build/BUILD/shim-16.1/Cryptlib/OpenSSL/crypto/include -isystem /builddir/build/BUILD/shim-16.1/include/system -isystem /usr/lib/gcc/x86_64-redhat-linux/11/include -DL_ENDIAN -D_CRT_SECURE_NO_DEPRECATE -D_CRT_NONSTDC_NO_DEPRECATE -DOPENSSL_SMALL_FOOTPRINT -DPEDANTIC -DMDE_CPU_X64   -c -o crypto/evp/e_xcbc_d.o /builddir/build/BUILD/shim-16.1/Cryptlib/OpenSSL/crypto/evp/e_xcbc_d.c
#13 90.98 gcc -std=gnu11 -ggdb -gdwarf-4 -gstrict-dwarf -ffreestanding -fmacro-prefix-map=/builddir/build/BUILD/shim-16.1/= -fno-stack-protector -fno-strict-aliasing -fpic -fshort-wchar -nostdinc -m64 -mno-mmx -mno-sse -mno-red-zone -maccumulate-outgoing-args -Os -Wall -Wextra -Wno-missing-field-initializers -Wno-empty-body -Wno-implicit-fallthrough -Wno-old-style-declaration -Wno-unused-but-set-variable -Wno-unused-parameter -Werror -Wno-error=unused-but-set-variable -Wno-error=unused-parameter -I/builddir/build/BUILD/shim-16.1/Cryptlib/OpenSSL -I/builddir/build/BUILD/shim-16.1/Cryptlib -I/builddir/build/BUILD/shim-16.1/Cryptlib/OpenSSL/Include/ -I/builddir/build/BUILD/shim-16.1/Cryptlib/OpenSSL/crypto -I/builddir/build/BUILD/shim-16.1/Cryptlib/Include -I/builddir/build/BUILD/shim-16.1/gnu-efi/inc -I/builddir/build/BUILD/shim-16.1/gnu-efi/inc/x86_64 -I/builddir/build/BUILD/shim-16.1/gnu-efi/inc/protocol -I/builddir/build/BUILD/shim-16.1/Cryptlib/OpenSSL/crypto/asn1 -I/builddir/build/BUILD/shim-16.1/Cryptlib/OpenSSL/crypto/evp -I/builddir/build/BUILD/shim-16.1/Cryptlib/OpenSSL/crypto/modes -I/builddir/build/BUILD/shim-16.1/Cryptlib/OpenSSL/crypto/include -isystem /builddir/build/BUILD/shim-16.1/include/system -isystem /usr/lib/gcc/x86_64-redhat-linux/11/include -DL_ENDIAN -D_CRT_SECURE_NO_DEPRECATE -D_CRT_NONSTDC_NO_DEPRECATE -DOPENSSL_SMALL_FOOTPRINT -DPEDANTIC -DMDE_CPU_X64   -c -o crypto/evp/e_rc2.o /builddir/build/BUILD/shim-16.1/Cryptlib/OpenSSL/crypto/evp/e_rc2.c
#13 91.15 gcc -std=gnu11 -ggdb -gdwarf-4 -gstrict-dwarf -ffreestanding -fmacro-prefix-map=/builddir/build/BUILD/shim-16.1/= -fno-stack-protector -fno-strict-aliasing -fpic -fshort-wchar -nostdinc -m64 -mno-mmx -mno-sse -mno-red-zone -maccumulate-outgoing-args -Os -Wall -Wextra -Wno-missing-field-initializers -Wno-empty-body -Wno-implicit-fallthrough -Wno-old-style-declaration -Wno-unused-but-set-variable -Wno-unused-parameter -Werror -Wno-error=unused-but-set-variable -Wno-error=unused-parameter -I/builddir/build/BUILD/shim-16.1/Cryptlib/OpenSSL -I/builddir/build/BUILD/shim-16.1/Cryptlib -I/builddir/build/BUILD/shim-16.1/Cryptlib/OpenSSL/Include/ -I/builddir/build/BUILD/shim-16.1/Cryptlib/OpenSSL/crypto -I/builddir/build/BUILD/shim-16.1/Cryptlib/Include -I/builddir/build/BUILD/shim-16.1/gnu-efi/inc -I/builddir/build/BUILD/shim-16.1/gnu-efi/inc/x86_64 -I/builddir/build/BUILD/shim-16.1/gnu-efi/inc/protocol -I/builddir/build/BUILD/shim-16.1/Cryptlib/OpenSSL/crypto/asn1 -I/builddir/build/BUILD/shim-16.1/Cryptlib/OpenSSL/crypto/evp -I/builddir/build/BUILD/shim-16.1/Cryptlib/OpenSSL/crypto/modes -I/builddir/build/BUILD/shim-16.1/Cryptlib/OpenSSL/crypto/include -isystem /builddir/build/BUILD/shim-16.1/include/system -isystem /usr/lib/gcc/x86_64-redhat-linux/11/include -DL_ENDIAN -D_CRT_SECURE_NO_DEPRECATE -D_CRT_NONSTDC_NO_DEPRECATE -DOPENSSL_SMALL_FOOTPRINT -DPEDANTIC -DMDE_CPU_X64   -c -o crypto/evp/e_cast.o /builddir/build/BUILD/shim-16.1/Cryptlib/OpenSSL/crypto/evp/e_cast.c
#13 91.32 gcc -std=gnu11 -ggdb -gdwarf-4 -gstrict-dwarf -ffreestanding -fmacro-prefix-map=/builddir/build/BUILD/shim-16.1/= -fno-stack-protector -fno-strict-aliasing -fpic -fshort-wchar -nostdinc -m64 -mno-mmx -mno-sse -mno-red-zone -maccumulate-outgoing-args -Os -Wall -Wextra -Wno-missing-field-initializers -Wno-empty-body -Wno-implicit-fallthrough -Wno-old-style-declaration -Wno-unused-but-set-variable -Wno-unused-parameter -Werror -Wno-error=unused-but-set-variable -Wno-error=unused-parameter -I/builddir/build/BUILD/shim-16.1/Cryptlib/OpenSSL -I/builddir/build/BUILD/shim-16.1/Cryptlib -I/builddir/build/BUILD/shim-16.1/Cryptlib/OpenSSL/Include/ -I/builddir/build/BUILD/shim-16.1/Cryptlib/OpenSSL/crypto -I/builddir/build/BUILD/shim-16.1/Cryptlib/Include -I/builddir/build/BUILD/shim-16.1/gnu-efi/inc -I/builddir/build/BUILD/shim-16.1/gnu-efi/inc/x86_64 -I/builddir/build/BUILD/shim-16.1/gnu-efi/inc/protocol -I/builddir/build/BUILD/shim-16.1/Cryptlib/OpenSSL/crypto/asn1 -I/builddir/build/BUILD/shim-16.1/Cryptlib/OpenSSL/crypto/evp -I/builddir/build/BUILD/shim-16.1/Cryptlib/OpenSSL/crypto/modes -I/builddir/build/BUILD/shim-16.1/Cryptlib/OpenSSL/crypto/include -isystem /builddir/build/BUILD/shim-16.1/include/system -isystem /usr/lib/gcc/x86_64-redhat-linux/11/include -DL_ENDIAN -D_CRT_SECURE_NO_DEPRECATE -D_CRT_NONSTDC_NO_DEPRECATE -DOPENSSL_SMALL_FOOTPRINT -DPEDANTIC -DMDE_CPU_X64   -c -o crypto/evp/e_rc5.o /builddir/build/BUILD/shim-16.1/Cryptlib/OpenSSL/crypto/evp/e_rc5.c
#13 91.52 gcc -std=gnu11 -ggdb -gdwarf-4 -gstrict-dwarf -ffreestanding -fmacro-prefix-map=/builddir/build/BUILD/shim-16.1/= -fno-stack-protector -fno-strict-aliasing -fpic -fshort-wchar -nostdinc -m64 -mno-mmx -mno-sse -mno-red-zone -maccumulate-outgoing-args -Os -Wall -Wextra -Wno-missing-field-initializers -Wno-empty-body -Wno-implicit-fallthrough -Wno-old-style-declaration -Wno-unused-but-set-variable -Wno-unused-parameter -Werror -Wno-error=unused-but-set-variable -Wno-error=unused-parameter -I/builddir/build/BUILD/shim-16.1/Cryptlib/OpenSSL -I/builddir/build/BUILD/shim-16.1/Cryptlib -I/builddir/build/BUILD/shim-16.1/Cryptlib/OpenSSL/Include/ -I/builddir/build/BUILD/shim-16.1/Cryptlib/OpenSSL/crypto -I/builddir/build/BUILD/shim-16.1/Cryptlib/Include -I/builddir/build/BUILD/shim-16.1/gnu-efi/inc -I/builddir/build/BUILD/shim-16.1/gnu-efi/inc/x86_64 -I/builddir/build/BUILD/shim-16.1/gnu-efi/inc/protocol -I/builddir/build/BUILD/shim-16.1/Cryptlib/OpenSSL/crypto/asn1 -I/builddir/build/BUILD/shim-16.1/Cryptlib/OpenSSL/crypto/evp -I/builddir/build/BUILD/shim-16.1/Cryptlib/OpenSSL/crypto/modes -I/builddir/build/BUILD/shim-16.1/Cryptlib/OpenSSL/crypto/include -isystem /builddir/build/BUILD/shim-16.1/include/system -isystem /usr/lib/gcc/x86_64-redhat-linux/11/include -DL_ENDIAN -D_CRT_SECURE_NO_DEPRECATE -D_CRT_NONSTDC_NO_DEPRECATE -DOPENSSL_SMALL_FOOTPRINT -DPEDANTIC -DMDE_CPU_X64   -c -o crypto/evp/m_null.o /builddir/build/BUILD/shim-16.1/Cryptlib/OpenSSL/crypto/evp/m_null.c
#13 91.84 gcc -std=gnu11 -ggdb -gdwarf-4 -gstrict-dwarf -ffreestanding -fmacro-prefix-map=/builddir/build/BUILD/shim-16.1/= -fno-stack-protector -fno-strict-aliasing -fpic -fshort-wchar -nostdinc -m64 -mno-mmx -mno-sse -mno-red-zone -maccumulate-outgoing-args -Os -Wall -Wextra -Wno-missing-field-initializers -Wno-empty-body -Wno-implicit-fallthrough -Wno-old-style-declaration -Wno-unused-but-set-variable -Wno-unused-parameter -Werror -Wno-error=unused-but-set-variable -Wno-error=unused-parameter -I/builddir/build/BUILD/shim-16.1/Cryptlib/OpenSSL -I/builddir/build/BUILD/shim-16.1/Cryptlib -I/builddir/build/BUILD/shim-16.1/Cryptlib/OpenSSL/Include/ -I/builddir/build/BUILD/shim-16.1/Cryptlib/OpenSSL/crypto -I/builddir/build/BUILD/shim-16.1/Cryptlib/Include -I/builddir/build/BUILD/shim-16.1/gnu-efi/inc -I/builddir/build/BUILD/shim-16.1/gnu-efi/inc/x86_64 -I/builddir/build/BUILD/shim-16.1/gnu-efi/inc/protocol -I/builddir/build/BUILD/shim-16.1/Cryptlib/OpenSSL/crypto/asn1 -I/builddir/build/BUILD/shim-16.1/Cryptlib/OpenSSL/crypto/evp -I/builddir/build/BUILD/shim-16.1/Cryptlib/OpenSSL/crypto/modes -I/builddir/build/BUILD/shim-16.1/Cryptlib/OpenSSL/crypto/include -isystem /builddir/build/BUILD/shim-16.1/include/system -isystem /usr/lib/gcc/x86_64-redhat-linux/11/include -DL_ENDIAN -D_CRT_SECURE_NO_DEPRECATE -D_CRT_NONSTDC_NO_DEPRECATE -DOPENSSL_SMALL_FOOTPRINT -DPEDANTIC -DMDE_CPU_X64   -c -o crypto/evp/m_md2.o /builddir/build/BUILD/shim-16.1/Cryptlib/OpenSSL/crypto/evp/m_md2.c
#13 92.00 gcc -std=gnu11 -ggdb -gdwarf-4 -gstrict-dwarf -ffreestanding -fmacro-prefix-map=/builddir/build/BUILD/shim-16.1/= -fno-stack-protector -fno-strict-aliasing -fpic -fshort-wchar -nostdinc -m64 -mno-mmx -mno-sse -mno-red-zone -maccumulate-outgoing-args -Os -Wall -Wextra -Wno-missing-field-initializers -Wno-empty-body -Wno-implicit-fallthrough -Wno-old-style-declaration -Wno-unused-but-set-variable -Wno-unused-parameter -Werror -Wno-error=unused-but-set-variable -Wno-error=unused-parameter -I/builddir/build/BUILD/shim-16.1/Cryptlib/OpenSSL -I/builddir/build/BUILD/shim-16.1/Cryptlib -I/builddir/build/BUILD/shim-16.1/Cryptlib/OpenSSL/Include/ -I/builddir/build/BUILD/shim-16.1/Cryptlib/OpenSSL/crypto -I/builddir/build/BUILD/shim-16.1/Cryptlib/Include -I/builddir/build/BUILD/shim-16.1/gnu-efi/inc -I/builddir/build/BUILD/shim-16.1/gnu-efi/inc/x86_64 -I/builddir/build/BUILD/shim-16.1/gnu-efi/inc/protocol -I/builddir/build/BUILD/shim-16.1/Cryptlib/OpenSSL/crypto/asn1 -I/builddir/build/BUILD/shim-16.1/Cryptlib/OpenSSL/crypto/evp -I/builddir/build/BUILD/shim-16.1/Cryptlib/OpenSSL/crypto/modes -I/builddir/build/BUILD/shim-16.1/Cryptlib/OpenSSL/crypto/include -isystem /builddir/build/BUILD/shim-16.1/include/system -isystem /usr/lib/gcc/x86_64-redhat-linux/11/include -DL_ENDIAN -D_CRT_SECURE_NO_DEPRECATE -D_CRT_NONSTDC_NO_DEPRECATE -DOPENSSL_SMALL_FOOTPRINT -DPEDANTIC -DMDE_CPU_X64   -c -o crypto/evp/m_md4.o /builddir/build/BUILD/shim-16.1/Cryptlib/OpenSSL/crypto/evp/m_md4.c
#13 92.17 gcc -std=gnu11 -ggdb -gdwarf-4 -gstrict-dwarf -ffreestanding -fmacro-prefix-map=/builddir/build/BUILD/shim-16.1/= -fno-stack-protector -fno-strict-aliasing -fpic -fshort-wchar -nostdinc -m64 -mno-mmx -mno-sse -mno-red-zone -maccumulate-outgoing-args -Os -Wall -Wextra -Wno-missing-field-initializers -Wno-empty-body -Wno-implicit-fallthrough -Wno-old-style-declaration -Wno-unused-but-set-variable -Wno-unused-parameter -Werror -Wno-error=unused-but-set-variable -Wno-error=unused-parameter -I/builddir/build/BUILD/shim-16.1/Cryptlib/OpenSSL -I/builddir/build/BUILD/shim-16.1/Cryptlib -I/builddir/build/BUILD/shim-16.1/Cryptlib/OpenSSL/Include/ -I/builddir/build/BUILD/shim-16.1/Cryptlib/OpenSSL/crypto -I/builddir/build/BUILD/shim-16.1/Cryptlib/Include -I/builddir/build/BUILD/shim-16.1/gnu-efi/inc -I/builddir/build/BUILD/shim-16.1/gnu-efi/inc/x86_64 -I/builddir/build/BUILD/shim-16.1/gnu-efi/inc/protocol -I/builddir/build/BUILD/shim-16.1/Cryptlib/OpenSSL/crypto/asn1 -I/builddir/build/BUILD/shim-16.1/Cryptlib/OpenSSL/crypto/evp -I/builddir/build/BUILD/shim-16.1/Cryptlib/OpenSSL/crypto/modes -I/builddir/build/BUILD/shim-16.1/Cryptlib/OpenSSL/crypto/include -isystem /builddir/build/BUILD/shim-16.1/include/system -isystem /usr/lib/gcc/x86_64-redhat-linux/11/include -DL_ENDIAN -D_CRT_SECURE_NO_DEPRECATE -D_CRT_NONSTDC_NO_DEPRECATE -DOPENSSL_SMALL_FOOTPRINT -DPEDANTIC -DMDE_CPU_X64   -c -o crypto/evp/m_md5.o /builddir/build/BUILD/shim-16.1/Cryptlib/OpenSSL/crypto/evp/m_md5.c
#13 92.52 gcc -std=gnu11 -ggdb -gdwarf-4 -gstrict-dwarf -ffreestanding -fmacro-prefix-map=/builddir/build/BUILD/shim-16.1/= -fno-stack-protector -fno-strict-aliasing -fpic -fshort-wchar -nostdinc -m64 -mno-mmx -mno-sse -mno-red-zone -maccumulate-outgoing-args -Os -Wall -Wextra -Wno-missing-field-initializers -Wno-empty-body -Wno-implicit-fallthrough -Wno-old-style-declaration -Wno-unused-but-set-variable -Wno-unused-parameter -Werror -Wno-error=unused-but-set-variable -Wno-error=unused-parameter -I/builddir/build/BUILD/shim-16.1/Cryptlib/OpenSSL -I/builddir/build/BUILD/shim-16.1/Cryptlib -I/builddir/build/BUILD/shim-16.1/Cryptlib/OpenSSL/Include/ -I/builddir/build/BUILD/shim-16.1/Cryptlib/OpenSSL/crypto -I/builddir/build/BUILD/shim-16.1/Cryptlib/Include -I/builddir/build/BUILD/shim-16.1/gnu-efi/inc -I/builddir/build/BUILD/shim-16.1/gnu-efi/inc/x86_64 -I/builddir/build/BUILD/shim-16.1/gnu-efi/inc/protocol -I/builddir/build/BUILD/shim-16.1/Cryptlib/OpenSSL/crypto/asn1 -I/builddir/build/BUILD/shim-16.1/Cryptlib/OpenSSL/crypto/evp -I/builddir/build/BUILD/shim-16.1/Cryptlib/OpenSSL/crypto/modes -I/builddir/build/BUILD/shim-16.1/Cryptlib/OpenSSL/crypto/include -isystem /builddir/build/BUILD/shim-16.1/include/system -isystem /usr/lib/gcc/x86_64-redhat-linux/11/include -DL_ENDIAN -D_CRT_SECURE_NO_DEPRECATE -D_CRT_NONSTDC_NO_DEPRECATE -DOPENSSL_SMALL_FOOTPRINT -DPEDANTIC -DMDE_CPU_X64   -c -o crypto/evp/m_sha.o /builddir/build/BUILD/shim-16.1/Cryptlib/OpenSSL/crypto/evp/m_sha.c
#13 92.69 gcc -std=gnu11 -ggdb -gdwarf-4 -gstrict-dwarf -ffreestanding -fmacro-prefix-map=/builddir/build/BUILD/shim-16.1/= -fno-stack-protector -fno-strict-aliasing -fpic -fshort-wchar -nostdinc -m64 -mno-mmx -mno-sse -mno-red-zone -maccumulate-outgoing-args -Os -Wall -Wextra -Wno-missing-field-initializers -Wno-empty-body -Wno-implicit-fallthrough -Wno-old-style-declaration -Wno-unused-but-set-variable -Wno-unused-parameter -Werror -Wno-error=unused-but-set-variable -Wno-error=unused-parameter -I/builddir/build/BUILD/shim-16.1/Cryptlib/OpenSSL -I/builddir/build/BUILD/shim-16.1/Cryptlib -I/builddir/build/BUILD/shim-16.1/Cryptlib/OpenSSL/Include/ -I/builddir/build/BUILD/shim-16.1/Cryptlib/OpenSSL/crypto -I/builddir/build/BUILD/shim-16.1/Cryptlib/Include -I/builddir/build/BUILD/shim-16.1/gnu-efi/inc -I/builddir/build/BUILD/shim-16.1/gnu-efi/inc/x86_64 -I/builddir/build/BUILD/shim-16.1/gnu-efi/inc/protocol -I/builddir/build/BUILD/shim-16.1/Cryptlib/OpenSSL/crypto/asn1 -I/builddir/build/BUILD/shim-16.1/Cryptlib/OpenSSL/crypto/evp -I/builddir/build/BUILD/shim-16.1/Cryptlib/OpenSSL/crypto/modes -I/builddir/build/BUILD/shim-16.1/Cryptlib/OpenSSL/crypto/include -isystem /builddir/build/BUILD/shim-16.1/include/system -isystem /usr/lib/gcc/x86_64-redhat-linux/11/include -DL_ENDIAN -D_CRT_SECURE_NO_DEPRECATE -D_CRT_NONSTDC_NO_DEPRECATE -DOPENSSL_SMALL_FOOTPRINT -DPEDANTIC -DMDE_CPU_X64   -c -o crypto/evp/m_sha1.o /builddir/build/BUILD/shim-16.1/Cryptlib/OpenSSL/crypto/evp/m_sha1.c
#13 93.03 gcc -std=gnu11 -ggdb -gdwarf-4 -gstrict-dwarf -ffreestanding -fmacro-prefix-map=/builddir/build/BUILD/shim-16.1/= -fno-stack-protector -fno-strict-aliasing -fpic -fshort-wchar -nostdinc -m64 -mno-mmx -mno-sse -mno-red-zone -maccumulate-outgoing-args -Os -Wall -Wextra -Wno-missing-field-initializers -Wno-empty-body -Wno-implicit-fallthrough -Wno-old-style-declaration -Wno-unused-but-set-variable -Wno-unused-parameter -Werror -Wno-error=unused-but-set-variable -Wno-error=unused-parameter -I/builddir/build/BUILD/shim-16.1/Cryptlib/OpenSSL -I/builddir/build/BUILD/shim-16.1/Cryptlib -I/builddir/build/BUILD/shim-16.1/Cryptlib/OpenSSL/Include/ -I/builddir/build/BUILD/shim-16.1/Cryptlib/OpenSSL/crypto -I/builddir/build/BUILD/shim-16.1/Cryptlib/Include -I/builddir/build/BUILD/shim-16.1/gnu-efi/inc -I/builddir/build/BUILD/shim-16.1/gnu-efi/inc/x86_64 -I/builddir/build/BUILD/shim-16.1/gnu-efi/inc/protocol -I/builddir/build/BUILD/shim-16.1/Cryptlib/OpenSSL/crypto/asn1 -I/builddir/build/BUILD/shim-16.1/Cryptlib/OpenSSL/crypto/evp -I/builddir/build/BUILD/shim-16.1/Cryptlib/OpenSSL/crypto/modes -I/builddir/build/BUILD/shim-16.1/Cryptlib/OpenSSL/crypto/include -isystem /builddir/build/BUILD/shim-16.1/include/system -isystem /usr/lib/gcc/x86_64-redhat-linux/11/include -DL_ENDIAN -D_CRT_SECURE_NO_DEPRECATE -D_CRT_NONSTDC_NO_DEPRECATE -DOPENSSL_SMALL_FOOTPRINT -DPEDANTIC -DMDE_CPU_X64   -c -o crypto/evp/m_wp.o /builddir/build/BUILD/shim-16.1/Cryptlib/OpenSSL/crypto/evp/m_wp.c
#13 93.20 gcc -std=gnu11 -ggdb -gdwarf-4 -gstrict-dwarf -ffreestanding -fmacro-prefix-map=/builddir/build/BUILD/shim-16.1/= -fno-stack-protector -fno-strict-aliasing -fpic -fshort-wchar -nostdinc -m64 -mno-mmx -mno-sse -mno-red-zone -maccumulate-outgoing-args -Os -Wall -Wextra -Wno-missing-field-initializers -Wno-empty-body -Wno-implicit-fallthrough -Wno-old-style-declaration -Wno-unused-but-set-variable -Wno-unused-parameter -Werror -Wno-error=unused-but-set-variable -Wno-error=unused-parameter -I/builddir/build/BUILD/shim-16.1/Cryptlib/OpenSSL -I/builddir/build/BUILD/shim-16.1/Cryptlib -I/builddir/build/BUILD/shim-16.1/Cryptlib/OpenSSL/Include/ -I/builddir/build/BUILD/shim-16.1/Cryptlib/OpenSSL/crypto -I/builddir/build/BUILD/shim-16.1/Cryptlib/Include -I/builddir/build/BUILD/shim-16.1/gnu-efi/inc -I/builddir/build/BUILD/shim-16.1/gnu-efi/inc/x86_64 -I/builddir/build/BUILD/shim-16.1/gnu-efi/inc/protocol -I/builddir/build/BUILD/shim-16.1/Cryptlib/OpenSSL/crypto/asn1 -I/builddir/build/BUILD/shim-16.1/Cryptlib/OpenSSL/crypto/evp -I/builddir/build/BUILD/shim-16.1/Cryptlib/OpenSSL/crypto/modes -I/builddir/build/BUILD/shim-16.1/Cryptlib/OpenSSL/crypto/include -isystem /builddir/build/BUILD/shim-16.1/include/system -isystem /usr/lib/gcc/x86_64-redhat-linux/11/include -DL_ENDIAN -D_CRT_SECURE_NO_DEPRECATE -D_CRT_NONSTDC_NO_DEPRECATE -DOPENSSL_SMALL_FOOTPRINT -DPEDANTIC -DMDE_CPU_X64   -c -o crypto/evp/m_dss.o /builddir/build/BUILD/shim-16.1/Cryptlib/OpenSSL/crypto/evp/m_dss.c
#13 93.54 gcc -std=gnu11 -ggdb -gdwarf-4 -gstrict-dwarf -ffreestanding -fmacro-prefix-map=/builddir/build/BUILD/shim-16.1/= -fno-stack-protector -fno-strict-aliasing -fpic -fshort-wchar -nostdinc -m64 -mno-mmx -mno-sse -mno-red-zone -maccumulate-outgoing-args -Os -Wall -Wextra -Wno-missing-field-initializers -Wno-empty-body -Wno-implicit-fallthrough -Wno-old-style-declaration -Wno-unused-but-set-variable -Wno-unused-parameter -Werror -Wno-error=unused-but-set-variable -Wno-error=unused-parameter -I/builddir/build/BUILD/shim-16.1/Cryptlib/OpenSSL -I/builddir/build/BUILD/shim-16.1/Cryptlib -I/builddir/build/BUILD/shim-16.1/Cryptlib/OpenSSL/Include/ -I/builddir/build/BUILD/shim-16.1/Cryptlib/OpenSSL/crypto -I/builddir/build/BUILD/shim-16.1/Cryptlib/Include -I/builddir/build/BUILD/shim-16.1/gnu-efi/inc -I/builddir/build/BUILD/shim-16.1/gnu-efi/inc/x86_64 -I/builddir/build/BUILD/shim-16.1/gnu-efi/inc/protocol -I/builddir/build/BUILD/shim-16.1/Cryptlib/OpenSSL/crypto/asn1 -I/builddir/build/BUILD/shim-16.1/Cryptlib/OpenSSL/crypto/evp -I/builddir/build/BUILD/shim-16.1/Cryptlib/OpenSSL/crypto/modes -I/builddir/build/BUILD/shim-16.1/Cryptlib/OpenSSL/crypto/include -isystem /builddir/build/BUILD/shim-16.1/include/system -isystem /usr/lib/gcc/x86_64-redhat-linux/11/include -DL_ENDIAN -D_CRT_SECURE_NO_DEPRECATE -D_CRT_NONSTDC_NO_DEPRECATE -DOPENSSL_SMALL_FOOTPRINT -DPEDANTIC -DMDE_CPU_X64   -c -o crypto/evp/m_dss1.o /builddir/build/BUILD/shim-16.1/Cryptlib/OpenSSL/crypto/evp/m_dss1.c
#13 93.88 gcc -std=gnu11 -ggdb -gdwarf-4 -gstrict-dwarf -ffreestanding -fmacro-prefix-map=/builddir/build/BUILD/shim-16.1/= -fno-stack-protector -fno-strict-aliasing -fpic -fshort-wchar -nostdinc -m64 -mno-mmx -mno-sse -mno-red-zone -maccumulate-outgoing-args -Os -Wall -Wextra -Wno-missing-field-initializers -Wno-empty-body -Wno-implicit-fallthrough -Wno-old-style-declaration -Wno-unused-but-set-variable -Wno-unused-parameter -Werror -Wno-error=unused-but-set-variable -Wno-error=unused-parameter -I/builddir/build/BUILD/shim-16.1/Cryptlib/OpenSSL -I/builddir/build/BUILD/shim-16.1/Cryptlib -I/builddir/build/BUILD/shim-16.1/Cryptlib/OpenSSL/Include/ -I/builddir/build/BUILD/shim-16.1/Cryptlib/OpenSSL/crypto -I/builddir/build/BUILD/shim-16.1/Cryptlib/Include -I/builddir/build/BUILD/shim-16.1/gnu-efi/inc -I/builddir/build/BUILD/shim-16.1/gnu-efi/inc/x86_64 -I/builddir/build/BUILD/shim-16.1/gnu-efi/inc/protocol -I/builddir/build/BUILD/shim-16.1/Cryptlib/OpenSSL/crypto/asn1 -I/builddir/build/BUILD/shim-16.1/Cryptlib/OpenSSL/crypto/evp -I/builddir/build/BUILD/shim-16.1/Cryptlib/OpenSSL/crypto/modes -I/builddir/build/BUILD/shim-16.1/Cryptlib/OpenSSL/crypto/include -isystem /builddir/build/BUILD/shim-16.1/include/system -isystem /usr/lib/gcc/x86_64-redhat-linux/11/include -DL_ENDIAN -D_CRT_SECURE_NO_DEPRECATE -D_CRT_NONSTDC_NO_DEPRECATE -DOPENSSL_SMALL_FOOTPRINT -DPEDANTIC -DMDE_CPU_X64   -c -o crypto/evp/m_mdc2.o /builddir/build/BUILD/shim-16.1/Cryptlib/OpenSSL/crypto/evp/m_mdc2.c
#13 94.05 gcc -std=gnu11 -ggdb -gdwarf-4 -gstrict-dwarf -ffreestanding -fmacro-prefix-map=/builddir/build/BUILD/shim-16.1/= -fno-stack-protector -fno-strict-aliasing -fpic -fshort-wchar -nostdinc -m64 -mno-mmx -mno-sse -mno-red-zone -maccumulate-outgoing-args -Os -Wall -Wextra -Wno-missing-field-initializers -Wno-empty-body -Wno-implicit-fallthrough -Wno-old-style-declaration -Wno-unused-but-set-variable -Wno-unused-parameter -Werror -Wno-error=unused-but-set-variable -Wno-error=unused-parameter -I/builddir/build/BUILD/shim-16.1/Cryptlib/OpenSSL -I/builddir/build/BUILD/shim-16.1/Cryptlib -I/builddir/build/BUILD/shim-16.1/Cryptlib/OpenSSL/Include/ -I/builddir/build/BUILD/shim-16.1/Cryptlib/OpenSSL/crypto -I/builddir/build/BUILD/shim-16.1/Cryptlib/Include -I/builddir/build/BUILD/shim-16.1/gnu-efi/inc -I/builddir/build/BUILD/shim-16.1/gnu-efi/inc/x86_64 -I/builddir/build/BUILD/shim-16.1/gnu-efi/inc/protocol -I/builddir/build/BUILD/shim-16.1/Cryptlib/OpenSSL/crypto/asn1 -I/builddir/build/BUILD/shim-16.1/Cryptlib/OpenSSL/crypto/evp -I/builddir/build/BUILD/shim-16.1/Cryptlib/OpenSSL/crypto/modes -I/builddir/build/BUILD/shim-16.1/Cryptlib/OpenSSL/crypto/include -isystem /builddir/build/BUILD/shim-16.1/include/system -isystem /usr/lib/gcc/x86_64-redhat-linux/11/include -DL_ENDIAN -D_CRT_SECURE_NO_DEPRECATE -D_CRT_NONSTDC_NO_DEPRECATE -DOPENSSL_SMALL_FOOTPRINT -DPEDANTIC -DMDE_CPU_X64   -c -o crypto/evp/m_ripemd.o /builddir/build/BUILD/shim-16.1/Cryptlib/OpenSSL/crypto/evp/m_ripemd.c
#13 94.22 gcc -std=gnu11 -ggdb -gdwarf-4 -gstrict-dwarf -ffreestanding -fmacro-prefix-map=/builddir/build/BUILD/shim-16.1/= -fno-stack-protector -fno-strict-aliasing -fpic -fshort-wchar -nostdinc -m64 -mno-mmx -mno-sse -mno-red-zone -maccumulate-outgoing-args -Os -Wall -Wextra -Wno-missing-field-initializers -Wno-empty-body -Wno-implicit-fallthrough -Wno-old-style-declaration -Wno-unused-but-set-variable -Wno-unused-parameter -Werror -Wno-error=unused-but-set-variable -Wno-error=unused-parameter -I/builddir/build/BUILD/shim-16.1/Cryptlib/OpenSSL -I/builddir/build/BUILD/shim-16.1/Cryptlib -I/builddir/build/BUILD/shim-16.1/Cryptlib/OpenSSL/Include/ -I/builddir/build/BUILD/shim-16.1/Cryptlib/OpenSSL/crypto -I/builddir/build/BUILD/shim-16.1/Cryptlib/Include -I/builddir/build/BUILD/shim-16.1/gnu-efi/inc -I/builddir/build/BUILD/shim-16.1/gnu-efi/inc/x86_64 -I/builddir/build/BUILD/shim-16.1/gnu-efi/inc/protocol -I/builddir/build/BUILD/shim-16.1/Cryptlib/OpenSSL/crypto/asn1 -I/builddir/build/BUILD/shim-16.1/Cryptlib/OpenSSL/crypto/evp -I/builddir/build/BUILD/shim-16.1/Cryptlib/OpenSSL/crypto/modes -I/builddir/build/BUILD/shim-16.1/Cryptlib/OpenSSL/crypto/include -isystem /builddir/build/BUILD/shim-16.1/include/system -isystem /usr/lib/gcc/x86_64-redhat-linux/11/include -DL_ENDIAN -D_CRT_SECURE_NO_DEPRECATE -D_CRT_NONSTDC_NO_DEPRECATE -DOPENSSL_SMALL_FOOTPRINT -DPEDANTIC -DMDE_CPU_X64   -c -o crypto/evp/m_ecdsa.o /builddir/build/BUILD/shim-16.1/Cryptlib/OpenSSL/crypto/evp/m_ecdsa.c
#13 94.57 gcc -std=gnu11 -ggdb -gdwarf-4 -gstrict-dwarf -ffreestanding -fmacro-prefix-map=/builddir/build/BUILD/shim-16.1/= -fno-stack-protector -fno-strict-aliasing -fpic -fshort-wchar -nostdinc -m64 -mno-mmx -mno-sse -mno-red-zone -maccumulate-outgoing-args -Os -Wall -Wextra -Wno-missing-field-initializers -Wno-empty-body -Wno-implicit-fallthrough -Wno-old-style-declaration -Wno-unused-but-set-variable -Wno-unused-parameter -Werror -Wno-error=unused-but-set-variable -Wno-error=unused-parameter -I/builddir/build/BUILD/shim-16.1/Cryptlib/OpenSSL -I/builddir/build/BUILD/shim-16.1/Cryptlib -I/builddir/build/BUILD/shim-16.1/Cryptlib/OpenSSL/Include/ -I/builddir/build/BUILD/shim-16.1/Cryptlib/OpenSSL/crypto -I/builddir/build/BUILD/shim-16.1/Cryptlib/Include -I/builddir/build/BUILD/shim-16.1/gnu-efi/inc -I/builddir/build/BUILD/shim-16.1/gnu-efi/inc/x86_64 -I/builddir/build/BUILD/shim-16.1/gnu-efi/inc/protocol -I/builddir/build/BUILD/shim-16.1/Cryptlib/OpenSSL/crypto/asn1 -I/builddir/build/BUILD/shim-16.1/Cryptlib/OpenSSL/crypto/evp -I/builddir/build/BUILD/shim-16.1/Cryptlib/OpenSSL/crypto/modes -I/builddir/build/BUILD/shim-16.1/Cryptlib/OpenSSL/crypto/include -isystem /builddir/build/BUILD/shim-16.1/include/system -isystem /usr/lib/gcc/x86_64-redhat-linux/11/include -DL_ENDIAN -D_CRT_SECURE_NO_DEPRECATE -D_CRT_NONSTDC_NO_DEPRECATE -DOPENSSL_SMALL_FOOTPRINT -DPEDANTIC -DMDE_CPU_X64   -c -o crypto/evp/p_open.o /builddir/build/BUILD/shim-16.1/Cryptlib/OpenSSL/crypto/evp/p_open.c
#13 94.98 gcc -std=gnu11 -ggdb -gdwarf-4 -gstrict-dwarf -ffreestanding -fmacro-prefix-map=/builddir/build/BUILD/shim-16.1/= -fno-stack-protector -fno-strict-aliasing -fpic -fshort-wchar -nostdinc -m64 -mno-mmx -mno-sse -mno-red-zone -maccumulate-outgoing-args -Os -Wall -Wextra -Wno-missing-field-initializers -Wno-empty-body -Wno-implicit-fallthrough -Wno-old-style-declaration -Wno-unused-but-set-variable -Wno-unused-parameter -Werror -Wno-error=unused-but-set-variable -Wno-error=unused-parameter -I/builddir/build/BUILD/shim-16.1/Cryptlib/OpenSSL -I/builddir/build/BUILD/shim-16.1/Cryptlib -I/builddir/build/BUILD/shim-16.1/Cryptlib/OpenSSL/Include/ -I/builddir/build/BUILD/shim-16.1/Cryptlib/OpenSSL/crypto -I/builddir/build/BUILD/shim-16.1/Cryptlib/Include -I/builddir/build/BUILD/shim-16.1/gnu-efi/inc -I/builddir/build/BUILD/shim-16.1/gnu-efi/inc/x86_64 -I/builddir/build/BUILD/shim-16.1/gnu-efi/inc/protocol -I/builddir/build/BUILD/shim-16.1/Cryptlib/OpenSSL/crypto/asn1 -I/builddir/build/BUILD/shim-16.1/Cryptlib/OpenSSL/crypto/evp -I/builddir/build/BUILD/shim-16.1/Cryptlib/OpenSSL/crypto/modes -I/builddir/build/BUILD/shim-16.1/Cryptlib/OpenSSL/crypto/include -isystem /builddir/build/BUILD/shim-16.1/include/system -isystem /usr/lib/gcc/x86_64-redhat-linux/11/include -DL_ENDIAN -D_CRT_SECURE_NO_DEPRECATE -D_CRT_NONSTDC_NO_DEPRECATE -DOPENSSL_SMALL_FOOTPRINT -DPEDANTIC -DMDE_CPU_X64   -c -o crypto/evp/p_seal.o /builddir/build/BUILD/shim-16.1/Cryptlib/OpenSSL/crypto/evp/p_seal.c
#13 95.42 gcc -std=gnu11 -ggdb -gdwarf-4 -gstrict-dwarf -ffreestanding -fmacro-prefix-map=/builddir/build/BUILD/shim-16.1/= -fno-stack-protector -fno-strict-aliasing -fpic -fshort-wchar -nostdinc -m64 -mno-mmx -mno-sse -mno-red-zone -maccumulate-outgoing-args -Os -Wall -Wextra -Wno-missing-field-initializers -Wno-empty-body -Wno-implicit-fallthrough -Wno-old-style-declaration -Wno-unused-but-set-variable -Wno-unused-parameter -Werror -Wno-error=unused-but-set-variable -Wno-error=unused-parameter -I/builddir/build/BUILD/shim-16.1/Cryptlib/OpenSSL -I/builddir/build/BUILD/shim-16.1/Cryptlib -I/builddir/build/BUILD/shim-16.1/Cryptlib/OpenSSL/Include/ -I/builddir/build/BUILD/shim-16.1/Cryptlib/OpenSSL/crypto -I/builddir/build/BUILD/shim-16.1/Cryptlib/Include -I/builddir/build/BUILD/shim-16.1/gnu-efi/inc -I/builddir/build/BUILD/shim-16.1/gnu-efi/inc/x86_64 -I/builddir/build/BUILD/shim-16.1/gnu-efi/inc/protocol -I/builddir/build/BUILD/shim-16.1/Cryptlib/OpenSSL/crypto/asn1 -I/builddir/build/BUILD/shim-16.1/Cryptlib/OpenSSL/crypto/evp -I/builddir/build/BUILD/shim-16.1/Cryptlib/OpenSSL/crypto/modes -I/builddir/build/BUILD/shim-16.1/Cryptlib/OpenSSL/crypto/include -isystem /builddir/build/BUILD/shim-16.1/include/system -isystem /usr/lib/gcc/x86_64-redhat-linux/11/include -DL_ENDIAN -D_CRT_SECURE_NO_DEPRECATE -D_CRT_NONSTDC_NO_DEPRECATE -DOPENSSL_SMALL_FOOTPRINT -DPEDANTIC -DMDE_CPU_X64   -c -o crypto/evp/p_sign.o /builddir/build/BUILD/shim-16.1/Cryptlib/OpenSSL/crypto/evp/p_sign.c
#13 95.86 gcc -std=gnu11 -ggdb -gdwarf-4 -gstrict-dwarf -ffreestanding -fmacro-prefix-map=/builddir/build/BUILD/shim-16.1/= -fno-stack-protector -fno-strict-aliasing -fpic -fshort-wchar -nostdinc -m64 -mno-mmx -mno-sse -mno-red-zone -maccumulate-outgoing-args -Os -Wall -Wextra -Wno-missing-field-initializers -Wno-empty-body -Wno-implicit-fallthrough -Wno-old-style-declaration -Wno-unused-but-set-variable -Wno-unused-parameter -Werror -Wno-error=unused-but-set-variable -Wno-error=unused-parameter -I/builddir/build/BUILD/shim-16.1/Cryptlib/OpenSSL -I/builddir/build/BUILD/shim-16.1/Cryptlib -I/builddir/build/BUILD/shim-16.1/Cryptlib/OpenSSL/Include/ -I/builddir/build/BUILD/shim-16.1/Cryptlib/OpenSSL/crypto -I/builddir/build/BUILD/shim-16.1/Cryptlib/Include -I/builddir/build/BUILD/shim-16.1/gnu-efi/inc -I/builddir/build/BUILD/shim-16.1/gnu-efi/inc/x86_64 -I/builddir/build/BUILD/shim-16.1/gnu-efi/inc/protocol -I/builddir/build/BUILD/shim-16.1/Cryptlib/OpenSSL/crypto/asn1 -I/builddir/build/BUILD/shim-16.1/Cryptlib/OpenSSL/crypto/evp -I/builddir/build/BUILD/shim-16.1/Cryptlib/OpenSSL/crypto/modes -I/builddir/build/BUILD/shim-16.1/Cryptlib/OpenSSL/crypto/include -isystem /builddir/build/BUILD/shim-16.1/include/system -isystem /usr/lib/gcc/x86_64-redhat-linux/11/include -DL_ENDIAN -D_CRT_SECURE_NO_DEPRECATE -D_CRT_NONSTDC_NO_DEPRECATE -DOPENSSL_SMALL_FOOTPRINT -DPEDANTIC -DMDE_CPU_X64   -c -o crypto/evp/p_verify.o /builddir/build/BUILD/shim-16.1/Cryptlib/OpenSSL/crypto/evp/p_verify.c
#13 96.30 gcc -std=gnu11 -ggdb -gdwarf-4 -gstrict-dwarf -ffreestanding -fmacro-prefix-map=/builddir/build/BUILD/shim-16.1/= -fno-stack-protector -fno-strict-aliasing -fpic -fshort-wchar -nostdinc -m64 -mno-mmx -mno-sse -mno-red-zone -maccumulate-outgoing-args -Os -Wall -Wextra -Wno-missing-field-initializers -Wno-empty-body -Wno-implicit-fallthrough -Wno-old-style-declaration -Wno-unused-but-set-variable -Wno-unused-parameter -Werror -Wno-error=unused-but-set-variable -Wno-error=unused-parameter -I/builddir/build/BUILD/shim-16.1/Cryptlib/OpenSSL -I/builddir/build/BUILD/shim-16.1/Cryptlib -I/builddir/build/BUILD/shim-16.1/Cryptlib/OpenSSL/Include/ -I/builddir/build/BUILD/shim-16.1/Cryptlib/OpenSSL/crypto -I/builddir/build/BUILD/shim-16.1/Cryptlib/Include -I/builddir/build/BUILD/shim-16.1/gnu-efi/inc -I/builddir/build/BUILD/shim-16.1/gnu-efi/inc/x86_64 -I/builddir/build/BUILD/shim-16.1/gnu-efi/inc/protocol -I/builddir/build/BUILD/shim-16.1/Cryptlib/OpenSSL/crypto/asn1 -I/builddir/build/BUILD/shim-16.1/Cryptlib/OpenSSL/crypto/evp -I/builddir/build/BUILD/shim-16.1/Cryptlib/OpenSSL/crypto/modes -I/builddir/build/BUILD/shim-16.1/Cryptlib/OpenSSL/crypto/include -isystem /builddir/build/BUILD/shim-16.1/include/system -isystem /usr/lib/gcc/x86_64-redhat-linux/11/include -DL_ENDIAN -D_CRT_SECURE_NO_DEPRECATE -D_CRT_NONSTDC_NO_DEPRECATE -DOPENSSL_SMALL_FOOTPRINT -DPEDANTIC -DMDE_CPU_X64   -c -o crypto/evp/p_lib.o /builddir/build/BUILD/shim-16.1/Cryptlib/OpenSSL/crypto/evp/p_lib.c
#13 96.79 gcc -std=gnu11 -ggdb -gdwarf-4 -gstrict-dwarf -ffreestanding -fmacro-prefix-map=/builddir/build/BUILD/shim-16.1/= -fno-stack-protector -fno-strict-aliasing -fpic -fshort-wchar -nostdinc -m64 -mno-mmx -mno-sse -mno-red-zone -maccumulate-outgoing-args -Os -Wall -Wextra -Wno-missing-field-initializers -Wno-empty-body -Wno-implicit-fallthrough -Wno-old-style-declaration -Wno-unused-but-set-variable -Wno-unused-parameter -Werror -Wno-error=unused-but-set-variable -Wno-error=unused-parameter -I/builddir/build/BUILD/shim-16.1/Cryptlib/OpenSSL -I/builddir/build/BUILD/shim-16.1/Cryptlib -I/builddir/build/BUILD/shim-16.1/Cryptlib/OpenSSL/Include/ -I/builddir/build/BUILD/shim-16.1/Cryptlib/OpenSSL/crypto -I/builddir/build/BUILD/shim-16.1/Cryptlib/Include -I/builddir/build/BUILD/shim-16.1/gnu-efi/inc -I/builddir/build/BUILD/shim-16.1/gnu-efi/inc/x86_64 -I/builddir/build/BUILD/shim-16.1/gnu-efi/inc/protocol -I/builddir/build/BUILD/shim-16.1/Cryptlib/OpenSSL/crypto/asn1 -I/builddir/build/BUILD/shim-16.1/Cryptlib/OpenSSL/crypto/evp -I/builddir/build/BUILD/shim-16.1/Cryptlib/OpenSSL/crypto/modes -I/builddir/build/BUILD/shim-16.1/Cryptlib/OpenSSL/crypto/include -isystem /builddir/build/BUILD/shim-16.1/include/system -isystem /usr/lib/gcc/x86_64-redhat-linux/11/include -DL_ENDIAN -D_CRT_SECURE_NO_DEPRECATE -D_CRT_NONSTDC_NO_DEPRECATE -DOPENSSL_SMALL_FOOTPRINT -DPEDANTIC -DMDE_CPU_X64   -c -o crypto/evp/p_enc.o /builddir/build/BUILD/shim-16.1/Cryptlib/OpenSSL/crypto/evp/p_enc.c
#13 97.15 gcc -std=gnu11 -ggdb -gdwarf-4 -gstrict-dwarf -ffreestanding -fmacro-prefix-map=/builddir/build/BUILD/shim-16.1/= -fno-stack-protector -fno-strict-aliasing -fpic -fshort-wchar -nostdinc -m64 -mno-mmx -mno-sse -mno-red-zone -maccumulate-outgoing-args -Os -Wall -Wextra -Wno-missing-field-initializers -Wno-empty-body -Wno-implicit-fallthrough -Wno-old-style-declaration -Wno-unused-but-set-variable -Wno-unused-parameter -Werror -Wno-error=unused-but-set-variable -Wno-error=unused-parameter -I/builddir/build/BUILD/shim-16.1/Cryptlib/OpenSSL -I/builddir/build/BUILD/shim-16.1/Cryptlib -I/builddir/build/BUILD/shim-16.1/Cryptlib/OpenSSL/Include/ -I/builddir/build/BUILD/shim-16.1/Cryptlib/OpenSSL/crypto -I/builddir/build/BUILD/shim-16.1/Cryptlib/Include -I/builddir/build/BUILD/shim-16.1/gnu-efi/inc -I/builddir/build/BUILD/shim-16.1/gnu-efi/inc/x86_64 -I/builddir/build/BUILD/shim-16.1/gnu-efi/inc/protocol -I/builddir/build/BUILD/shim-16.1/Cryptlib/OpenSSL/crypto/asn1 -I/builddir/build/BUILD/shim-16.1/Cryptlib/OpenSSL/crypto/evp -I/builddir/build/BUILD/shim-16.1/Cryptlib/OpenSSL/crypto/modes -I/builddir/build/BUILD/shim-16.1/Cryptlib/OpenSSL/crypto/include -isystem /builddir/build/BUILD/shim-16.1/include/system -isystem /usr/lib/gcc/x86_64-redhat-linux/11/include -DL_ENDIAN -D_CRT_SECURE_NO_DEPRECATE -D_CRT_NONSTDC_NO_DEPRECATE -DOPENSSL_SMALL_FOOTPRINT -DPEDANTIC -DMDE_CPU_X64   -c -o crypto/evp/p_dec.o /builddir/build/BUILD/shim-16.1/Cryptlib/OpenSSL/crypto/evp/p_dec.c
#13 97.52 gcc -std=gnu11 -ggdb -gdwarf-4 -gstrict-dwarf -ffreestanding -fmacro-prefix-map=/builddir/build/BUILD/shim-16.1/= -fno-stack-protector -fno-strict-aliasing -fpic -fshort-wchar -nostdinc -m64 -mno-mmx -mno-sse -mno-red-zone -maccumulate-outgoing-args -Os -Wall -Wextra -Wno-missing-field-initializers -Wno-empty-body -Wno-implicit-fallthrough -Wno-old-style-declaration -Wno-unused-but-set-variable -Wno-unused-parameter -Werror -Wno-error=unused-but-set-variable -Wno-error=unused-parameter -I/builddir/build/BUILD/shim-16.1/Cryptlib/OpenSSL -I/builddir/build/BUILD/shim-16.1/Cryptlib -I/builddir/build/BUILD/shim-16.1/Cryptlib/OpenSSL/Include/ -I/builddir/build/BUILD/shim-16.1/Cryptlib/OpenSSL/crypto -I/builddir/build/BUILD/shim-16.1/Cryptlib/Include -I/builddir/build/BUILD/shim-16.1/gnu-efi/inc -I/builddir/build/BUILD/shim-16.1/gnu-efi/inc/x86_64 -I/builddir/build/BUILD/shim-16.1/gnu-efi/inc/protocol -I/builddir/build/BUILD/shim-16.1/Cryptlib/OpenSSL/crypto/asn1 -I/builddir/build/BUILD/shim-16.1/Cryptlib/OpenSSL/crypto/evp -I/builddir/build/BUILD/shim-16.1/Cryptlib/OpenSSL/crypto/modes -I/builddir/build/BUILD/shim-16.1/Cryptlib/OpenSSL/crypto/include -isystem /builddir/build/BUILD/shim-16.1/include/system -isystem /usr/lib/gcc/x86_64-redhat-linux/11/include -DL_ENDIAN -D_CRT_SECURE_NO_DEPRECATE -D_CRT_NONSTDC_NO_DEPRECATE -DOPENSSL_SMALL_FOOTPRINT -DPEDANTIC -DMDE_CPU_X64   -c -o crypto/evp/bio_md.o /builddir/build/BUILD/shim-16.1/Cryptlib/OpenSSL/crypto/evp/bio_md.c
#13 97.97 gcc -std=gnu11 -ggdb -gdwarf-4 -gstrict-dwarf -ffreestanding -fmacro-prefix-map=/builddir/build/BUILD/shim-16.1/= -fno-stack-protector -fno-strict-aliasing -fpic -fshort-wchar -nostdinc -m64 -mno-mmx -mno-sse -mno-red-zone -maccumulate-outgoing-args -Os -Wall -Wextra -Wno-missing-field-initializers -Wno-empty-body -Wno-implicit-fallthrough -Wno-old-style-declaration -Wno-unused-but-set-variable -Wno-unused-parameter -Werror -Wno-error=unused-but-set-variable -Wno-error=unused-parameter -I/builddir/build/BUILD/shim-16.1/Cryptlib/OpenSSL -I/builddir/build/BUILD/shim-16.1/Cryptlib -I/builddir/build/BUILD/shim-16.1/Cryptlib/OpenSSL/Include/ -I/builddir/build/BUILD/shim-16.1/Cryptlib/OpenSSL/crypto -I/builddir/build/BUILD/shim-16.1/Cryptlib/Include -I/builddir/build/BUILD/shim-16.1/gnu-efi/inc -I/builddir/build/BUILD/shim-16.1/gnu-efi/inc/x86_64 -I/builddir/build/BUILD/shim-16.1/gnu-efi/inc/protocol -I/builddir/build/BUILD/shim-16.1/Cryptlib/OpenSSL/crypto/asn1 -I/builddir/build/BUILD/shim-16.1/Cryptlib/OpenSSL/crypto/evp -I/builddir/build/BUILD/shim-16.1/Cryptlib/OpenSSL/crypto/modes -I/builddir/build/BUILD/shim-16.1/Cryptlib/OpenSSL/crypto/include -isystem /builddir/build/BUILD/shim-16.1/include/system -isystem /usr/lib/gcc/x86_64-redhat-linux/11/include -DL_ENDIAN -D_CRT_SECURE_NO_DEPRECATE -D_CRT_NONSTDC_NO_DEPRECATE -DOPENSSL_SMALL_FOOTPRINT -DPEDANTIC -DMDE_CPU_X64   -c -o crypto/evp/bio_b64.o /builddir/build/BUILD/shim-16.1/Cryptlib/OpenSSL/crypto/evp/bio_b64.c
#13 98.54 gcc -std=gnu11 -ggdb -gdwarf-4 -gstrict-dwarf -ffreestanding -fmacro-prefix-map=/builddir/build/BUILD/shim-16.1/= -fno-stack-protector -fno-strict-aliasing -fpic -fshort-wchar -nostdinc -m64 -mno-mmx -mno-sse -mno-red-zone -maccumulate-outgoing-args -Os -Wall -Wextra -Wno-missing-field-initializers -Wno-empty-body -Wno-implicit-fallthrough -Wno-old-style-declaration -Wno-unused-but-set-variable -Wno-unused-parameter -Werror -Wno-error=unused-but-set-variable -Wno-error=unused-parameter -I/builddir/build/BUILD/shim-16.1/Cryptlib/OpenSSL -I/builddir/build/BUILD/shim-16.1/Cryptlib -I/builddir/build/BUILD/shim-16.1/Cryptlib/OpenSSL/Include/ -I/builddir/build/BUILD/shim-16.1/Cryptlib/OpenSSL/crypto -I/builddir/build/BUILD/shim-16.1/Cryptlib/Include -I/builddir/build/BUILD/shim-16.1/gnu-efi/inc -I/builddir/build/BUILD/shim-16.1/gnu-efi/inc/x86_64 -I/builddir/build/BUILD/shim-16.1/gnu-efi/inc/protocol -I/builddir/build/BUILD/shim-16.1/Cryptlib/OpenSSL/crypto/asn1 -I/builddir/build/BUILD/shim-16.1/Cryptlib/OpenSSL/crypto/evp -I/builddir/build/BUILD/shim-16.1/Cryptlib/OpenSSL/crypto/modes -I/builddir/build/BUILD/shim-16.1/Cryptlib/OpenSSL/crypto/include -isystem /builddir/build/BUILD/shim-16.1/include/system -isystem /usr/lib/gcc/x86_64-redhat-linux/11/include -DL_ENDIAN -D_CRT_SECURE_NO_DEPRECATE -D_CRT_NONSTDC_NO_DEPRECATE -DOPENSSL_SMALL_FOOTPRINT -DPEDANTIC -DMDE_CPU_X64   -c -o crypto/evp/bio_enc.o /builddir/build/BUILD/shim-16.1/Cryptlib/OpenSSL/crypto/evp/bio_enc.c
#13 99.03 gcc -std=gnu11 -ggdb -gdwarf-4 -gstrict-dwarf -ffreestanding -fmacro-prefix-map=/builddir/build/BUILD/shim-16.1/= -fno-stack-protector -fno-strict-aliasing -fpic -fshort-wchar -nostdinc -m64 -mno-mmx -mno-sse -mno-red-zone -maccumulate-outgoing-args -Os -Wall -Wextra -Wno-missing-field-initializers -Wno-empty-body -Wno-implicit-fallthrough -Wno-old-style-declaration -Wno-unused-but-set-variable -Wno-unused-parameter -Werror -Wno-error=unused-but-set-variable -Wno-error=unused-parameter -I/builddir/build/BUILD/shim-16.1/Cryptlib/OpenSSL -I/builddir/build/BUILD/shim-16.1/Cryptlib -I/builddir/build/BUILD/shim-16.1/Cryptlib/OpenSSL/Include/ -I/builddir/build/BUILD/shim-16.1/Cryptlib/OpenSSL/crypto -I/builddir/build/BUILD/shim-16.1/Cryptlib/Include -I/builddir/build/BUILD/shim-16.1/gnu-efi/inc -I/builddir/build/BUILD/shim-16.1/gnu-efi/inc/x86_64 -I/builddir/build/BUILD/shim-16.1/gnu-efi/inc/protocol -I/builddir/build/BUILD/shim-16.1/Cryptlib/OpenSSL/crypto/asn1 -I/builddir/build/BUILD/shim-16.1/Cryptlib/OpenSSL/crypto/evp -I/builddir/build/BUILD/shim-16.1/Cryptlib/OpenSSL/crypto/modes -I/builddir/build/BUILD/shim-16.1/Cryptlib/OpenSSL/crypto/include -isystem /builddir/build/BUILD/shim-16.1/include/system -isystem /usr/lib/gcc/x86_64-redhat-linux/11/include -DL_ENDIAN -D_CRT_SECURE_NO_DEPRECATE -D_CRT_NONSTDC_NO_DEPRECATE -DOPENSSL_SMALL_FOOTPRINT -DPEDANTIC -DMDE_CPU_X64   -c -o crypto/evp/evp_err.o /builddir/build/BUILD/shim-16.1/Cryptlib/OpenSSL/crypto/evp/evp_err.c
#13 99.30 gcc -std=gnu11 -ggdb -gdwarf-4 -gstrict-dwarf -ffreestanding -fmacro-prefix-map=/builddir/build/BUILD/shim-16.1/= -fno-stack-protector -fno-strict-aliasing -fpic -fshort-wchar -nostdinc -m64 -mno-mmx -mno-sse -mno-red-zone -maccumulate-outgoing-args -Os -Wall -Wextra -Wno-missing-field-initializers -Wno-empty-body -Wno-implicit-fallthrough -Wno-old-style-declaration -Wno-unused-but-set-variable -Wno-unused-parameter -Werror -Wno-error=unused-but-set-variable -Wno-error=unused-parameter -I/builddir/build/BUILD/shim-16.1/Cryptlib/OpenSSL -I/builddir/build/BUILD/shim-16.1/Cryptlib -I/builddir/build/BUILD/shim-16.1/Cryptlib/OpenSSL/Include/ -I/builddir/build/BUILD/shim-16.1/Cryptlib/OpenSSL/crypto -I/builddir/build/BUILD/shim-16.1/Cryptlib/Include -I/builddir/build/BUILD/shim-16.1/gnu-efi/inc -I/builddir/build/BUILD/shim-16.1/gnu-efi/inc/x86_64 -I/builddir/build/BUILD/shim-16.1/gnu-efi/inc/protocol -I/builddir/build/BUILD/shim-16.1/Cryptlib/OpenSSL/crypto/asn1 -I/builddir/build/BUILD/shim-16.1/Cryptlib/OpenSSL/crypto/evp -I/builddir/build/BUILD/shim-16.1/Cryptlib/OpenSSL/crypto/modes -I/builddir/build/BUILD/shim-16.1/Cryptlib/OpenSSL/crypto/include -isystem /builddir/build/BUILD/shim-16.1/include/system -isystem /usr/lib/gcc/x86_64-redhat-linux/11/include -DL_ENDIAN -D_CRT_SECURE_NO_DEPRECATE -D_CRT_NONSTDC_NO_DEPRECATE -DOPENSSL_SMALL_FOOTPRINT -DPEDANTIC -DMDE_CPU_X64   -c -o crypto/evp/e_null.o /builddir/build/BUILD/shim-16.1/Cryptlib/OpenSSL/crypto/evp/e_null.c
#13 99.66 gcc -std=gnu11 -ggdb -gdwarf-4 -gstrict-dwarf -ffreestanding -fmacro-prefix-map=/builddir/build/BUILD/shim-16.1/= -fno-stack-protector -fno-strict-aliasing -fpic -fshort-wchar -nostdinc -m64 -mno-mmx -mno-sse -mno-red-zone -maccumulate-outgoing-args -Os -Wall -Wextra -Wno-missing-field-initializers -Wno-empty-body -Wno-implicit-fallthrough -Wno-old-style-declaration -Wno-unused-but-set-variable -Wno-unused-parameter -Werror -Wno-error=unused-but-set-variable -Wno-error=unused-parameter -I/builddir/build/BUILD/shim-16.1/Cryptlib/OpenSSL -I/builddir/build/BUILD/shim-16.1/Cryptlib -I/builddir/build/BUILD/shim-16.1/Cryptlib/OpenSSL/Include/ -I/builddir/build/BUILD/shim-16.1/Cryptlib/OpenSSL/crypto -I/builddir/build/BUILD/shim-16.1/Cryptlib/Include -I/builddir/build/BUILD/shim-16.1/gnu-efi/inc -I/builddir/build/BUILD/shim-16.1/gnu-efi/inc/x86_64 -I/builddir/build/BUILD/shim-16.1/gnu-efi/inc/protocol -I/builddir/build/BUILD/shim-16.1/Cryptlib/OpenSSL/crypto/asn1 -I/builddir/build/BUILD/shim-16.1/Cryptlib/OpenSSL/crypto/evp -I/builddir/build/BUILD/shim-16.1/Cryptlib/OpenSSL/crypto/modes -I/builddir/build/BUILD/shim-16.1/Cryptlib/OpenSSL/crypto/include -isystem /builddir/build/BUILD/shim-16.1/include/system -isystem /usr/lib/gcc/x86_64-redhat-linux/11/include -DL_ENDIAN -D_CRT_SECURE_NO_DEPRECATE -D_CRT_NONSTDC_NO_DEPRECATE -DOPENSSL_SMALL_FOOTPRINT -DPEDANTIC -DMDE_CPU_X64   -c -o crypto/evp/c_all.o /builddir/build/BUILD/shim-16.1/Cryptlib/OpenSSL/crypto/evp/c_all.c
#13 99.95 gcc -std=gnu11 -ggdb -gdwarf-4 -gstrict-dwarf -ffreestanding -fmacro-prefix-map=/builddir/build/BUILD/shim-16.1/= -fno-stack-protector -fno-strict-aliasing -fpic -fshort-wchar -nostdinc -m64 -mno-mmx -mno-sse -mno-red-zone -maccumulate-outgoing-args -Os -Wall -Wextra -Wno-missing-field-initializers -Wno-empty-body -Wno-implicit-fallthrough -Wno-old-style-declaration -Wno-unused-but-set-variable -Wno-unused-parameter -Werror -Wno-error=unused-but-set-variable -Wno-error=unused-parameter -I/builddir/build/BUILD/shim-16.1/Cryptlib/OpenSSL -I/builddir/build/BUILD/shim-16.1/Cryptlib -I/builddir/build/BUILD/shim-16.1/Cryptlib/OpenSSL/Include/ -I/builddir/build/BUILD/shim-16.1/Cryptlib/OpenSSL/crypto -I/builddir/build/BUILD/shim-16.1/Cryptlib/Include -I/builddir/build/BUILD/shim-16.1/gnu-efi/inc -I/builddir/build/BUILD/shim-16.1/gnu-efi/inc/x86_64 -I/builddir/build/BUILD/shim-16.1/gnu-efi/inc/protocol -I/builddir/build/BUILD/shim-16.1/Cryptlib/OpenSSL/crypto/asn1 -I/builddir/build/BUILD/shim-16.1/Cryptlib/OpenSSL/crypto/evp -I/builddir/build/BUILD/shim-16.1/Cryptlib/OpenSSL/crypto/modes -I/builddir/build/BUILD/shim-16.1/Cryptlib/OpenSSL/crypto/include -isystem /builddir/build/BUILD/shim-16.1/include/system -isystem /usr/lib/gcc/x86_64-redhat-linux/11/include -DL_ENDIAN -D_CRT_SECURE_NO_DEPRECATE -D_CRT_NONSTDC_NO_DEPRECATE -DOPENSSL_SMALL_FOOTPRINT -DPEDANTIC -DMDE_CPU_X64   -c -o crypto/evp/c_allc.o /builddir/build/BUILD/shim-16.1/Cryptlib/OpenSSL/crypto/evp/c_allc.c
#13 100.3 gcc -std=gnu11 -ggdb -gdwarf-4 -gstrict-dwarf -ffreestanding -fmacro-prefix-map=/builddir/build/BUILD/shim-16.1/= -fno-stack-protector -fno-strict-aliasing -fpic -fshort-wchar -nostdinc -m64 -mno-mmx -mno-sse -mno-red-zone -maccumulate-outgoing-args -Os -Wall -Wextra -Wno-missing-field-initializers -Wno-empty-body -Wno-implicit-fallthrough -Wno-old-style-declaration -Wno-unused-but-set-variable -Wno-unused-parameter -Werror -Wno-error=unused-but-set-variable -Wno-error=unused-parameter -I/builddir/build/BUILD/shim-16.1/Cryptlib/OpenSSL -I/builddir/build/BUILD/shim-16.1/Cryptlib -I/builddir/build/BUILD/shim-16.1/Cryptlib/OpenSSL/Include/ -I/builddir/build/BUILD/shim-16.1/Cryptlib/OpenSSL/crypto -I/builddir/build/BUILD/shim-16.1/Cryptlib/Include -I/builddir/build/BUILD/shim-16.1/gnu-efi/inc -I/builddir/build/BUILD/shim-16.1/gnu-efi/inc/x86_64 -I/builddir/build/BUILD/shim-16.1/gnu-efi/inc/protocol -I/builddir/build/BUILD/shim-16.1/Cryptlib/OpenSSL/crypto/asn1 -I/builddir/build/BUILD/shim-16.1/Cryptlib/OpenSSL/crypto/evp -I/builddir/build/BUILD/shim-16.1/Cryptlib/OpenSSL/crypto/modes -I/builddir/build/BUILD/shim-16.1/Cryptlib/OpenSSL/crypto/include -isystem /builddir/build/BUILD/shim-16.1/include/system -isystem /usr/lib/gcc/x86_64-redhat-linux/11/include -DL_ENDIAN -D_CRT_SECURE_NO_DEPRECATE -D_CRT_NONSTDC_NO_DEPRECATE -DOPENSSL_SMALL_FOOTPRINT -DPEDANTIC -DMDE_CPU_X64   -c -o crypto/evp/c_alld.o /builddir/build/BUILD/shim-16.1/Cryptlib/OpenSSL/crypto/evp/c_alld.c
#13 100.6 gcc -std=gnu11 -ggdb -gdwarf-4 -gstrict-dwarf -ffreestanding -fmacro-prefix-map=/builddir/build/BUILD/shim-16.1/= -fno-stack-protector -fno-strict-aliasing -fpic -fshort-wchar -nostdinc -m64 -mno-mmx -mno-sse -mno-red-zone -maccumulate-outgoing-args -Os -Wall -Wextra -Wno-missing-field-initializers -Wno-empty-body -Wno-implicit-fallthrough -Wno-old-style-declaration -Wno-unused-but-set-variable -Wno-unused-parameter -Werror -Wno-error=unused-but-set-variable -Wno-error=unused-parameter -I/builddir/build/BUILD/shim-16.1/Cryptlib/OpenSSL -I/builddir/build/BUILD/shim-16.1/Cryptlib -I/builddir/build/BUILD/shim-16.1/Cryptlib/OpenSSL/Include/ -I/builddir/build/BUILD/shim-16.1/Cryptlib/OpenSSL/crypto -I/builddir/build/BUILD/shim-16.1/Cryptlib/Include -I/builddir/build/BUILD/shim-16.1/gnu-efi/inc -I/builddir/build/BUILD/shim-16.1/gnu-efi/inc/x86_64 -I/builddir/build/BUILD/shim-16.1/gnu-efi/inc/protocol -I/builddir/build/BUILD/shim-16.1/Cryptlib/OpenSSL/crypto/asn1 -I/builddir/build/BUILD/shim-16.1/Cryptlib/OpenSSL/crypto/evp -I/builddir/build/BUILD/shim-16.1/Cryptlib/OpenSSL/crypto/modes -I/builddir/build/BUILD/shim-16.1/Cryptlib/OpenSSL/crypto/include -isystem /builddir/build/BUILD/shim-16.1/include/system -isystem /usr/lib/gcc/x86_64-redhat-linux/11/include -DL_ENDIAN -D_CRT_SECURE_NO_DEPRECATE -D_CRT_NONSTDC_NO_DEPRECATE -DOPENSSL_SMALL_FOOTPRINT -DPEDANTIC -DMDE_CPU_X64   -c -o crypto/evp/evp_lib.o /builddir/build/BUILD/shim-16.1/Cryptlib/OpenSSL/crypto/evp/evp_lib.c
#13 101.1 gcc -std=gnu11 -ggdb -gdwarf-4 -gstrict-dwarf -ffreestanding -fmacro-prefix-map=/builddir/build/BUILD/shim-16.1/= -fno-stack-protector -fno-strict-aliasing -fpic -fshort-wchar -nostdinc -m64 -mno-mmx -mno-sse -mno-red-zone -maccumulate-outgoing-args -Os -Wall -Wextra -Wno-missing-field-initializers -Wno-empty-body -Wno-implicit-fallthrough -Wno-old-style-declaration -Wno-unused-but-set-variable -Wno-unused-parameter -Werror -Wno-error=unused-but-set-variable -Wno-error=unused-parameter -I/builddir/build/BUILD/shim-16.1/Cryptlib/OpenSSL -I/builddir/build/BUILD/shim-16.1/Cryptlib -I/builddir/build/BUILD/shim-16.1/Cryptlib/OpenSSL/Include/ -I/builddir/build/BUILD/shim-16.1/Cryptlib/OpenSSL/crypto -I/builddir/build/BUILD/shim-16.1/Cryptlib/Include -I/builddir/build/BUILD/shim-16.1/gnu-efi/inc -I/builddir/build/BUILD/shim-16.1/gnu-efi/inc/x86_64 -I/builddir/build/BUILD/shim-16.1/gnu-efi/inc/protocol -I/builddir/build/BUILD/shim-16.1/Cryptlib/OpenSSL/crypto/asn1 -I/builddir/build/BUILD/shim-16.1/Cryptlib/OpenSSL/crypto/evp -I/builddir/build/BUILD/shim-16.1/Cryptlib/OpenSSL/crypto/modes -I/builddir/build/BUILD/shim-16.1/Cryptlib/OpenSSL/crypto/include -isystem /builddir/build/BUILD/shim-16.1/include/system -isystem /usr/lib/gcc/x86_64-redhat-linux/11/include -DL_ENDIAN -D_CRT_SECURE_NO_DEPRECATE -D_CRT_NONSTDC_NO_DEPRECATE -DOPENSSL_SMALL_FOOTPRINT -DPEDANTIC -DMDE_CPU_X64   -c -o crypto/evp/bio_ok.o /builddir/build/BUILD/shim-16.1/Cryptlib/OpenSSL/crypto/evp/bio_ok.c
#13 101.7 gcc -std=gnu11 -ggdb -gdwarf-4 -gstrict-dwarf -ffreestanding -fmacro-prefix-map=/builddir/build/BUILD/shim-16.1/= -fno-stack-protector -fno-strict-aliasing -fpic -fshort-wchar -nostdinc -m64 -mno-mmx -mno-sse -mno-red-zone -maccumulate-outgoing-args -Os -Wall -Wextra -Wno-missing-field-initializers -Wno-empty-body -Wno-implicit-fallthrough -Wno-old-style-declaration -Wno-unused-but-set-variable -Wno-unused-parameter -Werror -Wno-error=unused-but-set-variable -Wno-error=unused-parameter -I/builddir/build/BUILD/shim-16.1/Cryptlib/OpenSSL -I/builddir/build/BUILD/shim-16.1/Cryptlib -I/builddir/build/BUILD/shim-16.1/Cryptlib/OpenSSL/Include/ -I/builddir/build/BUILD/shim-16.1/Cryptlib/OpenSSL/crypto -I/builddir/build/BUILD/shim-16.1/Cryptlib/Include -I/builddir/build/BUILD/shim-16.1/gnu-efi/inc -I/builddir/build/BUILD/shim-16.1/gnu-efi/inc/x86_64 -I/builddir/build/BUILD/shim-16.1/gnu-efi/inc/protocol -I/builddir/build/BUILD/shim-16.1/Cryptlib/OpenSSL/crypto/asn1 -I/builddir/build/BUILD/shim-16.1/Cryptlib/OpenSSL/crypto/evp -I/builddir/build/BUILD/shim-16.1/Cryptlib/OpenSSL/crypto/modes -I/builddir/build/BUILD/shim-16.1/Cryptlib/OpenSSL/crypto/include -isystem /builddir/build/BUILD/shim-16.1/include/system -isystem /usr/lib/gcc/x86_64-redhat-linux/11/include -DL_ENDIAN -D_CRT_SECURE_NO_DEPRECATE -D_CRT_NONSTDC_NO_DEPRECATE -DOPENSSL_SMALL_FOOTPRINT -DPEDANTIC -DMDE_CPU_X64   -c -o crypto/evp/evp_pkey.o /builddir/build/BUILD/shim-16.1/Cryptlib/OpenSSL/crypto/evp/evp_pkey.c
#13 102.1 gcc -std=gnu11 -ggdb -gdwarf-4 -gstrict-dwarf -ffreestanding -fmacro-prefix-map=/builddir/build/BUILD/shim-16.1/= -fno-stack-protector -fno-strict-aliasing -fpic -fshort-wchar -nostdinc -m64 -mno-mmx -mno-sse -mno-red-zone -maccumulate-outgoing-args -Os -Wall -Wextra -Wno-missing-field-initializers -Wno-empty-body -Wno-implicit-fallthrough -Wno-old-style-declaration -Wno-unused-but-set-variable -Wno-unused-parameter -Werror -Wno-error=unused-but-set-variable -Wno-error=unused-parameter -I/builddir/build/BUILD/shim-16.1/Cryptlib/OpenSSL -I/builddir/build/BUILD/shim-16.1/Cryptlib -I/builddir/build/BUILD/shim-16.1/Cryptlib/OpenSSL/Include/ -I/builddir/build/BUILD/shim-16.1/Cryptlib/OpenSSL/crypto -I/builddir/build/BUILD/shim-16.1/Cryptlib/Include -I/builddir/build/BUILD/shim-16.1/gnu-efi/inc -I/builddir/build/BUILD/shim-16.1/gnu-efi/inc/x86_64 -I/builddir/build/BUILD/shim-16.1/gnu-efi/inc/protocol -I/builddir/build/BUILD/shim-16.1/Cryptlib/OpenSSL/crypto/asn1 -I/builddir/build/BUILD/shim-16.1/Cryptlib/OpenSSL/crypto/evp -I/builddir/build/BUILD/shim-16.1/Cryptlib/OpenSSL/crypto/modes -I/builddir/build/BUILD/shim-16.1/Cryptlib/OpenSSL/crypto/include -isystem /builddir/build/BUILD/shim-16.1/include/system -isystem /usr/lib/gcc/x86_64-redhat-linux/11/include -DL_ENDIAN -D_CRT_SECURE_NO_DEPRECATE -D_CRT_NONSTDC_NO_DEPRECATE -DOPENSSL_SMALL_FOOTPRINT -DPEDANTIC -DMDE_CPU_X64   -c -o crypto/evp/evp_pbe.o /builddir/build/BUILD/shim-16.1/Cryptlib/OpenSSL/crypto/evp/evp_pbe.c
#13 102.5 gcc -std=gnu11 -ggdb -gdwarf-4 -gstrict-dwarf -ffreestanding -fmacro-prefix-map=/builddir/build/BUILD/shim-16.1/= -fno-stack-protector -fno-strict-aliasing -fpic -fshort-wchar -nostdinc -m64 -mno-mmx -mno-sse -mno-red-zone -maccumulate-outgoing-args -Os -Wall -Wextra -Wno-missing-field-initializers -Wno-empty-body -Wno-implicit-fallthrough -Wno-old-style-declaration -Wno-unused-but-set-variable -Wno-unused-parameter -Werror -Wno-error=unused-but-set-variable -Wno-error=unused-parameter -I/builddir/build/BUILD/shim-16.1/Cryptlib/OpenSSL -I/builddir/build/BUILD/shim-16.1/Cryptlib -I/builddir/build/BUILD/shim-16.1/Cryptlib/OpenSSL/Include/ -I/builddir/build/BUILD/shim-16.1/Cryptlib/OpenSSL/crypto -I/builddir/build/BUILD/shim-16.1/Cryptlib/Include -I/builddir/build/BUILD/shim-16.1/gnu-efi/inc -I/builddir/build/BUILD/shim-16.1/gnu-efi/inc/x86_64 -I/builddir/build/BUILD/shim-16.1/gnu-efi/inc/protocol -I/builddir/build/BUILD/shim-16.1/Cryptlib/OpenSSL/crypto/asn1 -I/builddir/build/BUILD/shim-16.1/Cryptlib/OpenSSL/crypto/evp -I/builddir/build/BUILD/shim-16.1/Cryptlib/OpenSSL/crypto/modes -I/builddir/build/BUILD/shim-16.1/Cryptlib/OpenSSL/crypto/include -isystem /builddir/build/BUILD/shim-16.1/include/system -isystem /usr/lib/gcc/x86_64-redhat-linux/11/include -DL_ENDIAN -D_CRT_SECURE_NO_DEPRECATE -D_CRT_NONSTDC_NO_DEPRECATE -DOPENSSL_SMALL_FOOTPRINT -DPEDANTIC -DMDE_CPU_X64   -c -o crypto/evp/p5_crpt.o /builddir/build/BUILD/shim-16.1/Cryptlib/OpenSSL/crypto/evp/p5_crpt.c
#13 103.0 gcc -std=gnu11 -ggdb -gdwarf-4 -gstrict-dwarf -ffreestanding -fmacro-prefix-map=/builddir/build/BUILD/shim-16.1/= -fno-stack-protector -fno-strict-aliasing -fpic -fshort-wchar -nostdinc -m64 -mno-mmx -mno-sse -mno-red-zone -maccumulate-outgoing-args -Os -Wall -Wextra -Wno-missing-field-initializers -Wno-empty-body -Wno-implicit-fallthrough -Wno-old-style-declaration -Wno-unused-but-set-variable -Wno-unused-parameter -Werror -Wno-error=unused-but-set-variable -Wno-error=unused-parameter -I/builddir/build/BUILD/shim-16.1/Cryptlib/OpenSSL -I/builddir/build/BUILD/shim-16.1/Cryptlib -I/builddir/build/BUILD/shim-16.1/Cryptlib/OpenSSL/Include/ -I/builddir/build/BUILD/shim-16.1/Cryptlib/OpenSSL/crypto -I/builddir/build/BUILD/shim-16.1/Cryptlib/Include -I/builddir/build/BUILD/shim-16.1/gnu-efi/inc -I/builddir/build/BUILD/shim-16.1/gnu-efi/inc/x86_64 -I/builddir/build/BUILD/shim-16.1/gnu-efi/inc/protocol -I/builddir/build/BUILD/shim-16.1/Cryptlib/OpenSSL/crypto/asn1 -I/builddir/build/BUILD/shim-16.1/Cryptlib/OpenSSL/crypto/evp -I/builddir/build/BUILD/shim-16.1/Cryptlib/OpenSSL/crypto/modes -I/builddir/build/BUILD/shim-16.1/Cryptlib/OpenSSL/crypto/include -isystem /builddir/build/BUILD/shim-16.1/include/system -isystem /usr/lib/gcc/x86_64-redhat-linux/11/include -DL_ENDIAN -D_CRT_SECURE_NO_DEPRECATE -D_CRT_NONSTDC_NO_DEPRECATE -DOPENSSL_SMALL_FOOTPRINT -DPEDANTIC -DMDE_CPU_X64   -c -o crypto/evp/p5_crpt2.o /builddir/build/BUILD/shim-16.1/Cryptlib/OpenSSL/crypto/evp/p5_crpt2.c
#13 103.5 gcc -std=gnu11 -ggdb -gdwarf-4 -gstrict-dwarf -ffreestanding -fmacro-prefix-map=/builddir/build/BUILD/shim-16.1/= -fno-stack-protector -fno-strict-aliasing -fpic -fshort-wchar -nostdinc -m64 -mno-mmx -mno-sse -mno-red-zone -maccumulate-outgoing-args -Os -Wall -Wextra -Wno-missing-field-initializers -Wno-empty-body -Wno-implicit-fallthrough -Wno-old-style-declaration -Wno-unused-but-set-variable -Wno-unused-parameter -Werror -Wno-error=unused-but-set-variable -Wno-error=unused-parameter -I/builddir/build/BUILD/shim-16.1/Cryptlib/OpenSSL -I/builddir/build/BUILD/shim-16.1/Cryptlib -I/builddir/build/BUILD/shim-16.1/Cryptlib/OpenSSL/Include/ -I/builddir/build/BUILD/shim-16.1/Cryptlib/OpenSSL/crypto -I/builddir/build/BUILD/shim-16.1/Cryptlib/Include -I/builddir/build/BUILD/shim-16.1/gnu-efi/inc -I/builddir/build/BUILD/shim-16.1/gnu-efi/inc/x86_64 -I/builddir/build/BUILD/shim-16.1/gnu-efi/inc/protocol -I/builddir/build/BUILD/shim-16.1/Cryptlib/OpenSSL/crypto/asn1 -I/builddir/build/BUILD/shim-16.1/Cryptlib/OpenSSL/crypto/evp -I/builddir/build/BUILD/shim-16.1/Cryptlib/OpenSSL/crypto/modes -I/builddir/build/BUILD/shim-16.1/Cryptlib/OpenSSL/crypto/include -isystem /builddir/build/BUILD/shim-16.1/include/system -isystem /usr/lib/gcc/x86_64-redhat-linux/11/include -DL_ENDIAN -D_CRT_SECURE_NO_DEPRECATE -D_CRT_NONSTDC_NO_DEPRECATE -DOPENSSL_SMALL_FOOTPRINT -DPEDANTIC -DMDE_CPU_X64   -c -o crypto/evp/e_old.o /builddir/build/BUILD/shim-16.1/Cryptlib/OpenSSL/crypto/evp/e_old.c
#13 103.8 gcc -std=gnu11 -ggdb -gdwarf-4 -gstrict-dwarf -ffreestanding -fmacro-prefix-map=/builddir/build/BUILD/shim-16.1/= -fno-stack-protector -fno-strict-aliasing -fpic -fshort-wchar -nostdinc -m64 -mno-mmx -mno-sse -mno-red-zone -maccumulate-outgoing-args -Os -Wall -Wextra -Wno-missing-field-initializers -Wno-empty-body -Wno-implicit-fallthrough -Wno-old-style-declaration -Wno-unused-but-set-variable -Wno-unused-parameter -Werror -Wno-error=unused-but-set-variable -Wno-error=unused-parameter -I/builddir/build/BUILD/shim-16.1/Cryptlib/OpenSSL -I/builddir/build/BUILD/shim-16.1/Cryptlib -I/builddir/build/BUILD/shim-16.1/Cryptlib/OpenSSL/Include/ -I/builddir/build/BUILD/shim-16.1/Cryptlib/OpenSSL/crypto -I/builddir/build/BUILD/shim-16.1/Cryptlib/Include -I/builddir/build/BUILD/shim-16.1/gnu-efi/inc -I/builddir/build/BUILD/shim-16.1/gnu-efi/inc/x86_64 -I/builddir/build/BUILD/shim-16.1/gnu-efi/inc/protocol -I/builddir/build/BUILD/shim-16.1/Cryptlib/OpenSSL/crypto/asn1 -I/builddir/build/BUILD/shim-16.1/Cryptlib/OpenSSL/crypto/evp -I/builddir/build/BUILD/shim-16.1/Cryptlib/OpenSSL/crypto/modes -I/builddir/build/BUILD/shim-16.1/Cryptlib/OpenSSL/crypto/include -isystem /builddir/build/BUILD/shim-16.1/include/system -isystem /usr/lib/gcc/x86_64-redhat-linux/11/include -DL_ENDIAN -D_CRT_SECURE_NO_DEPRECATE -D_CRT_NONSTDC_NO_DEPRECATE -DOPENSSL_SMALL_FOOTPRINT -DPEDANTIC -DMDE_CPU_X64   -c -o crypto/evp/pmeth_lib.o /builddir/build/BUILD/shim-16.1/Cryptlib/OpenSSL/crypto/evp/pmeth_lib.c
#13 104.3 gcc -std=gnu11 -ggdb -gdwarf-4 -gstrict-dwarf -ffreestanding -fmacro-prefix-map=/builddir/build/BUILD/shim-16.1/= -fno-stack-protector -fno-strict-aliasing -fpic -fshort-wchar -nostdinc -m64 -mno-mmx -mno-sse -mno-red-zone -maccumulate-outgoing-args -Os -Wall -Wextra -Wno-missing-field-initializers -Wno-empty-body -Wno-implicit-fallthrough -Wno-old-style-declaration -Wno-unused-but-set-variable -Wno-unused-parameter -Werror -Wno-error=unused-but-set-variable -Wno-error=unused-parameter -I/builddir/build/BUILD/shim-16.1/Cryptlib/OpenSSL -I/builddir/build/BUILD/shim-16.1/Cryptlib -I/builddir/build/BUILD/shim-16.1/Cryptlib/OpenSSL/Include/ -I/builddir/build/BUILD/shim-16.1/Cryptlib/OpenSSL/crypto -I/builddir/build/BUILD/shim-16.1/Cryptlib/Include -I/builddir/build/BUILD/shim-16.1/gnu-efi/inc -I/builddir/build/BUILD/shim-16.1/gnu-efi/inc/x86_64 -I/builddir/build/BUILD/shim-16.1/gnu-efi/inc/protocol -I/builddir/build/BUILD/shim-16.1/Cryptlib/OpenSSL/crypto/asn1 -I/builddir/build/BUILD/shim-16.1/Cryptlib/OpenSSL/crypto/evp -I/builddir/build/BUILD/shim-16.1/Cryptlib/OpenSSL/crypto/modes -I/builddir/build/BUILD/shim-16.1/Cryptlib/OpenSSL/crypto/include -isystem /builddir/build/BUILD/shim-16.1/include/system -isystem /usr/lib/gcc/x86_64-redhat-linux/11/include -DL_ENDIAN -D_CRT_SECURE_NO_DEPRECATE -D_CRT_NONSTDC_NO_DEPRECATE -DOPENSSL_SMALL_FOOTPRINT -DPEDANTIC -DMDE_CPU_X64   -c -o crypto/evp/pmeth_fn.o /builddir/build/BUILD/shim-16.1/Cryptlib/OpenSSL/crypto/evp/pmeth_fn.c
#13 104.7 gcc -std=gnu11 -ggdb -gdwarf-4 -gstrict-dwarf -ffreestanding -fmacro-prefix-map=/builddir/build/BUILD/shim-16.1/= -fno-stack-protector -fno-strict-aliasing -fpic -fshort-wchar -nostdinc -m64 -mno-mmx -mno-sse -mno-red-zone -maccumulate-outgoing-args -Os -Wall -Wextra -Wno-missing-field-initializers -Wno-empty-body -Wno-implicit-fallthrough -Wno-old-style-declaration -Wno-unused-but-set-variable -Wno-unused-parameter -Werror -Wno-error=unused-but-set-variable -Wno-error=unused-parameter -I/builddir/build/BUILD/shim-16.1/Cryptlib/OpenSSL -I/builddir/build/BUILD/shim-16.1/Cryptlib -I/builddir/build/BUILD/shim-16.1/Cryptlib/OpenSSL/Include/ -I/builddir/build/BUILD/shim-16.1/Cryptlib/OpenSSL/crypto -I/builddir/build/BUILD/shim-16.1/Cryptlib/Include -I/builddir/build/BUILD/shim-16.1/gnu-efi/inc -I/builddir/build/BUILD/shim-16.1/gnu-efi/inc/x86_64 -I/builddir/build/BUILD/shim-16.1/gnu-efi/inc/protocol -I/builddir/build/BUILD/shim-16.1/Cryptlib/OpenSSL/crypto/asn1 -I/builddir/build/BUILD/shim-16.1/Cryptlib/OpenSSL/crypto/evp -I/builddir/build/BUILD/shim-16.1/Cryptlib/OpenSSL/crypto/modes -I/builddir/build/BUILD/shim-16.1/Cryptlib/OpenSSL/crypto/include -isystem /builddir/build/BUILD/shim-16.1/include/system -isystem /usr/lib/gcc/x86_64-redhat-linux/11/include -DL_ENDIAN -D_CRT_SECURE_NO_DEPRECATE -D_CRT_NONSTDC_NO_DEPRECATE -DOPENSSL_SMALL_FOOTPRINT -DPEDANTIC -DMDE_CPU_X64   -c -o crypto/evp/pmeth_gn.o /builddir/build/BUILD/shim-16.1/Cryptlib/OpenSSL/crypto/evp/pmeth_gn.c
#13 105.2 gcc -std=gnu11 -ggdb -gdwarf-4 -gstrict-dwarf -ffreestanding -fmacro-prefix-map=/builddir/build/BUILD/shim-16.1/= -fno-stack-protector -fno-strict-aliasing -fpic -fshort-wchar -nostdinc -m64 -mno-mmx -mno-sse -mno-red-zone -maccumulate-outgoing-args -Os -Wall -Wextra -Wno-missing-field-initializers -Wno-empty-body -Wno-implicit-fallthrough -Wno-old-style-declaration -Wno-unused-but-set-variable -Wno-unused-parameter -Werror -Wno-error=unused-but-set-variable -Wno-error=unused-parameter -I/builddir/build/BUILD/shim-16.1/Cryptlib/OpenSSL -I/builddir/build/BUILD/shim-16.1/Cryptlib -I/builddir/build/BUILD/shim-16.1/Cryptlib/OpenSSL/Include/ -I/builddir/build/BUILD/shim-16.1/Cryptlib/OpenSSL/crypto -I/builddir/build/BUILD/shim-16.1/Cryptlib/Include -I/builddir/build/BUILD/shim-16.1/gnu-efi/inc -I/builddir/build/BUILD/shim-16.1/gnu-efi/inc/x86_64 -I/builddir/build/BUILD/shim-16.1/gnu-efi/inc/protocol -I/builddir/build/BUILD/shim-16.1/Cryptlib/OpenSSL/crypto/asn1 -I/builddir/build/BUILD/shim-16.1/Cryptlib/OpenSSL/crypto/evp -I/builddir/build/BUILD/shim-16.1/Cryptlib/OpenSSL/crypto/modes -I/builddir/build/BUILD/shim-16.1/Cryptlib/OpenSSL/crypto/include -isystem /builddir/build/BUILD/shim-16.1/include/system -isystem /usr/lib/gcc/x86_64-redhat-linux/11/include -DL_ENDIAN -D_CRT_SECURE_NO_DEPRECATE -D_CRT_NONSTDC_NO_DEPRECATE -DOPENSSL_SMALL_FOOTPRINT -DPEDANTIC -DMDE_CPU_X64   -c -o crypto/evp/m_sigver.o /builddir/build/BUILD/shim-16.1/Cryptlib/OpenSSL/crypto/evp/m_sigver.c
#13 105.6 gcc -std=gnu11 -ggdb -gdwarf-4 -gstrict-dwarf -ffreestanding -fmacro-prefix-map=/builddir/build/BUILD/shim-16.1/= -fno-stack-protector -fno-strict-aliasing -fpic -fshort-wchar -nostdinc -m64 -mno-mmx -mno-sse -mno-red-zone -maccumulate-outgoing-args -Os -Wall -Wextra -Wno-missing-field-initializers -Wno-empty-body -Wno-implicit-fallthrough -Wno-old-style-declaration -Wno-unused-but-set-variable -Wno-unused-parameter -Werror -Wno-error=unused-but-set-variable -Wno-error=unused-parameter -I/builddir/build/BUILD/shim-16.1/Cryptlib/OpenSSL -I/builddir/build/BUILD/shim-16.1/Cryptlib -I/builddir/build/BUILD/shim-16.1/Cryptlib/OpenSSL/Include/ -I/builddir/build/BUILD/shim-16.1/Cryptlib/OpenSSL/crypto -I/builddir/build/BUILD/shim-16.1/Cryptlib/Include -I/builddir/build/BUILD/shim-16.1/gnu-efi/inc -I/builddir/build/BUILD/shim-16.1/gnu-efi/inc/x86_64 -I/builddir/build/BUILD/shim-16.1/gnu-efi/inc/protocol -I/builddir/build/BUILD/shim-16.1/Cryptlib/OpenSSL/crypto/asn1 -I/builddir/build/BUILD/shim-16.1/Cryptlib/OpenSSL/crypto/evp -I/builddir/build/BUILD/shim-16.1/Cryptlib/OpenSSL/crypto/modes -I/builddir/build/BUILD/shim-16.1/Cryptlib/OpenSSL/crypto/include -isystem /builddir/build/BUILD/shim-16.1/include/system -isystem /usr/lib/gcc/x86_64-redhat-linux/11/include -DL_ENDIAN -D_CRT_SECURE_NO_DEPRECATE -D_CRT_NONSTDC_NO_DEPRECATE -DOPENSSL_SMALL_FOOTPRINT -DPEDANTIC -DMDE_CPU_X64   -c -o crypto/evp/e_aes_cbc_hmac_sha1.o /builddir/build/BUILD/shim-16.1/Cryptlib/OpenSSL/crypto/evp/e_aes_cbc_hmac_sha1.c
#13 105.9 gcc -std=gnu11 -ggdb -gdwarf-4 -gstrict-dwarf -ffreestanding -fmacro-prefix-map=/builddir/build/BUILD/shim-16.1/= -fno-stack-protector -fno-strict-aliasing -fpic -fshort-wchar -nostdinc -m64 -mno-mmx -mno-sse -mno-red-zone -maccumulate-outgoing-args -Os -Wall -Wextra -Wno-missing-field-initializers -Wno-empty-body -Wno-implicit-fallthrough -Wno-old-style-declaration -Wno-unused-but-set-variable -Wno-unused-parameter -Werror -Wno-error=unused-but-set-variable -Wno-error=unused-parameter -I/builddir/build/BUILD/shim-16.1/Cryptlib/OpenSSL -I/builddir/build/BUILD/shim-16.1/Cryptlib -I/builddir/build/BUILD/shim-16.1/Cryptlib/OpenSSL/Include/ -I/builddir/build/BUILD/shim-16.1/Cryptlib/OpenSSL/crypto -I/builddir/build/BUILD/shim-16.1/Cryptlib/Include -I/builddir/build/BUILD/shim-16.1/gnu-efi/inc -I/builddir/build/BUILD/shim-16.1/gnu-efi/inc/x86_64 -I/builddir/build/BUILD/shim-16.1/gnu-efi/inc/protocol -I/builddir/build/BUILD/shim-16.1/Cryptlib/OpenSSL/crypto/asn1 -I/builddir/build/BUILD/shim-16.1/Cryptlib/OpenSSL/crypto/evp -I/builddir/build/BUILD/shim-16.1/Cryptlib/OpenSSL/crypto/modes -I/builddir/build/BUILD/shim-16.1/Cryptlib/OpenSSL/crypto/include -isystem /builddir/build/BUILD/shim-16.1/include/system -isystem /usr/lib/gcc/x86_64-redhat-linux/11/include -DL_ENDIAN -D_CRT_SECURE_NO_DEPRECATE -D_CRT_NONSTDC_NO_DEPRECATE -DOPENSSL_SMALL_FOOTPRINT -DPEDANTIC -DMDE_CPU_X64   -c -o crypto/evp/e_aes_cbc_hmac_sha256.o /builddir/build/BUILD/shim-16.1/Cryptlib/OpenSSL/crypto/evp/e_aes_cbc_hmac_sha256.c
#13 106.2 gcc -std=gnu11 -ggdb -gdwarf-4 -gstrict-dwarf -ffreestanding -fmacro-prefix-map=/builddir/build/BUILD/shim-16.1/= -fno-stack-protector -fno-strict-aliasing -fpic -fshort-wchar -nostdinc -m64 -mno-mmx -mno-sse -mno-red-zone -maccumulate-outgoing-args -Os -Wall -Wextra -Wno-missing-field-initializers -Wno-empty-body -Wno-implicit-fallthrough -Wno-old-style-declaration -Wno-unused-but-set-variable -Wno-unused-parameter -Werror -Wno-error=unused-but-set-variable -Wno-error=unused-parameter -I/builddir/build/BUILD/shim-16.1/Cryptlib/OpenSSL -I/builddir/build/BUILD/shim-16.1/Cryptlib -I/builddir/build/BUILD/shim-16.1/Cryptlib/OpenSSL/Include/ -I/builddir/build/BUILD/shim-16.1/Cryptlib/OpenSSL/crypto -I/builddir/build/BUILD/shim-16.1/Cryptlib/Include -I/builddir/build/BUILD/shim-16.1/gnu-efi/inc -I/builddir/build/BUILD/shim-16.1/gnu-efi/inc/x86_64 -I/builddir/build/BUILD/shim-16.1/gnu-efi/inc/protocol -I/builddir/build/BUILD/shim-16.1/Cryptlib/OpenSSL/crypto/asn1 -I/builddir/build/BUILD/shim-16.1/Cryptlib/OpenSSL/crypto/evp -I/builddir/build/BUILD/shim-16.1/Cryptlib/OpenSSL/crypto/modes -I/builddir/build/BUILD/shim-16.1/Cryptlib/OpenSSL/crypto/include -isystem /builddir/build/BUILD/shim-16.1/include/system -isystem /usr/lib/gcc/x86_64-redhat-linux/11/include -DL_ENDIAN -D_CRT_SECURE_NO_DEPRECATE -D_CRT_NONSTDC_NO_DEPRECATE -DOPENSSL_SMALL_FOOTPRINT -DPEDANTIC -DMDE_CPU_X64   -c -o crypto/evp/e_rc4_hmac_md5.o /builddir/build/BUILD/shim-16.1/Cryptlib/OpenSSL/crypto/evp/e_rc4_hmac_md5.c
#13 106.7 gcc -std=gnu11 -ggdb -gdwarf-4 -gstrict-dwarf -ffreestanding -fmacro-prefix-map=/builddir/build/BUILD/shim-16.1/= -fno-stack-protector -fno-strict-aliasing -fpic -fshort-wchar -nostdinc -m64 -mno-mmx -mno-sse -mno-red-zone -maccumulate-outgoing-args -Os -Wall -Wextra -Wno-missing-field-initializers -Wno-empty-body -Wno-implicit-fallthrough -Wno-old-style-declaration -Wno-unused-but-set-variable -Wno-unused-parameter -Werror -Wno-error=unused-but-set-variable -Wno-error=unused-parameter -I/builddir/build/BUILD/shim-16.1/Cryptlib/OpenSSL -I/builddir/build/BUILD/shim-16.1/Cryptlib -I/builddir/build/BUILD/shim-16.1/Cryptlib/OpenSSL/Include/ -I/builddir/build/BUILD/shim-16.1/Cryptlib/OpenSSL/crypto -I/builddir/build/BUILD/shim-16.1/Cryptlib/Include -I/builddir/build/BUILD/shim-16.1/gnu-efi/inc -I/builddir/build/BUILD/shim-16.1/gnu-efi/inc/x86_64 -I/builddir/build/BUILD/shim-16.1/gnu-efi/inc/protocol -I/builddir/build/BUILD/shim-16.1/Cryptlib/OpenSSL/crypto/asn1 -I/builddir/build/BUILD/shim-16.1/Cryptlib/OpenSSL/crypto/evp -I/builddir/build/BUILD/shim-16.1/Cryptlib/OpenSSL/crypto/modes -I/builddir/build/BUILD/shim-16.1/Cryptlib/OpenSSL/crypto/include -isystem /builddir/build/BUILD/shim-16.1/include/system -isystem /usr/lib/gcc/x86_64-redhat-linux/11/include -DL_ENDIAN -D_CRT_SECURE_NO_DEPRECATE -D_CRT_NONSTDC_NO_DEPRECATE -DOPENSSL_SMALL_FOOTPRINT -DPEDANTIC -DMDE_CPU_X64   -c -o crypto/asn1/a_object.o /builddir/build/BUILD/shim-16.1/Cryptlib/OpenSSL/crypto/asn1/a_object.c
#13 107.3 gcc -std=gnu11 -ggdb -gdwarf-4 -gstrict-dwarf -ffreestanding -fmacro-prefix-map=/builddir/build/BUILD/shim-16.1/= -fno-stack-protector -fno-strict-aliasing -fpic -fshort-wchar -nostdinc -m64 -mno-mmx -mno-sse -mno-red-zone -maccumulate-outgoing-args -Os -Wall -Wextra -Wno-missing-field-initializers -Wno-empty-body -Wno-implicit-fallthrough -Wno-old-style-declaration -Wno-unused-but-set-variable -Wno-unused-parameter -Werror -Wno-error=unused-but-set-variable -Wno-error=unused-parameter -I/builddir/build/BUILD/shim-16.1/Cryptlib/OpenSSL -I/builddir/build/BUILD/shim-16.1/Cryptlib -I/builddir/build/BUILD/shim-16.1/Cryptlib/OpenSSL/Include/ -I/builddir/build/BUILD/shim-16.1/Cryptlib/OpenSSL/crypto -I/builddir/build/BUILD/shim-16.1/Cryptlib/Include -I/builddir/build/BUILD/shim-16.1/gnu-efi/inc -I/builddir/build/BUILD/shim-16.1/gnu-efi/inc/x86_64 -I/builddir/build/BUILD/shim-16.1/gnu-efi/inc/protocol -I/builddir/build/BUILD/shim-16.1/Cryptlib/OpenSSL/crypto/asn1 -I/builddir/build/BUILD/shim-16.1/Cryptlib/OpenSSL/crypto/evp -I/builddir/build/BUILD/shim-16.1/Cryptlib/OpenSSL/crypto/modes -I/builddir/build/BUILD/shim-16.1/Cryptlib/OpenSSL/crypto/include -isystem /builddir/build/BUILD/shim-16.1/include/system -isystem /usr/lib/gcc/x86_64-redhat-linux/11/include -DL_ENDIAN -D_CRT_SECURE_NO_DEPRECATE -D_CRT_NONSTDC_NO_DEPRECATE -DOPENSSL_SMALL_FOOTPRINT -DPEDANTIC -DMDE_CPU_X64   -c -o crypto/asn1/a_bitstr.o /builddir/build/BUILD/shim-16.1/Cryptlib/OpenSSL/crypto/asn1/a_bitstr.c
#13 107.7 gcc -std=gnu11 -ggdb -gdwarf-4 -gstrict-dwarf -ffreestanding -fmacro-prefix-map=/builddir/build/BUILD/shim-16.1/= -fno-stack-protector -fno-strict-aliasing -fpic -fshort-wchar -nostdinc -m64 -mno-mmx -mno-sse -mno-red-zone -maccumulate-outgoing-args -Os -Wall -Wextra -Wno-missing-field-initializers -Wno-empty-body -Wno-implicit-fallthrough -Wno-old-style-declaration -Wno-unused-but-set-variable -Wno-unused-parameter -Werror -Wno-error=unused-but-set-variable -Wno-error=unused-parameter -I/builddir/build/BUILD/shim-16.1/Cryptlib/OpenSSL -I/builddir/build/BUILD/shim-16.1/Cryptlib -I/builddir/build/BUILD/shim-16.1/Cryptlib/OpenSSL/Include/ -I/builddir/build/BUILD/shim-16.1/Cryptlib/OpenSSL/crypto -I/builddir/build/BUILD/shim-16.1/Cryptlib/Include -I/builddir/build/BUILD/shim-16.1/gnu-efi/inc -I/builddir/build/BUILD/shim-16.1/gnu-efi/inc/x86_64 -I/builddir/build/BUILD/shim-16.1/gnu-efi/inc/protocol -I/builddir/build/BUILD/shim-16.1/Cryptlib/OpenSSL/crypto/asn1 -I/builddir/build/BUILD/shim-16.1/Cryptlib/OpenSSL/crypto/evp -I/builddir/build/BUILD/shim-16.1/Cryptlib/OpenSSL/crypto/modes -I/builddir/build/BUILD/shim-16.1/Cryptlib/OpenSSL/crypto/include -isystem /builddir/build/BUILD/shim-16.1/include/system -isystem /usr/lib/gcc/x86_64-redhat-linux/11/include -DL_ENDIAN -D_CRT_SECURE_NO_DEPRECATE -D_CRT_NONSTDC_NO_DEPRECATE -DOPENSSL_SMALL_FOOTPRINT -DPEDANTIC -DMDE_CPU_X64   -c -o crypto/asn1/a_utctm.o /builddir/build/BUILD/shim-16.1/Cryptlib/OpenSSL/crypto/asn1/a_utctm.c
#13 108.3 gcc -std=gnu11 -ggdb -gdwarf-4 -gstrict-dwarf -ffreestanding -fmacro-prefix-map=/builddir/build/BUILD/shim-16.1/= -fno-stack-protector -fno-strict-aliasing -fpic -fshort-wchar -nostdinc -m64 -mno-mmx -mno-sse -mno-red-zone -maccumulate-outgoing-args -Os -Wall -Wextra -Wno-missing-field-initializers -Wno-empty-body -Wno-implicit-fallthrough -Wno-old-style-declaration -Wno-unused-but-set-variable -Wno-unused-parameter -Werror -Wno-error=unused-but-set-variable -Wno-error=unused-parameter -I/builddir/build/BUILD/shim-16.1/Cryptlib/OpenSSL -I/builddir/build/BUILD/shim-16.1/Cryptlib -I/builddir/build/BUILD/shim-16.1/Cryptlib/OpenSSL/Include/ -I/builddir/build/BUILD/shim-16.1/Cryptlib/OpenSSL/crypto -I/builddir/build/BUILD/shim-16.1/Cryptlib/Include -I/builddir/build/BUILD/shim-16.1/gnu-efi/inc -I/builddir/build/BUILD/shim-16.1/gnu-efi/inc/x86_64 -I/builddir/build/BUILD/shim-16.1/gnu-efi/inc/protocol -I/builddir/build/BUILD/shim-16.1/Cryptlib/OpenSSL/crypto/asn1 -I/builddir/build/BUILD/shim-16.1/Cryptlib/OpenSSL/crypto/evp -I/builddir/build/BUILD/shim-16.1/Cryptlib/OpenSSL/crypto/modes -I/builddir/build/BUILD/shim-16.1/Cryptlib/OpenSSL/crypto/include -isystem /builddir/build/BUILD/shim-16.1/include/system -isystem /usr/lib/gcc/x86_64-redhat-linux/11/include -DL_ENDIAN -D_CRT_SECURE_NO_DEPRECATE -D_CRT_NONSTDC_NO_DEPRECATE -DOPENSSL_SMALL_FOOTPRINT -DPEDANTIC -DMDE_CPU_X64   -c -o crypto/asn1/a_gentm.o /builddir/build/BUILD/shim-16.1/Cryptlib/OpenSSL/crypto/asn1/a_gentm.c
#13 108.8 gcc -std=gnu11 -ggdb -gdwarf-4 -gstrict-dwarf -ffreestanding -fmacro-prefix-map=/builddir/build/BUILD/shim-16.1/= -fno-stack-protector -fno-strict-aliasing -fpic -fshort-wchar -nostdinc -m64 -mno-mmx -mno-sse -mno-red-zone -maccumulate-outgoing-args -Os -Wall -Wextra -Wno-missing-field-initializers -Wno-empty-body -Wno-implicit-fallthrough -Wno-old-style-declaration -Wno-unused-but-set-variable -Wno-unused-parameter -Werror -Wno-error=unused-but-set-variable -Wno-error=unused-parameter -I/builddir/build/BUILD/shim-16.1/Cryptlib/OpenSSL -I/builddir/build/BUILD/shim-16.1/Cryptlib -I/builddir/build/BUILD/shim-16.1/Cryptlib/OpenSSL/Include/ -I/builddir/build/BUILD/shim-16.1/Cryptlib/OpenSSL/crypto -I/builddir/build/BUILD/shim-16.1/Cryptlib/Include -I/builddir/build/BUILD/shim-16.1/gnu-efi/inc -I/builddir/build/BUILD/shim-16.1/gnu-efi/inc/x86_64 -I/builddir/build/BUILD/shim-16.1/gnu-efi/inc/protocol -I/builddir/build/BUILD/shim-16.1/Cryptlib/OpenSSL/crypto/asn1 -I/builddir/build/BUILD/shim-16.1/Cryptlib/OpenSSL/crypto/evp -I/builddir/build/BUILD/shim-16.1/Cryptlib/OpenSSL/crypto/modes -I/builddir/build/BUILD/shim-16.1/Cryptlib/OpenSSL/crypto/include -isystem /builddir/build/BUILD/shim-16.1/include/system -isystem /usr/lib/gcc/x86_64-redhat-linux/11/include -DL_ENDIAN -D_CRT_SECURE_NO_DEPRECATE -D_CRT_NONSTDC_NO_DEPRECATE -DOPENSSL_SMALL_FOOTPRINT -DPEDANTIC -DMDE_CPU_X64   -c -o crypto/asn1/a_time.o /builddir/build/BUILD/shim-16.1/Cryptlib/OpenSSL/crypto/asn1/a_time.c
#13 109.2 gcc -std=gnu11 -ggdb -gdwarf-4 -gstrict-dwarf -ffreestanding -fmacro-prefix-map=/builddir/build/BUILD/shim-16.1/= -fno-stack-protector -fno-strict-aliasing -fpic -fshort-wchar -nostdinc -m64 -mno-mmx -mno-sse -mno-red-zone -maccumulate-outgoing-args -Os -Wall -Wextra -Wno-missing-field-initializers -Wno-empty-body -Wno-implicit-fallthrough -Wno-old-style-declaration -Wno-unused-but-set-variable -Wno-unused-parameter -Werror -Wno-error=unused-but-set-variable -Wno-error=unused-parameter -I/builddir/build/BUILD/shim-16.1/Cryptlib/OpenSSL -I/builddir/build/BUILD/shim-16.1/Cryptlib -I/builddir/build/BUILD/shim-16.1/Cryptlib/OpenSSL/Include/ -I/builddir/build/BUILD/shim-16.1/Cryptlib/OpenSSL/crypto -I/builddir/build/BUILD/shim-16.1/Cryptlib/Include -I/builddir/build/BUILD/shim-16.1/gnu-efi/inc -I/builddir/build/BUILD/shim-16.1/gnu-efi/inc/x86_64 -I/builddir/build/BUILD/shim-16.1/gnu-efi/inc/protocol -I/builddir/build/BUILD/shim-16.1/Cryptlib/OpenSSL/crypto/asn1 -I/builddir/build/BUILD/shim-16.1/Cryptlib/OpenSSL/crypto/evp -I/builddir/build/BUILD/shim-16.1/Cryptlib/OpenSSL/crypto/modes -I/builddir/build/BUILD/shim-16.1/Cryptlib/OpenSSL/crypto/include -isystem /builddir/build/BUILD/shim-16.1/include/system -isystem /usr/lib/gcc/x86_64-redhat-linux/11/include -DL_ENDIAN -D_CRT_SECURE_NO_DEPRECATE -D_CRT_NONSTDC_NO_DEPRECATE -DOPENSSL_SMALL_FOOTPRINT -DPEDANTIC -DMDE_CPU_X64   -c -o crypto/asn1/a_int.o /builddir/build/BUILD/shim-16.1/Cryptlib/OpenSSL/crypto/asn1/a_int.c
#13 109.7 gcc -std=gnu11 -ggdb -gdwarf-4 -gstrict-dwarf -ffreestanding -fmacro-prefix-map=/builddir/build/BUILD/shim-16.1/= -fno-stack-protector -fno-strict-aliasing -fpic -fshort-wchar -nostdinc -m64 -mno-mmx -mno-sse -mno-red-zone -maccumulate-outgoing-args -Os -Wall -Wextra -Wno-missing-field-initializers -Wno-empty-body -Wno-implicit-fallthrough -Wno-old-style-declaration -Wno-unused-but-set-variable -Wno-unused-parameter -Werror -Wno-error=unused-but-set-variable -Wno-error=unused-parameter -I/builddir/build/BUILD/shim-16.1/Cryptlib/OpenSSL -I/builddir/build/BUILD/shim-16.1/Cryptlib -I/builddir/build/BUILD/shim-16.1/Cryptlib/OpenSSL/Include/ -I/builddir/build/BUILD/shim-16.1/Cryptlib/OpenSSL/crypto -I/builddir/build/BUILD/shim-16.1/Cryptlib/Include -I/builddir/build/BUILD/shim-16.1/gnu-efi/inc -I/builddir/build/BUILD/shim-16.1/gnu-efi/inc/x86_64 -I/builddir/build/BUILD/shim-16.1/gnu-efi/inc/protocol -I/builddir/build/BUILD/shim-16.1/Cryptlib/OpenSSL/crypto/asn1 -I/builddir/build/BUILD/shim-16.1/Cryptlib/OpenSSL/crypto/evp -I/builddir/build/BUILD/shim-16.1/Cryptlib/OpenSSL/crypto/modes -I/builddir/build/BUILD/shim-16.1/Cryptlib/OpenSSL/crypto/include -isystem /builddir/build/BUILD/shim-16.1/include/system -isystem /usr/lib/gcc/x86_64-redhat-linux/11/include -DL_ENDIAN -D_CRT_SECURE_NO_DEPRECATE -D_CRT_NONSTDC_NO_DEPRECATE -DOPENSSL_SMALL_FOOTPRINT -DPEDANTIC -DMDE_CPU_X64   -c -o crypto/asn1/a_octet.o /builddir/build/BUILD/shim-16.1/Cryptlib/OpenSSL/crypto/asn1/a_octet.c
#13 110.1 gcc -std=gnu11 -ggdb -gdwarf-4 -gstrict-dwarf -ffreestanding -fmacro-prefix-map=/builddir/build/BUILD/shim-16.1/= -fno-stack-protector -fno-strict-aliasing -fpic -fshort-wchar -nostdinc -m64 -mno-mmx -mno-sse -mno-red-zone -maccumulate-outgoing-args -Os -Wall -Wextra -Wno-missing-field-initializers -Wno-empty-body -Wno-implicit-fallthrough -Wno-old-style-declaration -Wno-unused-but-set-variable -Wno-unused-parameter -Werror -Wno-error=unused-but-set-variable -Wno-error=unused-parameter -I/builddir/build/BUILD/shim-16.1/Cryptlib/OpenSSL -I/builddir/build/BUILD/shim-16.1/Cryptlib -I/builddir/build/BUILD/shim-16.1/Cryptlib/OpenSSL/Include/ -I/builddir/build/BUILD/shim-16.1/Cryptlib/OpenSSL/crypto -I/builddir/build/BUILD/shim-16.1/Cryptlib/Include -I/builddir/build/BUILD/shim-16.1/gnu-efi/inc -I/builddir/build/BUILD/shim-16.1/gnu-efi/inc/x86_64 -I/builddir/build/BUILD/shim-16.1/gnu-efi/inc/protocol -I/builddir/build/BUILD/shim-16.1/Cryptlib/OpenSSL/crypto/asn1 -I/builddir/build/BUILD/shim-16.1/Cryptlib/OpenSSL/crypto/evp -I/builddir/build/BUILD/shim-16.1/Cryptlib/OpenSSL/crypto/modes -I/builddir/build/BUILD/shim-16.1/Cryptlib/OpenSSL/crypto/include -isystem /builddir/build/BUILD/shim-16.1/include/system -isystem /usr/lib/gcc/x86_64-redhat-linux/11/include -DL_ENDIAN -D_CRT_SECURE_NO_DEPRECATE -D_CRT_NONSTDC_NO_DEPRECATE -DOPENSSL_SMALL_FOOTPRINT -DPEDANTIC -DMDE_CPU_X64   -c -o crypto/asn1/a_print.o /builddir/build/BUILD/shim-16.1/Cryptlib/OpenSSL/crypto/asn1/a_print.c
#13 110.5 gcc -std=gnu11 -ggdb -gdwarf-4 -gstrict-dwarf -ffreestanding -fmacro-prefix-map=/builddir/build/BUILD/shim-16.1/= -fno-stack-protector -fno-strict-aliasing -fpic -fshort-wchar -nostdinc -m64 -mno-mmx -mno-sse -mno-red-zone -maccumulate-outgoing-args -Os -Wall -Wextra -Wno-missing-field-initializers -Wno-empty-body -Wno-implicit-fallthrough -Wno-old-style-declaration -Wno-unused-but-set-variable -Wno-unused-parameter -Werror -Wno-error=unused-but-set-variable -Wno-error=unused-parameter -I/builddir/build/BUILD/shim-16.1/Cryptlib/OpenSSL -I/builddir/build/BUILD/shim-16.1/Cryptlib -I/builddir/build/BUILD/shim-16.1/Cryptlib/OpenSSL/Include/ -I/builddir/build/BUILD/shim-16.1/Cryptlib/OpenSSL/crypto -I/builddir/build/BUILD/shim-16.1/Cryptlib/Include -I/builddir/build/BUILD/shim-16.1/gnu-efi/inc -I/builddir/build/BUILD/shim-16.1/gnu-efi/inc/x86_64 -I/builddir/build/BUILD/shim-16.1/gnu-efi/inc/protocol -I/builddir/build/BUILD/shim-16.1/Cryptlib/OpenSSL/crypto/asn1 -I/builddir/build/BUILD/shim-16.1/Cryptlib/OpenSSL/crypto/evp -I/builddir/build/BUILD/shim-16.1/Cryptlib/OpenSSL/crypto/modes -I/builddir/build/BUILD/shim-16.1/Cryptlib/OpenSSL/crypto/include -isystem /builddir/build/BUILD/shim-16.1/include/system -isystem /usr/lib/gcc/x86_64-redhat-linux/11/include -DL_ENDIAN -D_CRT_SECURE_NO_DEPRECATE -D_CRT_NONSTDC_NO_DEPRECATE -DOPENSSL_SMALL_FOOTPRINT -DPEDANTIC -DMDE_CPU_X64   -c -o crypto/asn1/a_type.o /builddir/build/BUILD/shim-16.1/Cryptlib/OpenSSL/crypto/asn1/a_type.c
#13 110.9 gcc -std=gnu11 -ggdb -gdwarf-4 -gstrict-dwarf -ffreestanding -fmacro-prefix-map=/builddir/build/BUILD/shim-16.1/= -fno-stack-protector -fno-strict-aliasing -fpic -fshort-wchar -nostdinc -m64 -mno-mmx -mno-sse -mno-red-zone -maccumulate-outgoing-args -Os -Wall -Wextra -Wno-missing-field-initializers -Wno-empty-body -Wno-implicit-fallthrough -Wno-old-style-declaration -Wno-unused-but-set-variable -Wno-unused-parameter -Werror -Wno-error=unused-but-set-variable -Wno-error=unused-parameter -I/builddir/build/BUILD/shim-16.1/Cryptlib/OpenSSL -I/builddir/build/BUILD/shim-16.1/Cryptlib -I/builddir/build/BUILD/shim-16.1/Cryptlib/OpenSSL/Include/ -I/builddir/build/BUILD/shim-16.1/Cryptlib/OpenSSL/crypto -I/builddir/build/BUILD/shim-16.1/Cryptlib/Include -I/builddir/build/BUILD/shim-16.1/gnu-efi/inc -I/builddir/build/BUILD/shim-16.1/gnu-efi/inc/x86_64 -I/builddir/build/BUILD/shim-16.1/gnu-efi/inc/protocol -I/builddir/build/BUILD/shim-16.1/Cryptlib/OpenSSL/crypto/asn1 -I/builddir/build/BUILD/shim-16.1/Cryptlib/OpenSSL/crypto/evp -I/builddir/build/BUILD/shim-16.1/Cryptlib/OpenSSL/crypto/modes -I/builddir/build/BUILD/shim-16.1/Cryptlib/OpenSSL/crypto/include -isystem /builddir/build/BUILD/shim-16.1/include/system -isystem /usr/lib/gcc/x86_64-redhat-linux/11/include -DL_ENDIAN -D_CRT_SECURE_NO_DEPRECATE -D_CRT_NONSTDC_NO_DEPRECATE -DOPENSSL_SMALL_FOOTPRINT -DPEDANTIC -DMDE_CPU_X64   -c -o crypto/asn1/a_set.o /builddir/build/BUILD/shim-16.1/Cryptlib/OpenSSL/crypto/asn1/a_set.c
#13 111.4 gcc -std=gnu11 -ggdb -gdwarf-4 -gstrict-dwarf -ffreestanding -fmacro-prefix-map=/builddir/build/BUILD/shim-16.1/= -fno-stack-protector -fno-strict-aliasing -fpic -fshort-wchar -nostdinc -m64 -mno-mmx -mno-sse -mno-red-zone -maccumulate-outgoing-args -Os -Wall -Wextra -Wno-missing-field-initializers -Wno-empty-body -Wno-implicit-fallthrough -Wno-old-style-declaration -Wno-unused-but-set-variable -Wno-unused-parameter -Werror -Wno-error=unused-but-set-variable -Wno-error=unused-parameter -I/builddir/build/BUILD/shim-16.1/Cryptlib/OpenSSL -I/builddir/build/BUILD/shim-16.1/Cryptlib -I/builddir/build/BUILD/shim-16.1/Cryptlib/OpenSSL/Include/ -I/builddir/build/BUILD/shim-16.1/Cryptlib/OpenSSL/crypto -I/builddir/build/BUILD/shim-16.1/Cryptlib/Include -I/builddir/build/BUILD/shim-16.1/gnu-efi/inc -I/builddir/build/BUILD/shim-16.1/gnu-efi/inc/x86_64 -I/builddir/build/BUILD/shim-16.1/gnu-efi/inc/protocol -I/builddir/build/BUILD/shim-16.1/Cryptlib/OpenSSL/crypto/asn1 -I/builddir/build/BUILD/shim-16.1/Cryptlib/OpenSSL/crypto/evp -I/builddir/build/BUILD/shim-16.1/Cryptlib/OpenSSL/crypto/modes -I/builddir/build/BUILD/shim-16.1/Cryptlib/OpenSSL/crypto/include -isystem /builddir/build/BUILD/shim-16.1/include/system -isystem /usr/lib/gcc/x86_64-redhat-linux/11/include -DL_ENDIAN -D_CRT_SECURE_NO_DEPRECATE -D_CRT_NONSTDC_NO_DEPRECATE -DOPENSSL_SMALL_FOOTPRINT -DPEDANTIC -DMDE_CPU_X64   -c -o crypto/asn1/a_dup.o /builddir/build/BUILD/shim-16.1/Cryptlib/OpenSSL/crypto/asn1/a_dup.c
#13 111.8 gcc -std=gnu11 -ggdb -gdwarf-4 -gstrict-dwarf -ffreestanding -fmacro-prefix-map=/builddir/build/BUILD/shim-16.1/= -fno-stack-protector -fno-strict-aliasing -fpic -fshort-wchar -nostdinc -m64 -mno-mmx -mno-sse -mno-red-zone -maccumulate-outgoing-args -Os -Wall -Wextra -Wno-missing-field-initializers -Wno-empty-body -Wno-implicit-fallthrough -Wno-old-style-declaration -Wno-unused-but-set-variable -Wno-unused-parameter -Werror -Wno-error=unused-but-set-variable -Wno-error=unused-parameter -I/builddir/build/BUILD/shim-16.1/Cryptlib/OpenSSL -I/builddir/build/BUILD/shim-16.1/Cryptlib -I/builddir/build/BUILD/shim-16.1/Cryptlib/OpenSSL/Include/ -I/builddir/build/BUILD/shim-16.1/Cryptlib/OpenSSL/crypto -I/builddir/build/BUILD/shim-16.1/Cryptlib/Include -I/builddir/build/BUILD/shim-16.1/gnu-efi/inc -I/builddir/build/BUILD/shim-16.1/gnu-efi/inc/x86_64 -I/builddir/build/BUILD/shim-16.1/gnu-efi/inc/protocol -I/builddir/build/BUILD/shim-16.1/Cryptlib/OpenSSL/crypto/asn1 -I/builddir/build/BUILD/shim-16.1/Cryptlib/OpenSSL/crypto/evp -I/builddir/build/BUILD/shim-16.1/Cryptlib/OpenSSL/crypto/modes -I/builddir/build/BUILD/shim-16.1/Cryptlib/OpenSSL/crypto/include -isystem /builddir/build/BUILD/shim-16.1/include/system -isystem /usr/lib/gcc/x86_64-redhat-linux/11/include -DL_ENDIAN -D_CRT_SECURE_NO_DEPRECATE -D_CRT_NONSTDC_NO_DEPRECATE -DOPENSSL_SMALL_FOOTPRINT -DPEDANTIC -DMDE_CPU_X64   -c -o crypto/asn1/a_d2i_fp.o /builddir/build/BUILD/shim-16.1/Cryptlib/OpenSSL/crypto/asn1/a_d2i_fp.c
#13 112.3 gcc -std=gnu11 -ggdb -gdwarf-4 -gstrict-dwarf -ffreestanding -fmacro-prefix-map=/builddir/build/BUILD/shim-16.1/= -fno-stack-protector -fno-strict-aliasing -fpic -fshort-wchar -nostdinc -m64 -mno-mmx -mno-sse -mno-red-zone -maccumulate-outgoing-args -Os -Wall -Wextra -Wno-missing-field-initializers -Wno-empty-body -Wno-implicit-fallthrough -Wno-old-style-declaration -Wno-unused-but-set-variable -Wno-unused-parameter -Werror -Wno-error=unused-but-set-variable -Wno-error=unused-parameter -I/builddir/build/BUILD/shim-16.1/Cryptlib/OpenSSL -I/builddir/build/BUILD/shim-16.1/Cryptlib -I/builddir/build/BUILD/shim-16.1/Cryptlib/OpenSSL/Include/ -I/builddir/build/BUILD/shim-16.1/Cryptlib/OpenSSL/crypto -I/builddir/build/BUILD/shim-16.1/Cryptlib/Include -I/builddir/build/BUILD/shim-16.1/gnu-efi/inc -I/builddir/build/BUILD/shim-16.1/gnu-efi/inc/x86_64 -I/builddir/build/BUILD/shim-16.1/gnu-efi/inc/protocol -I/builddir/build/BUILD/shim-16.1/Cryptlib/OpenSSL/crypto/asn1 -I/builddir/build/BUILD/shim-16.1/Cryptlib/OpenSSL/crypto/evp -I/builddir/build/BUILD/shim-16.1/Cryptlib/OpenSSL/crypto/modes -I/builddir/build/BUILD/shim-16.1/Cryptlib/OpenSSL/crypto/include -isystem /builddir/build/BUILD/shim-16.1/include/system -isystem /usr/lib/gcc/x86_64-redhat-linux/11/include -DL_ENDIAN -D_CRT_SECURE_NO_DEPRECATE -D_CRT_NONSTDC_NO_DEPRECATE -DOPENSSL_SMALL_FOOTPRINT -DPEDANTIC -DMDE_CPU_X64   -c -o crypto/asn1/a_i2d_fp.o /builddir/build/BUILD/shim-16.1/Cryptlib/OpenSSL/crypto/asn1/a_i2d_fp.c
#13 112.7 gcc -std=gnu11 -ggdb -gdwarf-4 -gstrict-dwarf -ffreestanding -fmacro-prefix-map=/builddir/build/BUILD/shim-16.1/= -fno-stack-protector -fno-strict-aliasing -fpic -fshort-wchar -nostdinc -m64 -mno-mmx -mno-sse -mno-red-zone -maccumulate-outgoing-args -Os -Wall -Wextra -Wno-missing-field-initializers -Wno-empty-body -Wno-implicit-fallthrough -Wno-old-style-declaration -Wno-unused-but-set-variable -Wno-unused-parameter -Werror -Wno-error=unused-but-set-variable -Wno-error=unused-parameter -I/builddir/build/BUILD/shim-16.1/Cryptlib/OpenSSL -I/builddir/build/BUILD/shim-16.1/Cryptlib -I/builddir/build/BUILD/shim-16.1/Cryptlib/OpenSSL/Include/ -I/builddir/build/BUILD/shim-16.1/Cryptlib/OpenSSL/crypto -I/builddir/build/BUILD/shim-16.1/Cryptlib/Include -I/builddir/build/BUILD/shim-16.1/gnu-efi/inc -I/builddir/build/BUILD/shim-16.1/gnu-efi/inc/x86_64 -I/builddir/build/BUILD/shim-16.1/gnu-efi/inc/protocol -I/builddir/build/BUILD/shim-16.1/Cryptlib/OpenSSL/crypto/asn1 -I/builddir/build/BUILD/shim-16.1/Cryptlib/OpenSSL/crypto/evp -I/builddir/build/BUILD/shim-16.1/Cryptlib/OpenSSL/crypto/modes -I/builddir/build/BUILD/shim-16.1/Cryptlib/OpenSSL/crypto/include -isystem /builddir/build/BUILD/shim-16.1/include/system -isystem /usr/lib/gcc/x86_64-redhat-linux/11/include -DL_ENDIAN -D_CRT_SECURE_NO_DEPRECATE -D_CRT_NONSTDC_NO_DEPRECATE -DOPENSSL_SMALL_FOOTPRINT -DPEDANTIC -DMDE_CPU_X64   -c -o crypto/asn1/a_enum.o /builddir/build/BUILD/shim-16.1/Cryptlib/OpenSSL/crypto/asn1/a_enum.c
#13 113.1 gcc -std=gnu11 -ggdb -gdwarf-4 -gstrict-dwarf -ffreestanding -fmacro-prefix-map=/builddir/build/BUILD/shim-16.1/= -fno-stack-protector -fno-strict-aliasing -fpic -fshort-wchar -nostdinc -m64 -mno-mmx -mno-sse -mno-red-zone -maccumulate-outgoing-args -Os -Wall -Wextra -Wno-missing-field-initializers -Wno-empty-body -Wno-implicit-fallthrough -Wno-old-style-declaration -Wno-unused-but-set-variable -Wno-unused-parameter -Werror -Wno-error=unused-but-set-variable -Wno-error=unused-parameter -I/builddir/build/BUILD/shim-16.1/Cryptlib/OpenSSL -I/builddir/build/BUILD/shim-16.1/Cryptlib -I/builddir/build/BUILD/shim-16.1/Cryptlib/OpenSSL/Include/ -I/builddir/build/BUILD/shim-16.1/Cryptlib/OpenSSL/crypto -I/builddir/build/BUILD/shim-16.1/Cryptlib/Include -I/builddir/build/BUILD/shim-16.1/gnu-efi/inc -I/builddir/build/BUILD/shim-16.1/gnu-efi/inc/x86_64 -I/builddir/build/BUILD/shim-16.1/gnu-efi/inc/protocol -I/builddir/build/BUILD/shim-16.1/Cryptlib/OpenSSL/crypto/asn1 -I/builddir/build/BUILD/shim-16.1/Cryptlib/OpenSSL/crypto/evp -I/builddir/build/BUILD/shim-16.1/Cryptlib/OpenSSL/crypto/modes -I/builddir/build/BUILD/shim-16.1/Cryptlib/OpenSSL/crypto/include -isystem /builddir/build/BUILD/shim-16.1/include/system -isystem /usr/lib/gcc/x86_64-redhat-linux/11/include -DL_ENDIAN -D_CRT_SECURE_NO_DEPRECATE -D_CRT_NONSTDC_NO_DEPRECATE -DOPENSSL_SMALL_FOOTPRINT -DPEDANTIC -DMDE_CPU_X64   -c -o crypto/asn1/a_utf8.o /builddir/build/BUILD/shim-16.1/Cryptlib/OpenSSL/crypto/asn1/a_utf8.c
#13 113.5 gcc -std=gnu11 -ggdb -gdwarf-4 -gstrict-dwarf -ffreestanding -fmacro-prefix-map=/builddir/build/BUILD/shim-16.1/= -fno-stack-protector -fno-strict-aliasing -fpic -fshort-wchar -nostdinc -m64 -mno-mmx -mno-sse -mno-red-zone -maccumulate-outgoing-args -Os -Wall -Wextra -Wno-missing-field-initializers -Wno-empty-body -Wno-implicit-fallthrough -Wno-old-style-declaration -Wno-unused-but-set-variable -Wno-unused-parameter -Werror -Wno-error=unused-but-set-variable -Wno-error=unused-parameter -I/builddir/build/BUILD/shim-16.1/Cryptlib/OpenSSL -I/builddir/build/BUILD/shim-16.1/Cryptlib -I/builddir/build/BUILD/shim-16.1/Cryptlib/OpenSSL/Include/ -I/builddir/build/BUILD/shim-16.1/Cryptlib/OpenSSL/crypto -I/builddir/build/BUILD/shim-16.1/Cryptlib/Include -I/builddir/build/BUILD/shim-16.1/gnu-efi/inc -I/builddir/build/BUILD/shim-16.1/gnu-efi/inc/x86_64 -I/builddir/build/BUILD/shim-16.1/gnu-efi/inc/protocol -I/builddir/build/BUILD/shim-16.1/Cryptlib/OpenSSL/crypto/asn1 -I/builddir/build/BUILD/shim-16.1/Cryptlib/OpenSSL/crypto/evp -I/builddir/build/BUILD/shim-16.1/Cryptlib/OpenSSL/crypto/modes -I/builddir/build/BUILD/shim-16.1/Cryptlib/OpenSSL/crypto/include -isystem /builddir/build/BUILD/shim-16.1/include/system -isystem /usr/lib/gcc/x86_64-redhat-linux/11/include -DL_ENDIAN -D_CRT_SECURE_NO_DEPRECATE -D_CRT_NONSTDC_NO_DEPRECATE -DOPENSSL_SMALL_FOOTPRINT -DPEDANTIC -DMDE_CPU_X64   -c -o crypto/asn1/a_sign.o /builddir/build/BUILD/shim-16.1/Cryptlib/OpenSSL/crypto/asn1/a_sign.c
#13 114.0 gcc -std=gnu11 -ggdb -gdwarf-4 -gstrict-dwarf -ffreestanding -fmacro-prefix-map=/builddir/build/BUILD/shim-16.1/= -fno-stack-protector -fno-strict-aliasing -fpic -fshort-wchar -nostdinc -m64 -mno-mmx -mno-sse -mno-red-zone -maccumulate-outgoing-args -Os -Wall -Wextra -Wno-missing-field-initializers -Wno-empty-body -Wno-implicit-fallthrough -Wno-old-style-declaration -Wno-unused-but-set-variable -Wno-unused-parameter -Werror -Wno-error=unused-but-set-variable -Wno-error=unused-parameter -I/builddir/build/BUILD/shim-16.1/Cryptlib/OpenSSL -I/builddir/build/BUILD/shim-16.1/Cryptlib -I/builddir/build/BUILD/shim-16.1/Cryptlib/OpenSSL/Include/ -I/builddir/build/BUILD/shim-16.1/Cryptlib/OpenSSL/crypto -I/builddir/build/BUILD/shim-16.1/Cryptlib/Include -I/builddir/build/BUILD/shim-16.1/gnu-efi/inc -I/builddir/build/BUILD/shim-16.1/gnu-efi/inc/x86_64 -I/builddir/build/BUILD/shim-16.1/gnu-efi/inc/protocol -I/builddir/build/BUILD/shim-16.1/Cryptlib/OpenSSL/crypto/asn1 -I/builddir/build/BUILD/shim-16.1/Cryptlib/OpenSSL/crypto/evp -I/builddir/build/BUILD/shim-16.1/Cryptlib/OpenSSL/crypto/modes -I/builddir/build/BUILD/shim-16.1/Cryptlib/OpenSSL/crypto/include -isystem /builddir/build/BUILD/shim-16.1/include/system -isystem /usr/lib/gcc/x86_64-redhat-linux/11/include -DL_ENDIAN -D_CRT_SECURE_NO_DEPRECATE -D_CRT_NONSTDC_NO_DEPRECATE -DOPENSSL_SMALL_FOOTPRINT -DPEDANTIC -DMDE_CPU_X64   -c -o crypto/asn1/a_digest.o /builddir/build/BUILD/shim-16.1/Cryptlib/OpenSSL/crypto/asn1/a_digest.c
#13 114.4 gcc -std=gnu11 -ggdb -gdwarf-4 -gstrict-dwarf -ffreestanding -fmacro-prefix-map=/builddir/build/BUILD/shim-16.1/= -fno-stack-protector -fno-strict-aliasing -fpic -fshort-wchar -nostdinc -m64 -mno-mmx -mno-sse -mno-red-zone -maccumulate-outgoing-args -Os -Wall -Wextra -Wno-missing-field-initializers -Wno-empty-body -Wno-implicit-fallthrough -Wno-old-style-declaration -Wno-unused-but-set-variable -Wno-unused-parameter -Werror -Wno-error=unused-but-set-variable -Wno-error=unused-parameter -I/builddir/build/BUILD/shim-16.1/Cryptlib/OpenSSL -I/builddir/build/BUILD/shim-16.1/Cryptlib -I/builddir/build/BUILD/shim-16.1/Cryptlib/OpenSSL/Include/ -I/builddir/build/BUILD/shim-16.1/Cryptlib/OpenSSL/crypto -I/builddir/build/BUILD/shim-16.1/Cryptlib/Include -I/builddir/build/BUILD/shim-16.1/gnu-efi/inc -I/builddir/build/BUILD/shim-16.1/gnu-efi/inc/x86_64 -I/builddir/build/BUILD/shim-16.1/gnu-efi/inc/protocol -I/builddir/build/BUILD/shim-16.1/Cryptlib/OpenSSL/crypto/asn1 -I/builddir/build/BUILD/shim-16.1/Cryptlib/OpenSSL/crypto/evp -I/builddir/build/BUILD/shim-16.1/Cryptlib/OpenSSL/crypto/modes -I/builddir/build/BUILD/shim-16.1/Cryptlib/OpenSSL/crypto/include -isystem /builddir/build/BUILD/shim-16.1/include/system -isystem /usr/lib/gcc/x86_64-redhat-linux/11/include -DL_ENDIAN -D_CRT_SECURE_NO_DEPRECATE -D_CRT_NONSTDC_NO_DEPRECATE -DOPENSSL_SMALL_FOOTPRINT -DPEDANTIC -DMDE_CPU_X64   -c -o crypto/asn1/a_verify.o /builddir/build/BUILD/shim-16.1/Cryptlib/OpenSSL/crypto/asn1/a_verify.c
#13 114.9 gcc -std=gnu11 -ggdb -gdwarf-4 -gstrict-dwarf -ffreestanding -fmacro-prefix-map=/builddir/build/BUILD/shim-16.1/= -fno-stack-protector -fno-strict-aliasing -fpic -fshort-wchar -nostdinc -m64 -mno-mmx -mno-sse -mno-red-zone -maccumulate-outgoing-args -Os -Wall -Wextra -Wno-missing-field-initializers -Wno-empty-body -Wno-implicit-fallthrough -Wno-old-style-declaration -Wno-unused-but-set-variable -Wno-unused-parameter -Werror -Wno-error=unused-but-set-variable -Wno-error=unused-parameter -I/builddir/build/BUILD/shim-16.1/Cryptlib/OpenSSL -I/builddir/build/BUILD/shim-16.1/Cryptlib -I/builddir/build/BUILD/shim-16.1/Cryptlib/OpenSSL/Include/ -I/builddir/build/BUILD/shim-16.1/Cryptlib/OpenSSL/crypto -I/builddir/build/BUILD/shim-16.1/Cryptlib/Include -I/builddir/build/BUILD/shim-16.1/gnu-efi/inc -I/builddir/build/BUILD/shim-16.1/gnu-efi/inc/x86_64 -I/builddir/build/BUILD/shim-16.1/gnu-efi/inc/protocol -I/builddir/build/BUILD/shim-16.1/Cryptlib/OpenSSL/crypto/asn1 -I/builddir/build/BUILD/shim-16.1/Cryptlib/OpenSSL/crypto/evp -I/builddir/build/BUILD/shim-16.1/Cryptlib/OpenSSL/crypto/modes -I/builddir/build/BUILD/shim-16.1/Cryptlib/OpenSSL/crypto/include -isystem /builddir/build/BUILD/shim-16.1/include/system -isystem /usr/lib/gcc/x86_64-redhat-linux/11/include -DL_ENDIAN -D_CRT_SECURE_NO_DEPRECATE -D_CRT_NONSTDC_NO_DEPRECATE -DOPENSSL_SMALL_FOOTPRINT -DPEDANTIC -DMDE_CPU_X64   -c -o crypto/asn1/a_mbstr.o /builddir/build/BUILD/shim-16.1/Cryptlib/OpenSSL/crypto/asn1/a_mbstr.c
#13 115.4 gcc -std=gnu11 -ggdb -gdwarf-4 -gstrict-dwarf -ffreestanding -fmacro-prefix-map=/builddir/build/BUILD/shim-16.1/= -fno-stack-protector -fno-strict-aliasing -fpic -fshort-wchar -nostdinc -m64 -mno-mmx -mno-sse -mno-red-zone -maccumulate-outgoing-args -Os -Wall -Wextra -Wno-missing-field-initializers -Wno-empty-body -Wno-implicit-fallthrough -Wno-old-style-declaration -Wno-unused-but-set-variable -Wno-unused-parameter -Werror -Wno-error=unused-but-set-variable -Wno-error=unused-parameter -I/builddir/build/BUILD/shim-16.1/Cryptlib/OpenSSL -I/builddir/build/BUILD/shim-16.1/Cryptlib -I/builddir/build/BUILD/shim-16.1/Cryptlib/OpenSSL/Include/ -I/builddir/build/BUILD/shim-16.1/Cryptlib/OpenSSL/crypto -I/builddir/build/BUILD/shim-16.1/Cryptlib/Include -I/builddir/build/BUILD/shim-16.1/gnu-efi/inc -I/builddir/build/BUILD/shim-16.1/gnu-efi/inc/x86_64 -I/builddir/build/BUILD/shim-16.1/gnu-efi/inc/protocol -I/builddir/build/BUILD/shim-16.1/Cryptlib/OpenSSL/crypto/asn1 -I/builddir/build/BUILD/shim-16.1/Cryptlib/OpenSSL/crypto/evp -I/builddir/build/BUILD/shim-16.1/Cryptlib/OpenSSL/crypto/modes -I/builddir/build/BUILD/shim-16.1/Cryptlib/OpenSSL/crypto/include -isystem /builddir/build/BUILD/shim-16.1/include/system -isystem /usr/lib/gcc/x86_64-redhat-linux/11/include -DL_ENDIAN -D_CRT_SECURE_NO_DEPRECATE -D_CRT_NONSTDC_NO_DEPRECATE -DOPENSSL_SMALL_FOOTPRINT -DPEDANTIC -DMDE_CPU_X64   -c -o crypto/asn1/a_strex.o /builddir/build/BUILD/shim-16.1/Cryptlib/OpenSSL/crypto/asn1/a_strex.c
#13 115.9 gcc -std=gnu11 -ggdb -gdwarf-4 -gstrict-dwarf -ffreestanding -fmacro-prefix-map=/builddir/build/BUILD/shim-16.1/= -fno-stack-protector -fno-strict-aliasing -fpic -fshort-wchar -nostdinc -m64 -mno-mmx -mno-sse -mno-red-zone -maccumulate-outgoing-args -Os -Wall -Wextra -Wno-missing-field-initializers -Wno-empty-body -Wno-implicit-fallthrough -Wno-old-style-declaration -Wno-unused-but-set-variable -Wno-unused-parameter -Werror -Wno-error=unused-but-set-variable -Wno-error=unused-parameter -I/builddir/build/BUILD/shim-16.1/Cryptlib/OpenSSL -I/builddir/build/BUILD/shim-16.1/Cryptlib -I/builddir/build/BUILD/shim-16.1/Cryptlib/OpenSSL/Include/ -I/builddir/build/BUILD/shim-16.1/Cryptlib/OpenSSL/crypto -I/builddir/build/BUILD/shim-16.1/Cryptlib/Include -I/builddir/build/BUILD/shim-16.1/gnu-efi/inc -I/builddir/build/BUILD/shim-16.1/gnu-efi/inc/x86_64 -I/builddir/build/BUILD/shim-16.1/gnu-efi/inc/protocol -I/builddir/build/BUILD/shim-16.1/Cryptlib/OpenSSL/crypto/asn1 -I/builddir/build/BUILD/shim-16.1/Cryptlib/OpenSSL/crypto/evp -I/builddir/build/BUILD/shim-16.1/Cryptlib/OpenSSL/crypto/modes -I/builddir/build/BUILD/shim-16.1/Cryptlib/OpenSSL/crypto/include -isystem /builddir/build/BUILD/shim-16.1/include/system -isystem /usr/lib/gcc/x86_64-redhat-linux/11/include -DL_ENDIAN -D_CRT_SECURE_NO_DEPRECATE -D_CRT_NONSTDC_NO_DEPRECATE -DOPENSSL_SMALL_FOOTPRINT -DPEDANTIC -DMDE_CPU_X64   -c -o crypto/asn1/x_algor.o /builddir/build/BUILD/shim-16.1/Cryptlib/OpenSSL/crypto/asn1/x_algor.c
#13 116.4 gcc -std=gnu11 -ggdb -gdwarf-4 -gstrict-dwarf -ffreestanding -fmacro-prefix-map=/builddir/build/BUILD/shim-16.1/= -fno-stack-protector -fno-strict-aliasing -fpic -fshort-wchar -nostdinc -m64 -mno-mmx -mno-sse -mno-red-zone -maccumulate-outgoing-args -Os -Wall -Wextra -Wno-missing-field-initializers -Wno-empty-body -Wno-implicit-fallthrough -Wno-old-style-declaration -Wno-unused-but-set-variable -Wno-unused-parameter -Werror -Wno-error=unused-but-set-variable -Wno-error=unused-parameter -I/builddir/build/BUILD/shim-16.1/Cryptlib/OpenSSL -I/builddir/build/BUILD/shim-16.1/Cryptlib -I/builddir/build/BUILD/shim-16.1/Cryptlib/OpenSSL/Include/ -I/builddir/build/BUILD/shim-16.1/Cryptlib/OpenSSL/crypto -I/builddir/build/BUILD/shim-16.1/Cryptlib/Include -I/builddir/build/BUILD/shim-16.1/gnu-efi/inc -I/builddir/build/BUILD/shim-16.1/gnu-efi/inc/x86_64 -I/builddir/build/BUILD/shim-16.1/gnu-efi/inc/protocol -I/builddir/build/BUILD/shim-16.1/Cryptlib/OpenSSL/crypto/asn1 -I/builddir/build/BUILD/shim-16.1/Cryptlib/OpenSSL/crypto/evp -I/builddir/build/BUILD/shim-16.1/Cryptlib/OpenSSL/crypto/modes -I/builddir/build/BUILD/shim-16.1/Cryptlib/OpenSSL/crypto/include -isystem /builddir/build/BUILD/shim-16.1/include/system -isystem /usr/lib/gcc/x86_64-redhat-linux/11/include -DL_ENDIAN -D_CRT_SECURE_NO_DEPRECATE -D_CRT_NONSTDC_NO_DEPRECATE -DOPENSSL_SMALL_FOOTPRINT -DPEDANTIC -DMDE_CPU_X64   -c -o crypto/asn1/x_val.o /builddir/build/BUILD/shim-16.1/Cryptlib/OpenSSL/crypto/asn1/x_val.c
#13 116.7 gcc -std=gnu11 -ggdb -gdwarf-4 -gstrict-dwarf -ffreestanding -fmacro-prefix-map=/builddir/build/BUILD/shim-16.1/= -fno-stack-protector -fno-strict-aliasing -fpic -fshort-wchar -nostdinc -m64 -mno-mmx -mno-sse -mno-red-zone -maccumulate-outgoing-args -Os -Wall -Wextra -Wno-missing-field-initializers -Wno-empty-body -Wno-implicit-fallthrough -Wno-old-style-declaration -Wno-unused-but-set-variable -Wno-unused-parameter -Werror -Wno-error=unused-but-set-variable -Wno-error=unused-parameter -I/builddir/build/BUILD/shim-16.1/Cryptlib/OpenSSL -I/builddir/build/BUILD/shim-16.1/Cryptlib -I/builddir/build/BUILD/shim-16.1/Cryptlib/OpenSSL/Include/ -I/builddir/build/BUILD/shim-16.1/Cryptlib/OpenSSL/crypto -I/builddir/build/BUILD/shim-16.1/Cryptlib/Include -I/builddir/build/BUILD/shim-16.1/gnu-efi/inc -I/builddir/build/BUILD/shim-16.1/gnu-efi/inc/x86_64 -I/builddir/build/BUILD/shim-16.1/gnu-efi/inc/protocol -I/builddir/build/BUILD/shim-16.1/Cryptlib/OpenSSL/crypto/asn1 -I/builddir/build/BUILD/shim-16.1/Cryptlib/OpenSSL/crypto/evp -I/builddir/build/BUILD/shim-16.1/Cryptlib/OpenSSL/crypto/modes -I/builddir/build/BUILD/shim-16.1/Cryptlib/OpenSSL/crypto/include -isystem /builddir/build/BUILD/shim-16.1/include/system -isystem /usr/lib/gcc/x86_64-redhat-linux/11/include -DL_ENDIAN -D_CRT_SECURE_NO_DEPRECATE -D_CRT_NONSTDC_NO_DEPRECATE -DOPENSSL_SMALL_FOOTPRINT -DPEDANTIC -DMDE_CPU_X64   -c -o crypto/asn1/x_pubkey.o /builddir/build/BUILD/shim-16.1/Cryptlib/OpenSSL/crypto/asn1/x_pubkey.c
#13 117.2 gcc -std=gnu11 -ggdb -gdwarf-4 -gstrict-dwarf -ffreestanding -fmacro-prefix-map=/builddir/build/BUILD/shim-16.1/= -fno-stack-protector -fno-strict-aliasing -fpic -fshort-wchar -nostdinc -m64 -mno-mmx -mno-sse -mno-red-zone -maccumulate-outgoing-args -Os -Wall -Wextra -Wno-missing-field-initializers -Wno-empty-body -Wno-implicit-fallthrough -Wno-old-style-declaration -Wno-unused-but-set-variable -Wno-unused-parameter -Werror -Wno-error=unused-but-set-variable -Wno-error=unused-parameter -I/builddir/build/BUILD/shim-16.1/Cryptlib/OpenSSL -I/builddir/build/BUILD/shim-16.1/Cryptlib -I/builddir/build/BUILD/shim-16.1/Cryptlib/OpenSSL/Include/ -I/builddir/build/BUILD/shim-16.1/Cryptlib/OpenSSL/crypto -I/builddir/build/BUILD/shim-16.1/Cryptlib/Include -I/builddir/build/BUILD/shim-16.1/gnu-efi/inc -I/builddir/build/BUILD/shim-16.1/gnu-efi/inc/x86_64 -I/builddir/build/BUILD/shim-16.1/gnu-efi/inc/protocol -I/builddir/build/BUILD/shim-16.1/Cryptlib/OpenSSL/crypto/asn1 -I/builddir/build/BUILD/shim-16.1/Cryptlib/OpenSSL/crypto/evp -I/builddir/build/BUILD/shim-16.1/Cryptlib/OpenSSL/crypto/modes -I/builddir/build/BUILD/shim-16.1/Cryptlib/OpenSSL/crypto/include -isystem /builddir/build/BUILD/shim-16.1/include/system -isystem /usr/lib/gcc/x86_64-redhat-linux/11/include -DL_ENDIAN -D_CRT_SECURE_NO_DEPRECATE -D_CRT_NONSTDC_NO_DEPRECATE -DOPENSSL_SMALL_FOOTPRINT -DPEDANTIC -DMDE_CPU_X64   -c -o crypto/asn1/x_sig.o /builddir/build/BUILD/shim-16.1/Cryptlib/OpenSSL/crypto/asn1/x_sig.c
#13 117.5 gcc -std=gnu11 -ggdb -gdwarf-4 -gstrict-dwarf -ffreestanding -fmacro-prefix-map=/builddir/build/BUILD/shim-16.1/= -fno-stack-protector -fno-strict-aliasing -fpic -fshort-wchar -nostdinc -m64 -mno-mmx -mno-sse -mno-red-zone -maccumulate-outgoing-args -Os -Wall -Wextra -Wno-missing-field-initializers -Wno-empty-body -Wno-implicit-fallthrough -Wno-old-style-declaration -Wno-unused-but-set-variable -Wno-unused-parameter -Werror -Wno-error=unused-but-set-variable -Wno-error=unused-parameter -I/builddir/build/BUILD/shim-16.1/Cryptlib/OpenSSL -I/builddir/build/BUILD/shim-16.1/Cryptlib -I/builddir/build/BUILD/shim-16.1/Cryptlib/OpenSSL/Include/ -I/builddir/build/BUILD/shim-16.1/Cryptlib/OpenSSL/crypto -I/builddir/build/BUILD/shim-16.1/Cryptlib/Include -I/builddir/build/BUILD/shim-16.1/gnu-efi/inc -I/builddir/build/BUILD/shim-16.1/gnu-efi/inc/x86_64 -I/builddir/build/BUILD/shim-16.1/gnu-efi/inc/protocol -I/builddir/build/BUILD/shim-16.1/Cryptlib/OpenSSL/crypto/asn1 -I/builddir/build/BUILD/shim-16.1/Cryptlib/OpenSSL/crypto/evp -I/builddir/build/BUILD/shim-16.1/Cryptlib/OpenSSL/crypto/modes -I/builddir/build/BUILD/shim-16.1/Cryptlib/OpenSSL/crypto/include -isystem /builddir/build/BUILD/shim-16.1/include/system -isystem /usr/lib/gcc/x86_64-redhat-linux/11/include -DL_ENDIAN -D_CRT_SECURE_NO_DEPRECATE -D_CRT_NONSTDC_NO_DEPRECATE -DOPENSSL_SMALL_FOOTPRINT -DPEDANTIC -DMDE_CPU_X64   -c -o crypto/asn1/x_req.o /builddir/build/BUILD/shim-16.1/Cryptlib/OpenSSL/crypto/asn1/x_req.c
#13 117.9 gcc -std=gnu11 -ggdb -gdwarf-4 -gstrict-dwarf -ffreestanding -fmacro-prefix-map=/builddir/build/BUILD/shim-16.1/= -fno-stack-protector -fno-strict-aliasing -fpic -fshort-wchar -nostdinc -m64 -mno-mmx -mno-sse -mno-red-zone -maccumulate-outgoing-args -Os -Wall -Wextra -Wno-missing-field-initializers -Wno-empty-body -Wno-implicit-fallthrough -Wno-old-style-declaration -Wno-unused-but-set-variable -Wno-unused-parameter -Werror -Wno-error=unused-but-set-variable -Wno-error=unused-parameter -I/builddir/build/BUILD/shim-16.1/Cryptlib/OpenSSL -I/builddir/build/BUILD/shim-16.1/Cryptlib -I/builddir/build/BUILD/shim-16.1/Cryptlib/OpenSSL/Include/ -I/builddir/build/BUILD/shim-16.1/Cryptlib/OpenSSL/crypto -I/builddir/build/BUILD/shim-16.1/Cryptlib/Include -I/builddir/build/BUILD/shim-16.1/gnu-efi/inc -I/builddir/build/BUILD/shim-16.1/gnu-efi/inc/x86_64 -I/builddir/build/BUILD/shim-16.1/gnu-efi/inc/protocol -I/builddir/build/BUILD/shim-16.1/Cryptlib/OpenSSL/crypto/asn1 -I/builddir/build/BUILD/shim-16.1/Cryptlib/OpenSSL/crypto/evp -I/builddir/build/BUILD/shim-16.1/Cryptlib/OpenSSL/crypto/modes -I/builddir/build/BUILD/shim-16.1/Cryptlib/OpenSSL/crypto/include -isystem /builddir/build/BUILD/shim-16.1/include/system -isystem /usr/lib/gcc/x86_64-redhat-linux/11/include -DL_ENDIAN -D_CRT_SECURE_NO_DEPRECATE -D_CRT_NONSTDC_NO_DEPRECATE -DOPENSSL_SMALL_FOOTPRINT -DPEDANTIC -DMDE_CPU_X64   -c -o crypto/asn1/x_attrib.o /builddir/build/BUILD/shim-16.1/Cryptlib/OpenSSL/crypto/asn1/x_attrib.c
#13 118.3 gcc -std=gnu11 -ggdb -gdwarf-4 -gstrict-dwarf -ffreestanding -fmacro-prefix-map=/builddir/build/BUILD/shim-16.1/= -fno-stack-protector -fno-strict-aliasing -fpic -fshort-wchar -nostdinc -m64 -mno-mmx -mno-sse -mno-red-zone -maccumulate-outgoing-args -Os -Wall -Wextra -Wno-missing-field-initializers -Wno-empty-body -Wno-implicit-fallthrough -Wno-old-style-declaration -Wno-unused-but-set-variable -Wno-unused-parameter -Werror -Wno-error=unused-but-set-variable -Wno-error=unused-parameter -I/builddir/build/BUILD/shim-16.1/Cryptlib/OpenSSL -I/builddir/build/BUILD/shim-16.1/Cryptlib -I/builddir/build/BUILD/shim-16.1/Cryptlib/OpenSSL/Include/ -I/builddir/build/BUILD/shim-16.1/Cryptlib/OpenSSL/crypto -I/builddir/build/BUILD/shim-16.1/Cryptlib/Include -I/builddir/build/BUILD/shim-16.1/gnu-efi/inc -I/builddir/build/BUILD/shim-16.1/gnu-efi/inc/x86_64 -I/builddir/build/BUILD/shim-16.1/gnu-efi/inc/protocol -I/builddir/build/BUILD/shim-16.1/Cryptlib/OpenSSL/crypto/asn1 -I/builddir/build/BUILD/shim-16.1/Cryptlib/OpenSSL/crypto/evp -I/builddir/build/BUILD/shim-16.1/Cryptlib/OpenSSL/crypto/modes -I/builddir/build/BUILD/shim-16.1/Cryptlib/OpenSSL/crypto/include -isystem /builddir/build/BUILD/shim-16.1/include/system -isystem /usr/lib/gcc/x86_64-redhat-linux/11/include -DL_ENDIAN -D_CRT_SECURE_NO_DEPRECATE -D_CRT_NONSTDC_NO_DEPRECATE -DOPENSSL_SMALL_FOOTPRINT -DPEDANTIC -DMDE_CPU_X64   -c -o crypto/asn1/x_bignum.o /builddir/build/BUILD/shim-16.1/Cryptlib/OpenSSL/crypto/asn1/x_bignum.c
#13 118.8 gcc -std=gnu11 -ggdb -gdwarf-4 -gstrict-dwarf -ffreestanding -fmacro-prefix-map=/builddir/build/BUILD/shim-16.1/= -fno-stack-protector -fno-strict-aliasing -fpic -fshort-wchar -nostdinc -m64 -mno-mmx -mno-sse -mno-red-zone -maccumulate-outgoing-args -Os -Wall -Wextra -Wno-missing-field-initializers -Wno-empty-body -Wno-implicit-fallthrough -Wno-old-style-declaration -Wno-unused-but-set-variable -Wno-unused-parameter -Werror -Wno-error=unused-but-set-variable -Wno-error=unused-parameter -I/builddir/build/BUILD/shim-16.1/Cryptlib/OpenSSL -I/builddir/build/BUILD/shim-16.1/Cryptlib -I/builddir/build/BUILD/shim-16.1/Cryptlib/OpenSSL/Include/ -I/builddir/build/BUILD/shim-16.1/Cryptlib/OpenSSL/crypto -I/builddir/build/BUILD/shim-16.1/Cryptlib/Include -I/builddir/build/BUILD/shim-16.1/gnu-efi/inc -I/builddir/build/BUILD/shim-16.1/gnu-efi/inc/x86_64 -I/builddir/build/BUILD/shim-16.1/gnu-efi/inc/protocol -I/builddir/build/BUILD/shim-16.1/Cryptlib/OpenSSL/crypto/asn1 -I/builddir/build/BUILD/shim-16.1/Cryptlib/OpenSSL/crypto/evp -I/builddir/build/BUILD/shim-16.1/Cryptlib/OpenSSL/crypto/modes -I/builddir/build/BUILD/shim-16.1/Cryptlib/OpenSSL/crypto/include -isystem /builddir/build/BUILD/shim-16.1/include/system -isystem /usr/lib/gcc/x86_64-redhat-linux/11/include -DL_ENDIAN -D_CRT_SECURE_NO_DEPRECATE -D_CRT_NONSTDC_NO_DEPRECATE -DOPENSSL_SMALL_FOOTPRINT -DPEDANTIC -DMDE_CPU_X64   -c -o crypto/asn1/x_long.o /builddir/build/BUILD/shim-16.1/Cryptlib/OpenSSL/crypto/asn1/x_long.c
#13 119.2 gcc -std=gnu11 -ggdb -gdwarf-4 -gstrict-dwarf -ffreestanding -fmacro-prefix-map=/builddir/build/BUILD/shim-16.1/= -fno-stack-protector -fno-strict-aliasing -fpic -fshort-wchar -nostdinc -m64 -mno-mmx -mno-sse -mno-red-zone -maccumulate-outgoing-args -Os -Wall -Wextra -Wno-missing-field-initializers -Wno-empty-body -Wno-implicit-fallthrough -Wno-old-style-declaration -Wno-unused-but-set-variable -Wno-unused-parameter -Werror -Wno-error=unused-but-set-variable -Wno-error=unused-parameter -I/builddir/build/BUILD/shim-16.1/Cryptlib/OpenSSL -I/builddir/build/BUILD/shim-16.1/Cryptlib -I/builddir/build/BUILD/shim-16.1/Cryptlib/OpenSSL/Include/ -I/builddir/build/BUILD/shim-16.1/Cryptlib/OpenSSL/crypto -I/builddir/build/BUILD/shim-16.1/Cryptlib/Include -I/builddir/build/BUILD/shim-16.1/gnu-efi/inc -I/builddir/build/BUILD/shim-16.1/gnu-efi/inc/x86_64 -I/builddir/build/BUILD/shim-16.1/gnu-efi/inc/protocol -I/builddir/build/BUILD/shim-16.1/Cryptlib/OpenSSL/crypto/asn1 -I/builddir/build/BUILD/shim-16.1/Cryptlib/OpenSSL/crypto/evp -I/builddir/build/BUILD/shim-16.1/Cryptlib/OpenSSL/crypto/modes -I/builddir/build/BUILD/shim-16.1/Cryptlib/OpenSSL/crypto/include -isystem /builddir/build/BUILD/shim-16.1/include/system -isystem /usr/lib/gcc/x86_64-redhat-linux/11/include -DL_ENDIAN -D_CRT_SECURE_NO_DEPRECATE -D_CRT_NONSTDC_NO_DEPRECATE -DOPENSSL_SMALL_FOOTPRINT -DPEDANTIC -DMDE_CPU_X64   -c -o crypto/asn1/x_name.o /builddir/build/BUILD/shim-16.1/Cryptlib/OpenSSL/crypto/asn1/x_name.c
#13 119.8 gcc -std=gnu11 -ggdb -gdwarf-4 -gstrict-dwarf -ffreestanding -fmacro-prefix-map=/builddir/build/BUILD/shim-16.1/= -fno-stack-protector -fno-strict-aliasing -fpic -fshort-wchar -nostdinc -m64 -mno-mmx -mno-sse -mno-red-zone -maccumulate-outgoing-args -Os -Wall -Wextra -Wno-missing-field-initializers -Wno-empty-body -Wno-implicit-fallthrough -Wno-old-style-declaration -Wno-unused-but-set-variable -Wno-unused-parameter -Werror -Wno-error=unused-but-set-variable -Wno-error=unused-parameter -I/builddir/build/BUILD/shim-16.1/Cryptlib/OpenSSL -I/builddir/build/BUILD/shim-16.1/Cryptlib -I/builddir/build/BUILD/shim-16.1/Cryptlib/OpenSSL/Include/ -I/builddir/build/BUILD/shim-16.1/Cryptlib/OpenSSL/crypto -I/builddir/build/BUILD/shim-16.1/Cryptlib/Include -I/builddir/build/BUILD/shim-16.1/gnu-efi/inc -I/builddir/build/BUILD/shim-16.1/gnu-efi/inc/x86_64 -I/builddir/build/BUILD/shim-16.1/gnu-efi/inc/protocol -I/builddir/build/BUILD/shim-16.1/Cryptlib/OpenSSL/crypto/asn1 -I/builddir/build/BUILD/shim-16.1/Cryptlib/OpenSSL/crypto/evp -I/builddir/build/BUILD/shim-16.1/Cryptlib/OpenSSL/crypto/modes -I/builddir/build/BUILD/shim-16.1/Cryptlib/OpenSSL/crypto/include -isystem /builddir/build/BUILD/shim-16.1/include/system -isystem /usr/lib/gcc/x86_64-redhat-linux/11/include -DL_ENDIAN -D_CRT_SECURE_NO_DEPRECATE -D_CRT_NONSTDC_NO_DEPRECATE -DOPENSSL_SMALL_FOOTPRINT -DPEDANTIC -DMDE_CPU_X64   -c -o crypto/asn1/x_x509.o /builddir/build/BUILD/shim-16.1/Cryptlib/OpenSSL/crypto/asn1/x_x509.c
#13 120.3 gcc -std=gnu11 -ggdb -gdwarf-4 -gstrict-dwarf -ffreestanding -fmacro-prefix-map=/builddir/build/BUILD/shim-16.1/= -fno-stack-protector -fno-strict-aliasing -fpic -fshort-wchar -nostdinc -m64 -mno-mmx -mno-sse -mno-red-zone -maccumulate-outgoing-args -Os -Wall -Wextra -Wno-missing-field-initializers -Wno-empty-body -Wno-implicit-fallthrough -Wno-old-style-declaration -Wno-unused-but-set-variable -Wno-unused-parameter -Werror -Wno-error=unused-but-set-variable -Wno-error=unused-parameter -I/builddir/build/BUILD/shim-16.1/Cryptlib/OpenSSL -I/builddir/build/BUILD/shim-16.1/Cryptlib -I/builddir/build/BUILD/shim-16.1/Cryptlib/OpenSSL/Include/ -I/builddir/build/BUILD/shim-16.1/Cryptlib/OpenSSL/crypto -I/builddir/build/BUILD/shim-16.1/Cryptlib/Include -I/builddir/build/BUILD/shim-16.1/gnu-efi/inc -I/builddir/build/BUILD/shim-16.1/gnu-efi/inc/x86_64 -I/builddir/build/BUILD/shim-16.1/gnu-efi/inc/protocol -I/builddir/build/BUILD/shim-16.1/Cryptlib/OpenSSL/crypto/asn1 -I/builddir/build/BUILD/shim-16.1/Cryptlib/OpenSSL/crypto/evp -I/builddir/build/BUILD/shim-16.1/Cryptlib/OpenSSL/crypto/modes -I/builddir/build/BUILD/shim-16.1/Cryptlib/OpenSSL/crypto/include -isystem /builddir/build/BUILD/shim-16.1/include/system -isystem /usr/lib/gcc/x86_64-redhat-linux/11/include -DL_ENDIAN -D_CRT_SECURE_NO_DEPRECATE -D_CRT_NONSTDC_NO_DEPRECATE -DOPENSSL_SMALL_FOOTPRINT -DPEDANTIC -DMDE_CPU_X64   -c -o crypto/asn1/x_x509a.o /builddir/build/BUILD/shim-16.1/Cryptlib/OpenSSL/crypto/asn1/x_x509a.c
#13 120.7 gcc -std=gnu11 -ggdb -gdwarf-4 -gstrict-dwarf -ffreestanding -fmacro-prefix-map=/builddir/build/BUILD/shim-16.1/= -fno-stack-protector -fno-strict-aliasing -fpic -fshort-wchar -nostdinc -m64 -mno-mmx -mno-sse -mno-red-zone -maccumulate-outgoing-args -Os -Wall -Wextra -Wno-missing-field-initializers -Wno-empty-body -Wno-implicit-fallthrough -Wno-old-style-declaration -Wno-unused-but-set-variable -Wno-unused-parameter -Werror -Wno-error=unused-but-set-variable -Wno-error=unused-parameter -I/builddir/build/BUILD/shim-16.1/Cryptlib/OpenSSL -I/builddir/build/BUILD/shim-16.1/Cryptlib -I/builddir/build/BUILD/shim-16.1/Cryptlib/OpenSSL/Include/ -I/builddir/build/BUILD/shim-16.1/Cryptlib/OpenSSL/crypto -I/builddir/build/BUILD/shim-16.1/Cryptlib/Include -I/builddir/build/BUILD/shim-16.1/gnu-efi/inc -I/builddir/build/BUILD/shim-16.1/gnu-efi/inc/x86_64 -I/builddir/build/BUILD/shim-16.1/gnu-efi/inc/protocol -I/builddir/build/BUILD/shim-16.1/Cryptlib/OpenSSL/crypto/asn1 -I/builddir/build/BUILD/shim-16.1/Cryptlib/OpenSSL/crypto/evp -I/builddir/build/BUILD/shim-16.1/Cryptlib/OpenSSL/crypto/modes -I/builddir/build/BUILD/shim-16.1/Cryptlib/OpenSSL/crypto/include -isystem /builddir/build/BUILD/shim-16.1/include/system -isystem /usr/lib/gcc/x86_64-redhat-linux/11/include -DL_ENDIAN -D_CRT_SECURE_NO_DEPRECATE -D_CRT_NONSTDC_NO_DEPRECATE -DOPENSSL_SMALL_FOOTPRINT -DPEDANTIC -DMDE_CPU_X64   -c -o crypto/asn1/x_crl.o /builddir/build/BUILD/shim-16.1/Cryptlib/OpenSSL/crypto/asn1/x_crl.c
#13 121.2 gcc -std=gnu11 -ggdb -gdwarf-4 -gstrict-dwarf -ffreestanding -fmacro-prefix-map=/builddir/build/BUILD/shim-16.1/= -fno-stack-protector -fno-strict-aliasing -fpic -fshort-wchar -nostdinc -m64 -mno-mmx -mno-sse -mno-red-zone -maccumulate-outgoing-args -Os -Wall -Wextra -Wno-missing-field-initializers -Wno-empty-body -Wno-implicit-fallthrough -Wno-old-style-declaration -Wno-unused-but-set-variable -Wno-unused-parameter -Werror -Wno-error=unused-but-set-variable -Wno-error=unused-parameter -I/builddir/build/BUILD/shim-16.1/Cryptlib/OpenSSL -I/builddir/build/BUILD/shim-16.1/Cryptlib -I/builddir/build/BUILD/shim-16.1/Cryptlib/OpenSSL/Include/ -I/builddir/build/BUILD/shim-16.1/Cryptlib/OpenSSL/crypto -I/builddir/build/BUILD/shim-16.1/Cryptlib/Include -I/builddir/build/BUILD/shim-16.1/gnu-efi/inc -I/builddir/build/BUILD/shim-16.1/gnu-efi/inc/x86_64 -I/builddir/build/BUILD/shim-16.1/gnu-efi/inc/protocol -I/builddir/build/BUILD/shim-16.1/Cryptlib/OpenSSL/crypto/asn1 -I/builddir/build/BUILD/shim-16.1/Cryptlib/OpenSSL/crypto/evp -I/builddir/build/BUILD/shim-16.1/Cryptlib/OpenSSL/crypto/modes -I/builddir/build/BUILD/shim-16.1/Cryptlib/OpenSSL/crypto/include -isystem /builddir/build/BUILD/shim-16.1/include/system -isystem /usr/lib/gcc/x86_64-redhat-linux/11/include -DL_ENDIAN -D_CRT_SECURE_NO_DEPRECATE -D_CRT_NONSTDC_NO_DEPRECATE -DOPENSSL_SMALL_FOOTPRINT -DPEDANTIC -DMDE_CPU_X64   -c -o crypto/asn1/x_info.o /builddir/build/BUILD/shim-16.1/Cryptlib/OpenSSL/crypto/asn1/x_info.c
#13 121.6 gcc -std=gnu11 -ggdb -gdwarf-4 -gstrict-dwarf -ffreestanding -fmacro-prefix-map=/builddir/build/BUILD/shim-16.1/= -fno-stack-protector -fno-strict-aliasing -fpic -fshort-wchar -nostdinc -m64 -mno-mmx -mno-sse -mno-red-zone -maccumulate-outgoing-args -Os -Wall -Wextra -Wno-missing-field-initializers -Wno-empty-body -Wno-implicit-fallthrough -Wno-old-style-declaration -Wno-unused-but-set-variable -Wno-unused-parameter -Werror -Wno-error=unused-but-set-variable -Wno-error=unused-parameter -I/builddir/build/BUILD/shim-16.1/Cryptlib/OpenSSL -I/builddir/build/BUILD/shim-16.1/Cryptlib -I/builddir/build/BUILD/shim-16.1/Cryptlib/OpenSSL/Include/ -I/builddir/build/BUILD/shim-16.1/Cryptlib/OpenSSL/crypto -I/builddir/build/BUILD/shim-16.1/Cryptlib/Include -I/builddir/build/BUILD/shim-16.1/gnu-efi/inc -I/builddir/build/BUILD/shim-16.1/gnu-efi/inc/x86_64 -I/builddir/build/BUILD/shim-16.1/gnu-efi/inc/protocol -I/builddir/build/BUILD/shim-16.1/Cryptlib/OpenSSL/crypto/asn1 -I/builddir/build/BUILD/shim-16.1/Cryptlib/OpenSSL/crypto/evp -I/builddir/build/BUILD/shim-16.1/Cryptlib/OpenSSL/crypto/modes -I/builddir/build/BUILD/shim-16.1/Cryptlib/OpenSSL/crypto/include -isystem /builddir/build/BUILD/shim-16.1/include/system -isystem /usr/lib/gcc/x86_64-redhat-linux/11/include -DL_ENDIAN -D_CRT_SECURE_NO_DEPRECATE -D_CRT_NONSTDC_NO_DEPRECATE -DOPENSSL_SMALL_FOOTPRINT -DPEDANTIC -DMDE_CPU_X64   -c -o crypto/asn1/x_spki.o /builddir/build/BUILD/shim-16.1/Cryptlib/OpenSSL/crypto/asn1/x_spki.c
#13 122.0 gcc -std=gnu11 -ggdb -gdwarf-4 -gstrict-dwarf -ffreestanding -fmacro-prefix-map=/builddir/build/BUILD/shim-16.1/= -fno-stack-protector -fno-strict-aliasing -fpic -fshort-wchar -nostdinc -m64 -mno-mmx -mno-sse -mno-red-zone -maccumulate-outgoing-args -Os -Wall -Wextra -Wno-missing-field-initializers -Wno-empty-body -Wno-implicit-fallthrough -Wno-old-style-declaration -Wno-unused-but-set-variable -Wno-unused-parameter -Werror -Wno-error=unused-but-set-variable -Wno-error=unused-parameter -I/builddir/build/BUILD/shim-16.1/Cryptlib/OpenSSL -I/builddir/build/BUILD/shim-16.1/Cryptlib -I/builddir/build/BUILD/shim-16.1/Cryptlib/OpenSSL/Include/ -I/builddir/build/BUILD/shim-16.1/Cryptlib/OpenSSL/crypto -I/builddir/build/BUILD/shim-16.1/Cryptlib/Include -I/builddir/build/BUILD/shim-16.1/gnu-efi/inc -I/builddir/build/BUILD/shim-16.1/gnu-efi/inc/x86_64 -I/builddir/build/BUILD/shim-16.1/gnu-efi/inc/protocol -I/builddir/build/BUILD/shim-16.1/Cryptlib/OpenSSL/crypto/asn1 -I/builddir/build/BUILD/shim-16.1/Cryptlib/OpenSSL/crypto/evp -I/builddir/build/BUILD/shim-16.1/Cryptlib/OpenSSL/crypto/modes -I/builddir/build/BUILD/shim-16.1/Cryptlib/OpenSSL/crypto/include -isystem /builddir/build/BUILD/shim-16.1/include/system -isystem /usr/lib/gcc/x86_64-redhat-linux/11/include -DL_ENDIAN -D_CRT_SECURE_NO_DEPRECATE -D_CRT_NONSTDC_NO_DEPRECATE -DOPENSSL_SMALL_FOOTPRINT -DPEDANTIC -DMDE_CPU_X64   -c -o crypto/asn1/nsseq.o /builddir/build/BUILD/shim-16.1/Cryptlib/OpenSSL/crypto/asn1/nsseq.c
#13 122.4 gcc -std=gnu11 -ggdb -gdwarf-4 -gstrict-dwarf -ffreestanding -fmacro-prefix-map=/builddir/build/BUILD/shim-16.1/= -fno-stack-protector -fno-strict-aliasing -fpic -fshort-wchar -nostdinc -m64 -mno-mmx -mno-sse -mno-red-zone -maccumulate-outgoing-args -Os -Wall -Wextra -Wno-missing-field-initializers -Wno-empty-body -Wno-implicit-fallthrough -Wno-old-style-declaration -Wno-unused-but-set-variable -Wno-unused-parameter -Werror -Wno-error=unused-but-set-variable -Wno-error=unused-parameter -I/builddir/build/BUILD/shim-16.1/Cryptlib/OpenSSL -I/builddir/build/BUILD/shim-16.1/Cryptlib -I/builddir/build/BUILD/shim-16.1/Cryptlib/OpenSSL/Include/ -I/builddir/build/BUILD/shim-16.1/Cryptlib/OpenSSL/crypto -I/builddir/build/BUILD/shim-16.1/Cryptlib/Include -I/builddir/build/BUILD/shim-16.1/gnu-efi/inc -I/builddir/build/BUILD/shim-16.1/gnu-efi/inc/x86_64 -I/builddir/build/BUILD/shim-16.1/gnu-efi/inc/protocol -I/builddir/build/BUILD/shim-16.1/Cryptlib/OpenSSL/crypto/asn1 -I/builddir/build/BUILD/shim-16.1/Cryptlib/OpenSSL/crypto/evp -I/builddir/build/BUILD/shim-16.1/Cryptlib/OpenSSL/crypto/modes -I/builddir/build/BUILD/shim-16.1/Cryptlib/OpenSSL/crypto/include -isystem /builddir/build/BUILD/shim-16.1/include/system -isystem /usr/lib/gcc/x86_64-redhat-linux/11/include -DL_ENDIAN -D_CRT_SECURE_NO_DEPRECATE -D_CRT_NONSTDC_NO_DEPRECATE -DOPENSSL_SMALL_FOOTPRINT -DPEDANTIC -DMDE_CPU_X64   -c -o crypto/asn1/x_nx509.o /builddir/build/BUILD/shim-16.1/Cryptlib/OpenSSL/crypto/asn1/x_nx509.c
#13 122.7 gcc -std=gnu11 -ggdb -gdwarf-4 -gstrict-dwarf -ffreestanding -fmacro-prefix-map=/builddir/build/BUILD/shim-16.1/= -fno-stack-protector -fno-strict-aliasing -fpic -fshort-wchar -nostdinc -m64 -mno-mmx -mno-sse -mno-red-zone -maccumulate-outgoing-args -Os -Wall -Wextra -Wno-missing-field-initializers -Wno-empty-body -Wno-implicit-fallthrough -Wno-old-style-declaration -Wno-unused-but-set-variable -Wno-unused-parameter -Werror -Wno-error=unused-but-set-variable -Wno-error=unused-parameter -I/builddir/build/BUILD/shim-16.1/Cryptlib/OpenSSL -I/builddir/build/BUILD/shim-16.1/Cryptlib -I/builddir/build/BUILD/shim-16.1/Cryptlib/OpenSSL/Include/ -I/builddir/build/BUILD/shim-16.1/Cryptlib/OpenSSL/crypto -I/builddir/build/BUILD/shim-16.1/Cryptlib/Include -I/builddir/build/BUILD/shim-16.1/gnu-efi/inc -I/builddir/build/BUILD/shim-16.1/gnu-efi/inc/x86_64 -I/builddir/build/BUILD/shim-16.1/gnu-efi/inc/protocol -I/builddir/build/BUILD/shim-16.1/Cryptlib/OpenSSL/crypto/asn1 -I/builddir/build/BUILD/shim-16.1/Cryptlib/OpenSSL/crypto/evp -I/builddir/build/BUILD/shim-16.1/Cryptlib/OpenSSL/crypto/modes -I/builddir/build/BUILD/shim-16.1/Cryptlib/OpenSSL/crypto/include -isystem /builddir/build/BUILD/shim-16.1/include/system -isystem /usr/lib/gcc/x86_64-redhat-linux/11/include -DL_ENDIAN -D_CRT_SECURE_NO_DEPRECATE -D_CRT_NONSTDC_NO_DEPRECATE -DOPENSSL_SMALL_FOOTPRINT -DPEDANTIC -DMDE_CPU_X64   -c -o crypto/asn1/d2i_pu.o /builddir/build/BUILD/shim-16.1/Cryptlib/OpenSSL/crypto/asn1/d2i_pu.c
#13 123.1 gcc -std=gnu11 -ggdb -gdwarf-4 -gstrict-dwarf -ffreestanding -fmacro-prefix-map=/builddir/build/BUILD/shim-16.1/= -fno-stack-protector -fno-strict-aliasing -fpic -fshort-wchar -nostdinc -m64 -mno-mmx -mno-sse -mno-red-zone -maccumulate-outgoing-args -Os -Wall -Wextra -Wno-missing-field-initializers -Wno-empty-body -Wno-implicit-fallthrough -Wno-old-style-declaration -Wno-unused-but-set-variable -Wno-unused-parameter -Werror -Wno-error=unused-but-set-variable -Wno-error=unused-parameter -I/builddir/build/BUILD/shim-16.1/Cryptlib/OpenSSL -I/builddir/build/BUILD/shim-16.1/Cryptlib -I/builddir/build/BUILD/shim-16.1/Cryptlib/OpenSSL/Include/ -I/builddir/build/BUILD/shim-16.1/Cryptlib/OpenSSL/crypto -I/builddir/build/BUILD/shim-16.1/Cryptlib/Include -I/builddir/build/BUILD/shim-16.1/gnu-efi/inc -I/builddir/build/BUILD/shim-16.1/gnu-efi/inc/x86_64 -I/builddir/build/BUILD/shim-16.1/gnu-efi/inc/protocol -I/builddir/build/BUILD/shim-16.1/Cryptlib/OpenSSL/crypto/asn1 -I/builddir/build/BUILD/shim-16.1/Cryptlib/OpenSSL/crypto/evp -I/builddir/build/BUILD/shim-16.1/Cryptlib/OpenSSL/crypto/modes -I/builddir/build/BUILD/shim-16.1/Cryptlib/OpenSSL/crypto/include -isystem /builddir/build/BUILD/shim-16.1/include/system -isystem /usr/lib/gcc/x86_64-redhat-linux/11/include -DL_ENDIAN -D_CRT_SECURE_NO_DEPRECATE -D_CRT_NONSTDC_NO_DEPRECATE -DOPENSSL_SMALL_FOOTPRINT -DPEDANTIC -DMDE_CPU_X64   -c -o crypto/asn1/d2i_pr.o /builddir/build/BUILD/shim-16.1/Cryptlib/OpenSSL/crypto/asn1/d2i_pr.c
#13 123.5 gcc -std=gnu11 -ggdb -gdwarf-4 -gstrict-dwarf -ffreestanding -fmacro-prefix-map=/builddir/build/BUILD/shim-16.1/= -fno-stack-protector -fno-strict-aliasing -fpic -fshort-wchar -nostdinc -m64 -mno-mmx -mno-sse -mno-red-zone -maccumulate-outgoing-args -Os -Wall -Wextra -Wno-missing-field-initializers -Wno-empty-body -Wno-implicit-fallthrough -Wno-old-style-declaration -Wno-unused-but-set-variable -Wno-unused-parameter -Werror -Wno-error=unused-but-set-variable -Wno-error=unused-parameter -I/builddir/build/BUILD/shim-16.1/Cryptlib/OpenSSL -I/builddir/build/BUILD/shim-16.1/Cryptlib -I/builddir/build/BUILD/shim-16.1/Cryptlib/OpenSSL/Include/ -I/builddir/build/BUILD/shim-16.1/Cryptlib/OpenSSL/crypto -I/builddir/build/BUILD/shim-16.1/Cryptlib/Include -I/builddir/build/BUILD/shim-16.1/gnu-efi/inc -I/builddir/build/BUILD/shim-16.1/gnu-efi/inc/x86_64 -I/builddir/build/BUILD/shim-16.1/gnu-efi/inc/protocol -I/builddir/build/BUILD/shim-16.1/Cryptlib/OpenSSL/crypto/asn1 -I/builddir/build/BUILD/shim-16.1/Cryptlib/OpenSSL/crypto/evp -I/builddir/build/BUILD/shim-16.1/Cryptlib/OpenSSL/crypto/modes -I/builddir/build/BUILD/shim-16.1/Cryptlib/OpenSSL/crypto/include -isystem /builddir/build/BUILD/shim-16.1/include/system -isystem /usr/lib/gcc/x86_64-redhat-linux/11/include -DL_ENDIAN -D_CRT_SECURE_NO_DEPRECATE -D_CRT_NONSTDC_NO_DEPRECATE -DOPENSSL_SMALL_FOOTPRINT -DPEDANTIC -DMDE_CPU_X64   -c -o crypto/asn1/i2d_pu.o /builddir/build/BUILD/shim-16.1/Cryptlib/OpenSSL/crypto/asn1/i2d_pu.c
#13 123.9 gcc -std=gnu11 -ggdb -gdwarf-4 -gstrict-dwarf -ffreestanding -fmacro-prefix-map=/builddir/build/BUILD/shim-16.1/= -fno-stack-protector -fno-strict-aliasing -fpic -fshort-wchar -nostdinc -m64 -mno-mmx -mno-sse -mno-red-zone -maccumulate-outgoing-args -Os -Wall -Wextra -Wno-missing-field-initializers -Wno-empty-body -Wno-implicit-fallthrough -Wno-old-style-declaration -Wno-unused-but-set-variable -Wno-unused-parameter -Werror -Wno-error=unused-but-set-variable -Wno-error=unused-parameter -I/builddir/build/BUILD/shim-16.1/Cryptlib/OpenSSL -I/builddir/build/BUILD/shim-16.1/Cryptlib -I/builddir/build/BUILD/shim-16.1/Cryptlib/OpenSSL/Include/ -I/builddir/build/BUILD/shim-16.1/Cryptlib/OpenSSL/crypto -I/builddir/build/BUILD/shim-16.1/Cryptlib/Include -I/builddir/build/BUILD/shim-16.1/gnu-efi/inc -I/builddir/build/BUILD/shim-16.1/gnu-efi/inc/x86_64 -I/builddir/build/BUILD/shim-16.1/gnu-efi/inc/protocol -I/builddir/build/BUILD/shim-16.1/Cryptlib/OpenSSL/crypto/asn1 -I/builddir/build/BUILD/shim-16.1/Cryptlib/OpenSSL/crypto/evp -I/builddir/build/BUILD/shim-16.1/Cryptlib/OpenSSL/crypto/modes -I/builddir/build/BUILD/shim-16.1/Cryptlib/OpenSSL/crypto/include -isystem /builddir/build/BUILD/shim-16.1/include/system -isystem /usr/lib/gcc/x86_64-redhat-linux/11/include -DL_ENDIAN -D_CRT_SECURE_NO_DEPRECATE -D_CRT_NONSTDC_NO_DEPRECATE -DOPENSSL_SMALL_FOOTPRINT -DPEDANTIC -DMDE_CPU_X64   -c -o crypto/asn1/i2d_pr.o /builddir/build/BUILD/shim-16.1/Cryptlib/OpenSSL/crypto/asn1/i2d_pr.c
#13 124.2 gcc -std=gnu11 -ggdb -gdwarf-4 -gstrict-dwarf -ffreestanding -fmacro-prefix-map=/builddir/build/BUILD/shim-16.1/= -fno-stack-protector -fno-strict-aliasing -fpic -fshort-wchar -nostdinc -m64 -mno-mmx -mno-sse -mno-red-zone -maccumulate-outgoing-args -Os -Wall -Wextra -Wno-missing-field-initializers -Wno-empty-body -Wno-implicit-fallthrough -Wno-old-style-declaration -Wno-unused-but-set-variable -Wno-unused-parameter -Werror -Wno-error=unused-but-set-variable -Wno-error=unused-parameter -I/builddir/build/BUILD/shim-16.1/Cryptlib/OpenSSL -I/builddir/build/BUILD/shim-16.1/Cryptlib -I/builddir/build/BUILD/shim-16.1/Cryptlib/OpenSSL/Include/ -I/builddir/build/BUILD/shim-16.1/Cryptlib/OpenSSL/crypto -I/builddir/build/BUILD/shim-16.1/Cryptlib/Include -I/builddir/build/BUILD/shim-16.1/gnu-efi/inc -I/builddir/build/BUILD/shim-16.1/gnu-efi/inc/x86_64 -I/builddir/build/BUILD/shim-16.1/gnu-efi/inc/protocol -I/builddir/build/BUILD/shim-16.1/Cryptlib/OpenSSL/crypto/asn1 -I/builddir/build/BUILD/shim-16.1/Cryptlib/OpenSSL/crypto/evp -I/builddir/build/BUILD/shim-16.1/Cryptlib/OpenSSL/crypto/modes -I/builddir/build/BUILD/shim-16.1/Cryptlib/OpenSSL/crypto/include -isystem /builddir/build/BUILD/shim-16.1/include/system -isystem /usr/lib/gcc/x86_64-redhat-linux/11/include -DL_ENDIAN -D_CRT_SECURE_NO_DEPRECATE -D_CRT_NONSTDC_NO_DEPRECATE -DOPENSSL_SMALL_FOOTPRINT -DPEDANTIC -DMDE_CPU_X64   -c -o crypto/asn1/t_req.o /builddir/build/BUILD/shim-16.1/Cryptlib/OpenSSL/crypto/asn1/t_req.c
#13 124.8 gcc -std=gnu11 -ggdb -gdwarf-4 -gstrict-dwarf -ffreestanding -fmacro-prefix-map=/builddir/build/BUILD/shim-16.1/= -fno-stack-protector -fno-strict-aliasing -fpic -fshort-wchar -nostdinc -m64 -mno-mmx -mno-sse -mno-red-zone -maccumulate-outgoing-args -Os -Wall -Wextra -Wno-missing-field-initializers -Wno-empty-body -Wno-implicit-fallthrough -Wno-old-style-declaration -Wno-unused-but-set-variable -Wno-unused-parameter -Werror -Wno-error=unused-but-set-variable -Wno-error=unused-parameter -I/builddir/build/BUILD/shim-16.1/Cryptlib/OpenSSL -I/builddir/build/BUILD/shim-16.1/Cryptlib -I/builddir/build/BUILD/shim-16.1/Cryptlib/OpenSSL/Include/ -I/builddir/build/BUILD/shim-16.1/Cryptlib/OpenSSL/crypto -I/builddir/build/BUILD/shim-16.1/Cryptlib/Include -I/builddir/build/BUILD/shim-16.1/gnu-efi/inc -I/builddir/build/BUILD/shim-16.1/gnu-efi/inc/x86_64 -I/builddir/build/BUILD/shim-16.1/gnu-efi/inc/protocol -I/builddir/build/BUILD/shim-16.1/Cryptlib/OpenSSL/crypto/asn1 -I/builddir/build/BUILD/shim-16.1/Cryptlib/OpenSSL/crypto/evp -I/builddir/build/BUILD/shim-16.1/Cryptlib/OpenSSL/crypto/modes -I/builddir/build/BUILD/shim-16.1/Cryptlib/OpenSSL/crypto/include -isystem /builddir/build/BUILD/shim-16.1/include/system -isystem /usr/lib/gcc/x86_64-redhat-linux/11/include -DL_ENDIAN -D_CRT_SECURE_NO_DEPRECATE -D_CRT_NONSTDC_NO_DEPRECATE -DOPENSSL_SMALL_FOOTPRINT -DPEDANTIC -DMDE_CPU_X64   -c -o crypto/asn1/t_x509.o /builddir/build/BUILD/shim-16.1/Cryptlib/OpenSSL/crypto/asn1/t_x509.c
#13 125.4 gcc -std=gnu11 -ggdb -gdwarf-4 -gstrict-dwarf -ffreestanding -fmacro-prefix-map=/builddir/build/BUILD/shim-16.1/= -fno-stack-protector -fno-strict-aliasing -fpic -fshort-wchar -nostdinc -m64 -mno-mmx -mno-sse -mno-red-zone -maccumulate-outgoing-args -Os -Wall -Wextra -Wno-missing-field-initializers -Wno-empty-body -Wno-implicit-fallthrough -Wno-old-style-declaration -Wno-unused-but-set-variable -Wno-unused-parameter -Werror -Wno-error=unused-but-set-variable -Wno-error=unused-parameter -I/builddir/build/BUILD/shim-16.1/Cryptlib/OpenSSL -I/builddir/build/BUILD/shim-16.1/Cryptlib -I/builddir/build/BUILD/shim-16.1/Cryptlib/OpenSSL/Include/ -I/builddir/build/BUILD/shim-16.1/Cryptlib/OpenSSL/crypto -I/builddir/build/BUILD/shim-16.1/Cryptlib/Include -I/builddir/build/BUILD/shim-16.1/gnu-efi/inc -I/builddir/build/BUILD/shim-16.1/gnu-efi/inc/x86_64 -I/builddir/build/BUILD/shim-16.1/gnu-efi/inc/protocol -I/builddir/build/BUILD/shim-16.1/Cryptlib/OpenSSL/crypto/asn1 -I/builddir/build/BUILD/shim-16.1/Cryptlib/OpenSSL/crypto/evp -I/builddir/build/BUILD/shim-16.1/Cryptlib/OpenSSL/crypto/modes -I/builddir/build/BUILD/shim-16.1/Cryptlib/OpenSSL/crypto/include -isystem /builddir/build/BUILD/shim-16.1/include/system -isystem /usr/lib/gcc/x86_64-redhat-linux/11/include -DL_ENDIAN -D_CRT_SECURE_NO_DEPRECATE -D_CRT_NONSTDC_NO_DEPRECATE -DOPENSSL_SMALL_FOOTPRINT -DPEDANTIC -DMDE_CPU_X64   -c -o crypto/asn1/t_x509a.o /builddir/build/BUILD/shim-16.1/Cryptlib/OpenSSL/crypto/asn1/t_x509a.c
#13 125.8 gcc -std=gnu11 -ggdb -gdwarf-4 -gstrict-dwarf -ffreestanding -fmacro-prefix-map=/builddir/build/BUILD/shim-16.1/= -fno-stack-protector -fno-strict-aliasing -fpic -fshort-wchar -nostdinc -m64 -mno-mmx -mno-sse -mno-red-zone -maccumulate-outgoing-args -Os -Wall -Wextra -Wno-missing-field-initializers -Wno-empty-body -Wno-implicit-fallthrough -Wno-old-style-declaration -Wno-unused-but-set-variable -Wno-unused-parameter -Werror -Wno-error=unused-but-set-variable -Wno-error=unused-parameter -I/builddir/build/BUILD/shim-16.1/Cryptlib/OpenSSL -I/builddir/build/BUILD/shim-16.1/Cryptlib -I/builddir/build/BUILD/shim-16.1/Cryptlib/OpenSSL/Include/ -I/builddir/build/BUILD/shim-16.1/Cryptlib/OpenSSL/crypto -I/builddir/build/BUILD/shim-16.1/Cryptlib/Include -I/builddir/build/BUILD/shim-16.1/gnu-efi/inc -I/builddir/build/BUILD/shim-16.1/gnu-efi/inc/x86_64 -I/builddir/build/BUILD/shim-16.1/gnu-efi/inc/protocol -I/builddir/build/BUILD/shim-16.1/Cryptlib/OpenSSL/crypto/asn1 -I/builddir/build/BUILD/shim-16.1/Cryptlib/OpenSSL/crypto/evp -I/builddir/build/BUILD/shim-16.1/Cryptlib/OpenSSL/crypto/modes -I/builddir/build/BUILD/shim-16.1/Cryptlib/OpenSSL/crypto/include -isystem /builddir/build/BUILD/shim-16.1/include/system -isystem /usr/lib/gcc/x86_64-redhat-linux/11/include -DL_ENDIAN -D_CRT_SECURE_NO_DEPRECATE -D_CRT_NONSTDC_NO_DEPRECATE -DOPENSSL_SMALL_FOOTPRINT -DPEDANTIC -DMDE_CPU_X64   -c -o crypto/asn1/t_crl.o /builddir/build/BUILD/shim-16.1/Cryptlib/OpenSSL/crypto/asn1/t_crl.c
#13 126.2 gcc -std=gnu11 -ggdb -gdwarf-4 -gstrict-dwarf -ffreestanding -fmacro-prefix-map=/builddir/build/BUILD/shim-16.1/= -fno-stack-protector -fno-strict-aliasing -fpic -fshort-wchar -nostdinc -m64 -mno-mmx -mno-sse -mno-red-zone -maccumulate-outgoing-args -Os -Wall -Wextra -Wno-missing-field-initializers -Wno-empty-body -Wno-implicit-fallthrough -Wno-old-style-declaration -Wno-unused-but-set-variable -Wno-unused-parameter -Werror -Wno-error=unused-but-set-variable -Wno-error=unused-parameter -I/builddir/build/BUILD/shim-16.1/Cryptlib/OpenSSL -I/builddir/build/BUILD/shim-16.1/Cryptlib -I/builddir/build/BUILD/shim-16.1/Cryptlib/OpenSSL/Include/ -I/builddir/build/BUILD/shim-16.1/Cryptlib/OpenSSL/crypto -I/builddir/build/BUILD/shim-16.1/Cryptlib/Include -I/builddir/build/BUILD/shim-16.1/gnu-efi/inc -I/builddir/build/BUILD/shim-16.1/gnu-efi/inc/x86_64 -I/builddir/build/BUILD/shim-16.1/gnu-efi/inc/protocol -I/builddir/build/BUILD/shim-16.1/Cryptlib/OpenSSL/crypto/asn1 -I/builddir/build/BUILD/shim-16.1/Cryptlib/OpenSSL/crypto/evp -I/builddir/build/BUILD/shim-16.1/Cryptlib/OpenSSL/crypto/modes -I/builddir/build/BUILD/shim-16.1/Cryptlib/OpenSSL/crypto/include -isystem /builddir/build/BUILD/shim-16.1/include/system -isystem /usr/lib/gcc/x86_64-redhat-linux/11/include -DL_ENDIAN -D_CRT_SECURE_NO_DEPRECATE -D_CRT_NONSTDC_NO_DEPRECATE -DOPENSSL_SMALL_FOOTPRINT -DPEDANTIC -DMDE_CPU_X64   -c -o crypto/asn1/t_pkey.o /builddir/build/BUILD/shim-16.1/Cryptlib/OpenSSL/crypto/asn1/t_pkey.c
#13 126.7 gcc -std=gnu11 -ggdb -gdwarf-4 -gstrict-dwarf -ffreestanding -fmacro-prefix-map=/builddir/build/BUILD/shim-16.1/= -fno-stack-protector -fno-strict-aliasing -fpic -fshort-wchar -nostdinc -m64 -mno-mmx -mno-sse -mno-red-zone -maccumulate-outgoing-args -Os -Wall -Wextra -Wno-missing-field-initializers -Wno-empty-body -Wno-implicit-fallthrough -Wno-old-style-declaration -Wno-unused-but-set-variable -Wno-unused-parameter -Werror -Wno-error=unused-but-set-variable -Wno-error=unused-parameter -I/builddir/build/BUILD/shim-16.1/Cryptlib/OpenSSL -I/builddir/build/BUILD/shim-16.1/Cryptlib -I/builddir/build/BUILD/shim-16.1/Cryptlib/OpenSSL/Include/ -I/builddir/build/BUILD/shim-16.1/Cryptlib/OpenSSL/crypto -I/builddir/build/BUILD/shim-16.1/Cryptlib/Include -I/builddir/build/BUILD/shim-16.1/gnu-efi/inc -I/builddir/build/BUILD/shim-16.1/gnu-efi/inc/x86_64 -I/builddir/build/BUILD/shim-16.1/gnu-efi/inc/protocol -I/builddir/build/BUILD/shim-16.1/Cryptlib/OpenSSL/crypto/asn1 -I/builddir/build/BUILD/shim-16.1/Cryptlib/OpenSSL/crypto/evp -I/builddir/build/BUILD/shim-16.1/Cryptlib/OpenSSL/crypto/modes -I/builddir/build/BUILD/shim-16.1/Cryptlib/OpenSSL/crypto/include -isystem /builddir/build/BUILD/shim-16.1/include/system -isystem /usr/lib/gcc/x86_64-redhat-linux/11/include -DL_ENDIAN -D_CRT_SECURE_NO_DEPRECATE -D_CRT_NONSTDC_NO_DEPRECATE -DOPENSSL_SMALL_FOOTPRINT -DPEDANTIC -DMDE_CPU_X64   -c -o crypto/asn1/t_spki.o /builddir/build/BUILD/shim-16.1/Cryptlib/OpenSSL/crypto/asn1/t_spki.c
#13 127.1 gcc -std=gnu11 -ggdb -gdwarf-4 -gstrict-dwarf -ffreestanding -fmacro-prefix-map=/builddir/build/BUILD/shim-16.1/= -fno-stack-protector -fno-strict-aliasing -fpic -fshort-wchar -nostdinc -m64 -mno-mmx -mno-sse -mno-red-zone -maccumulate-outgoing-args -Os -Wall -Wextra -Wno-missing-field-initializers -Wno-empty-body -Wno-implicit-fallthrough -Wno-old-style-declaration -Wno-unused-but-set-variable -Wno-unused-parameter -Werror -Wno-error=unused-but-set-variable -Wno-error=unused-parameter -I/builddir/build/BUILD/shim-16.1/Cryptlib/OpenSSL -I/builddir/build/BUILD/shim-16.1/Cryptlib -I/builddir/build/BUILD/shim-16.1/Cryptlib/OpenSSL/Include/ -I/builddir/build/BUILD/shim-16.1/Cryptlib/OpenSSL/crypto -I/builddir/build/BUILD/shim-16.1/Cryptlib/Include -I/builddir/build/BUILD/shim-16.1/gnu-efi/inc -I/builddir/build/BUILD/shim-16.1/gnu-efi/inc/x86_64 -I/builddir/build/BUILD/shim-16.1/gnu-efi/inc/protocol -I/builddir/build/BUILD/shim-16.1/Cryptlib/OpenSSL/crypto/asn1 -I/builddir/build/BUILD/shim-16.1/Cryptlib/OpenSSL/crypto/evp -I/builddir/build/BUILD/shim-16.1/Cryptlib/OpenSSL/crypto/modes -I/builddir/build/BUILD/shim-16.1/Cryptlib/OpenSSL/crypto/include -isystem /builddir/build/BUILD/shim-16.1/include/system -isystem /usr/lib/gcc/x86_64-redhat-linux/11/include -DL_ENDIAN -D_CRT_SECURE_NO_DEPRECATE -D_CRT_NONSTDC_NO_DEPRECATE -DOPENSSL_SMALL_FOOTPRINT -DPEDANTIC -DMDE_CPU_X64   -c -o crypto/asn1/t_bitst.o /builddir/build/BUILD/shim-16.1/Cryptlib/OpenSSL/crypto/asn1/t_bitst.c
#13 127.5 gcc -std=gnu11 -ggdb -gdwarf-4 -gstrict-dwarf -ffreestanding -fmacro-prefix-map=/builddir/build/BUILD/shim-16.1/= -fno-stack-protector -fno-strict-aliasing -fpic -fshort-wchar -nostdinc -m64 -mno-mmx -mno-sse -mno-red-zone -maccumulate-outgoing-args -Os -Wall -Wextra -Wno-missing-field-initializers -Wno-empty-body -Wno-implicit-fallthrough -Wno-old-style-declaration -Wno-unused-but-set-variable -Wno-unused-parameter -Werror -Wno-error=unused-but-set-variable -Wno-error=unused-parameter -I/builddir/build/BUILD/shim-16.1/Cryptlib/OpenSSL -I/builddir/build/BUILD/shim-16.1/Cryptlib -I/builddir/build/BUILD/shim-16.1/Cryptlib/OpenSSL/Include/ -I/builddir/build/BUILD/shim-16.1/Cryptlib/OpenSSL/crypto -I/builddir/build/BUILD/shim-16.1/Cryptlib/Include -I/builddir/build/BUILD/shim-16.1/gnu-efi/inc -I/builddir/build/BUILD/shim-16.1/gnu-efi/inc/x86_64 -I/builddir/build/BUILD/shim-16.1/gnu-efi/inc/protocol -I/builddir/build/BUILD/shim-16.1/Cryptlib/OpenSSL/crypto/asn1 -I/builddir/build/BUILD/shim-16.1/Cryptlib/OpenSSL/crypto/evp -I/builddir/build/BUILD/shim-16.1/Cryptlib/OpenSSL/crypto/modes -I/builddir/build/BUILD/shim-16.1/Cryptlib/OpenSSL/crypto/include -isystem /builddir/build/BUILD/shim-16.1/include/system -isystem /usr/lib/gcc/x86_64-redhat-linux/11/include -DL_ENDIAN -D_CRT_SECURE_NO_DEPRECATE -D_CRT_NONSTDC_NO_DEPRECATE -DOPENSSL_SMALL_FOOTPRINT -DPEDANTIC -DMDE_CPU_X64   -c -o crypto/asn1/tasn_new.o /builddir/build/BUILD/shim-16.1/Cryptlib/OpenSSL/crypto/asn1/tasn_new.c
#13 128.0 gcc -std=gnu11 -ggdb -gdwarf-4 -gstrict-dwarf -ffreestanding -fmacro-prefix-map=/builddir/build/BUILD/shim-16.1/= -fno-stack-protector -fno-strict-aliasing -fpic -fshort-wchar -nostdinc -m64 -mno-mmx -mno-sse -mno-red-zone -maccumulate-outgoing-args -Os -Wall -Wextra -Wno-missing-field-initializers -Wno-empty-body -Wno-implicit-fallthrough -Wno-old-style-declaration -Wno-unused-but-set-variable -Wno-unused-parameter -Werror -Wno-error=unused-but-set-variable -Wno-error=unused-parameter -I/builddir/build/BUILD/shim-16.1/Cryptlib/OpenSSL -I/builddir/build/BUILD/shim-16.1/Cryptlib -I/builddir/build/BUILD/shim-16.1/Cryptlib/OpenSSL/Include/ -I/builddir/build/BUILD/shim-16.1/Cryptlib/OpenSSL/crypto -I/builddir/build/BUILD/shim-16.1/Cryptlib/Include -I/builddir/build/BUILD/shim-16.1/gnu-efi/inc -I/builddir/build/BUILD/shim-16.1/gnu-efi/inc/x86_64 -I/builddir/build/BUILD/shim-16.1/gnu-efi/inc/protocol -I/builddir/build/BUILD/shim-16.1/Cryptlib/OpenSSL/crypto/asn1 -I/builddir/build/BUILD/shim-16.1/Cryptlib/OpenSSL/crypto/evp -I/builddir/build/BUILD/shim-16.1/Cryptlib/OpenSSL/crypto/modes -I/builddir/build/BUILD/shim-16.1/Cryptlib/OpenSSL/crypto/include -isystem /builddir/build/BUILD/shim-16.1/include/system -isystem /usr/lib/gcc/x86_64-redhat-linux/11/include -DL_ENDIAN -D_CRT_SECURE_NO_DEPRECATE -D_CRT_NONSTDC_NO_DEPRECATE -DOPENSSL_SMALL_FOOTPRINT -DPEDANTIC -DMDE_CPU_X64   -c -o crypto/asn1/tasn_fre.o /builddir/build/BUILD/shim-16.1/Cryptlib/OpenSSL/crypto/asn1/tasn_fre.c
#13 128.5 gcc -std=gnu11 -ggdb -gdwarf-4 -gstrict-dwarf -ffreestanding -fmacro-prefix-map=/builddir/build/BUILD/shim-16.1/= -fno-stack-protector -fno-strict-aliasing -fpic -fshort-wchar -nostdinc -m64 -mno-mmx -mno-sse -mno-red-zone -maccumulate-outgoing-args -Os -Wall -Wextra -Wno-missing-field-initializers -Wno-empty-body -Wno-implicit-fallthrough -Wno-old-style-declaration -Wno-unused-but-set-variable -Wno-unused-parameter -Werror -Wno-error=unused-but-set-variable -Wno-error=unused-parameter -I/builddir/build/BUILD/shim-16.1/Cryptlib/OpenSSL -I/builddir/build/BUILD/shim-16.1/Cryptlib -I/builddir/build/BUILD/shim-16.1/Cryptlib/OpenSSL/Include/ -I/builddir/build/BUILD/shim-16.1/Cryptlib/OpenSSL/crypto -I/builddir/build/BUILD/shim-16.1/Cryptlib/Include -I/builddir/build/BUILD/shim-16.1/gnu-efi/inc -I/builddir/build/BUILD/shim-16.1/gnu-efi/inc/x86_64 -I/builddir/build/BUILD/shim-16.1/gnu-efi/inc/protocol -I/builddir/build/BUILD/shim-16.1/Cryptlib/OpenSSL/crypto/asn1 -I/builddir/build/BUILD/shim-16.1/Cryptlib/OpenSSL/crypto/evp -I/builddir/build/BUILD/shim-16.1/Cryptlib/OpenSSL/crypto/modes -I/builddir/build/BUILD/shim-16.1/Cryptlib/OpenSSL/crypto/include -isystem /builddir/build/BUILD/shim-16.1/include/system -isystem /usr/lib/gcc/x86_64-redhat-linux/11/include -DL_ENDIAN -D_CRT_SECURE_NO_DEPRECATE -D_CRT_NONSTDC_NO_DEPRECATE -DOPENSSL_SMALL_FOOTPRINT -DPEDANTIC -DMDE_CPU_X64   -c -o crypto/asn1/tasn_enc.o /builddir/build/BUILD/shim-16.1/Cryptlib/OpenSSL/crypto/asn1/tasn_enc.c
#13 129.1 gcc -std=gnu11 -ggdb -gdwarf-4 -gstrict-dwarf -ffreestanding -fmacro-prefix-map=/builddir/build/BUILD/shim-16.1/= -fno-stack-protector -fno-strict-aliasing -fpic -fshort-wchar -nostdinc -m64 -mno-mmx -mno-sse -mno-red-zone -maccumulate-outgoing-args -Os -Wall -Wextra -Wno-missing-field-initializers -Wno-empty-body -Wno-implicit-fallthrough -Wno-old-style-declaration -Wno-unused-but-set-variable -Wno-unused-parameter -Werror -Wno-error=unused-but-set-variable -Wno-error=unused-parameter -I/builddir/build/BUILD/shim-16.1/Cryptlib/OpenSSL -I/builddir/build/BUILD/shim-16.1/Cryptlib -I/builddir/build/BUILD/shim-16.1/Cryptlib/OpenSSL/Include/ -I/builddir/build/BUILD/shim-16.1/Cryptlib/OpenSSL/crypto -I/builddir/build/BUILD/shim-16.1/Cryptlib/Include -I/builddir/build/BUILD/shim-16.1/gnu-efi/inc -I/builddir/build/BUILD/shim-16.1/gnu-efi/inc/x86_64 -I/builddir/build/BUILD/shim-16.1/gnu-efi/inc/protocol -I/builddir/build/BUILD/shim-16.1/Cryptlib/OpenSSL/crypto/asn1 -I/builddir/build/BUILD/shim-16.1/Cryptlib/OpenSSL/crypto/evp -I/builddir/build/BUILD/shim-16.1/Cryptlib/OpenSSL/crypto/modes -I/builddir/build/BUILD/shim-16.1/Cryptlib/OpenSSL/crypto/include -isystem /builddir/build/BUILD/shim-16.1/include/system -isystem /usr/lib/gcc/x86_64-redhat-linux/11/include -DL_ENDIAN -D_CRT_SECURE_NO_DEPRECATE -D_CRT_NONSTDC_NO_DEPRECATE -DOPENSSL_SMALL_FOOTPRINT -DPEDANTIC -DMDE_CPU_X64   -c -o crypto/asn1/tasn_dec.o /builddir/build/BUILD/shim-16.1/Cryptlib/OpenSSL/crypto/asn1/tasn_dec.c
#13 129.7 gcc -std=gnu11 -ggdb -gdwarf-4 -gstrict-dwarf -ffreestanding -fmacro-prefix-map=/builddir/build/BUILD/shim-16.1/= -fno-stack-protector -fno-strict-aliasing -fpic -fshort-wchar -nostdinc -m64 -mno-mmx -mno-sse -mno-red-zone -maccumulate-outgoing-args -Os -Wall -Wextra -Wno-missing-field-initializers -Wno-empty-body -Wno-implicit-fallthrough -Wno-old-style-declaration -Wno-unused-but-set-variable -Wno-unused-parameter -Werror -Wno-error=unused-but-set-variable -Wno-error=unused-parameter -I/builddir/build/BUILD/shim-16.1/Cryptlib/OpenSSL -I/builddir/build/BUILD/shim-16.1/Cryptlib -I/builddir/build/BUILD/shim-16.1/Cryptlib/OpenSSL/Include/ -I/builddir/build/BUILD/shim-16.1/Cryptlib/OpenSSL/crypto -I/builddir/build/BUILD/shim-16.1/Cryptlib/Include -I/builddir/build/BUILD/shim-16.1/gnu-efi/inc -I/builddir/build/BUILD/shim-16.1/gnu-efi/inc/x86_64 -I/builddir/build/BUILD/shim-16.1/gnu-efi/inc/protocol -I/builddir/build/BUILD/shim-16.1/Cryptlib/OpenSSL/crypto/asn1 -I/builddir/build/BUILD/shim-16.1/Cryptlib/OpenSSL/crypto/evp -I/builddir/build/BUILD/shim-16.1/Cryptlib/OpenSSL/crypto/modes -I/builddir/build/BUILD/shim-16.1/Cryptlib/OpenSSL/crypto/include -isystem /builddir/build/BUILD/shim-16.1/include/system -isystem /usr/lib/gcc/x86_64-redhat-linux/11/include -DL_ENDIAN -D_CRT_SECURE_NO_DEPRECATE -D_CRT_NONSTDC_NO_DEPRECATE -DOPENSSL_SMALL_FOOTPRINT -DPEDANTIC -DMDE_CPU_X64   -c -o crypto/asn1/tasn_utl.o /builddir/build/BUILD/shim-16.1/Cryptlib/OpenSSL/crypto/asn1/tasn_utl.c
#13 130.2 gcc -std=gnu11 -ggdb -gdwarf-4 -gstrict-dwarf -ffreestanding -fmacro-prefix-map=/builddir/build/BUILD/shim-16.1/= -fno-stack-protector -fno-strict-aliasing -fpic -fshort-wchar -nostdinc -m64 -mno-mmx -mno-sse -mno-red-zone -maccumulate-outgoing-args -Os -Wall -Wextra -Wno-missing-field-initializers -Wno-empty-body -Wno-implicit-fallthrough -Wno-old-style-declaration -Wno-unused-but-set-variable -Wno-unused-parameter -Werror -Wno-error=unused-but-set-variable -Wno-error=unused-parameter -I/builddir/build/BUILD/shim-16.1/Cryptlib/OpenSSL -I/builddir/build/BUILD/shim-16.1/Cryptlib -I/builddir/build/BUILD/shim-16.1/Cryptlib/OpenSSL/Include/ -I/builddir/build/BUILD/shim-16.1/Cryptlib/OpenSSL/crypto -I/builddir/build/BUILD/shim-16.1/Cryptlib/Include -I/builddir/build/BUILD/shim-16.1/gnu-efi/inc -I/builddir/build/BUILD/shim-16.1/gnu-efi/inc/x86_64 -I/builddir/build/BUILD/shim-16.1/gnu-efi/inc/protocol -I/builddir/build/BUILD/shim-16.1/Cryptlib/OpenSSL/crypto/asn1 -I/builddir/build/BUILD/shim-16.1/Cryptlib/OpenSSL/crypto/evp -I/builddir/build/BUILD/shim-16.1/Cryptlib/OpenSSL/crypto/modes -I/builddir/build/BUILD/shim-16.1/Cryptlib/OpenSSL/crypto/include -isystem /builddir/build/BUILD/shim-16.1/include/system -isystem /usr/lib/gcc/x86_64-redhat-linux/11/include -DL_ENDIAN -D_CRT_SECURE_NO_DEPRECATE -D_CRT_NONSTDC_NO_DEPRECATE -DOPENSSL_SMALL_FOOTPRINT -DPEDANTIC -DMDE_CPU_X64   -c -o crypto/asn1/tasn_typ.o /builddir/build/BUILD/shim-16.1/Cryptlib/OpenSSL/crypto/asn1/tasn_typ.c
#13 130.6 gcc -std=gnu11 -ggdb -gdwarf-4 -gstrict-dwarf -ffreestanding -fmacro-prefix-map=/builddir/build/BUILD/shim-16.1/= -fno-stack-protector -fno-strict-aliasing -fpic -fshort-wchar -nostdinc -m64 -mno-mmx -mno-sse -mno-red-zone -maccumulate-outgoing-args -Os -Wall -Wextra -Wno-missing-field-initializers -Wno-empty-body -Wno-implicit-fallthrough -Wno-old-style-declaration -Wno-unused-but-set-variable -Wno-unused-parameter -Werror -Wno-error=unused-but-set-variable -Wno-error=unused-parameter -I/builddir/build/BUILD/shim-16.1/Cryptlib/OpenSSL -I/builddir/build/BUILD/shim-16.1/Cryptlib -I/builddir/build/BUILD/shim-16.1/Cryptlib/OpenSSL/Include/ -I/builddir/build/BUILD/shim-16.1/Cryptlib/OpenSSL/crypto -I/builddir/build/BUILD/shim-16.1/Cryptlib/Include -I/builddir/build/BUILD/shim-16.1/gnu-efi/inc -I/builddir/build/BUILD/shim-16.1/gnu-efi/inc/x86_64 -I/builddir/build/BUILD/shim-16.1/gnu-efi/inc/protocol -I/builddir/build/BUILD/shim-16.1/Cryptlib/OpenSSL/crypto/asn1 -I/builddir/build/BUILD/shim-16.1/Cryptlib/OpenSSL/crypto/evp -I/builddir/build/BUILD/shim-16.1/Cryptlib/OpenSSL/crypto/modes -I/builddir/build/BUILD/shim-16.1/Cryptlib/OpenSSL/crypto/include -isystem /builddir/build/BUILD/shim-16.1/include/system -isystem /usr/lib/gcc/x86_64-redhat-linux/11/include -DL_ENDIAN -D_CRT_SECURE_NO_DEPRECATE -D_CRT_NONSTDC_NO_DEPRECATE -DOPENSSL_SMALL_FOOTPRINT -DPEDANTIC -DMDE_CPU_X64   -c -o crypto/asn1/tasn_prn.o /builddir/build/BUILD/shim-16.1/Cryptlib/OpenSSL/crypto/asn1/tasn_prn.c
#13 131.2 gcc -std=gnu11 -ggdb -gdwarf-4 -gstrict-dwarf -ffreestanding -fmacro-prefix-map=/builddir/build/BUILD/shim-16.1/= -fno-stack-protector -fno-strict-aliasing -fpic -fshort-wchar -nostdinc -m64 -mno-mmx -mno-sse -mno-red-zone -maccumulate-outgoing-args -Os -Wall -Wextra -Wno-missing-field-initializers -Wno-empty-body -Wno-implicit-fallthrough -Wno-old-style-declaration -Wno-unused-but-set-variable -Wno-unused-parameter -Werror -Wno-error=unused-but-set-variable -Wno-error=unused-parameter -I/builddir/build/BUILD/shim-16.1/Cryptlib/OpenSSL -I/builddir/build/BUILD/shim-16.1/Cryptlib -I/builddir/build/BUILD/shim-16.1/Cryptlib/OpenSSL/Include/ -I/builddir/build/BUILD/shim-16.1/Cryptlib/OpenSSL/crypto -I/builddir/build/BUILD/shim-16.1/Cryptlib/Include -I/builddir/build/BUILD/shim-16.1/gnu-efi/inc -I/builddir/build/BUILD/shim-16.1/gnu-efi/inc/x86_64 -I/builddir/build/BUILD/shim-16.1/gnu-efi/inc/protocol -I/builddir/build/BUILD/shim-16.1/Cryptlib/OpenSSL/crypto/asn1 -I/builddir/build/BUILD/shim-16.1/Cryptlib/OpenSSL/crypto/evp -I/builddir/build/BUILD/shim-16.1/Cryptlib/OpenSSL/crypto/modes -I/builddir/build/BUILD/shim-16.1/Cryptlib/OpenSSL/crypto/include -isystem /builddir/build/BUILD/shim-16.1/include/system -isystem /usr/lib/gcc/x86_64-redhat-linux/11/include -DL_ENDIAN -D_CRT_SECURE_NO_DEPRECATE -D_CRT_NONSTDC_NO_DEPRECATE -DOPENSSL_SMALL_FOOTPRINT -DPEDANTIC -DMDE_CPU_X64   -c -o crypto/asn1/ameth_lib.o /builddir/build/BUILD/shim-16.1/Cryptlib/OpenSSL/crypto/asn1/ameth_lib.c
#13 131.7 gcc -std=gnu11 -ggdb -gdwarf-4 -gstrict-dwarf -ffreestanding -fmacro-prefix-map=/builddir/build/BUILD/shim-16.1/= -fno-stack-protector -fno-strict-aliasing -fpic -fshort-wchar -nostdinc -m64 -mno-mmx -mno-sse -mno-red-zone -maccumulate-outgoing-args -Os -Wall -Wextra -Wno-missing-field-initializers -Wno-empty-body -Wno-implicit-fallthrough -Wno-old-style-declaration -Wno-unused-but-set-variable -Wno-unused-parameter -Werror -Wno-error=unused-but-set-variable -Wno-error=unused-parameter -I/builddir/build/BUILD/shim-16.1/Cryptlib/OpenSSL -I/builddir/build/BUILD/shim-16.1/Cryptlib -I/builddir/build/BUILD/shim-16.1/Cryptlib/OpenSSL/Include/ -I/builddir/build/BUILD/shim-16.1/Cryptlib/OpenSSL/crypto -I/builddir/build/BUILD/shim-16.1/Cryptlib/Include -I/builddir/build/BUILD/shim-16.1/gnu-efi/inc -I/builddir/build/BUILD/shim-16.1/gnu-efi/inc/x86_64 -I/builddir/build/BUILD/shim-16.1/gnu-efi/inc/protocol -I/builddir/build/BUILD/shim-16.1/Cryptlib/OpenSSL/crypto/asn1 -I/builddir/build/BUILD/shim-16.1/Cryptlib/OpenSSL/crypto/evp -I/builddir/build/BUILD/shim-16.1/Cryptlib/OpenSSL/crypto/modes -I/builddir/build/BUILD/shim-16.1/Cryptlib/OpenSSL/crypto/include -isystem /builddir/build/BUILD/shim-16.1/include/system -isystem /usr/lib/gcc/x86_64-redhat-linux/11/include -DL_ENDIAN -D_CRT_SECURE_NO_DEPRECATE -D_CRT_NONSTDC_NO_DEPRECATE -DOPENSSL_SMALL_FOOTPRINT -DPEDANTIC -DMDE_CPU_X64   -c -o crypto/asn1/f_int.o /builddir/build/BUILD/shim-16.1/Cryptlib/OpenSSL/crypto/asn1/f_int.c
#13 132.2 gcc -std=gnu11 -ggdb -gdwarf-4 -gstrict-dwarf -ffreestanding -fmacro-prefix-map=/builddir/build/BUILD/shim-16.1/= -fno-stack-protector -fno-strict-aliasing -fpic -fshort-wchar -nostdinc -m64 -mno-mmx -mno-sse -mno-red-zone -maccumulate-outgoing-args -Os -Wall -Wextra -Wno-missing-field-initializers -Wno-empty-body -Wno-implicit-fallthrough -Wno-old-style-declaration -Wno-unused-but-set-variable -Wno-unused-parameter -Werror -Wno-error=unused-but-set-variable -Wno-error=unused-parameter -I/builddir/build/BUILD/shim-16.1/Cryptlib/OpenSSL -I/builddir/build/BUILD/shim-16.1/Cryptlib -I/builddir/build/BUILD/shim-16.1/Cryptlib/OpenSSL/Include/ -I/builddir/build/BUILD/shim-16.1/Cryptlib/OpenSSL/crypto -I/builddir/build/BUILD/shim-16.1/Cryptlib/Include -I/builddir/build/BUILD/shim-16.1/gnu-efi/inc -I/builddir/build/BUILD/shim-16.1/gnu-efi/inc/x86_64 -I/builddir/build/BUILD/shim-16.1/gnu-efi/inc/protocol -I/builddir/build/BUILD/shim-16.1/Cryptlib/OpenSSL/crypto/asn1 -I/builddir/build/BUILD/shim-16.1/Cryptlib/OpenSSL/crypto/evp -I/builddir/build/BUILD/shim-16.1/Cryptlib/OpenSSL/crypto/modes -I/builddir/build/BUILD/shim-16.1/Cryptlib/OpenSSL/crypto/include -isystem /builddir/build/BUILD/shim-16.1/include/system -isystem /usr/lib/gcc/x86_64-redhat-linux/11/include -DL_ENDIAN -D_CRT_SECURE_NO_DEPRECATE -D_CRT_NONSTDC_NO_DEPRECATE -DOPENSSL_SMALL_FOOTPRINT -DPEDANTIC -DMDE_CPU_X64   -c -o crypto/asn1/f_string.o /builddir/build/BUILD/shim-16.1/Cryptlib/OpenSSL/crypto/asn1/f_string.c
#13 132.7 gcc -std=gnu11 -ggdb -gdwarf-4 -gstrict-dwarf -ffreestanding -fmacro-prefix-map=/builddir/build/BUILD/shim-16.1/= -fno-stack-protector -fno-strict-aliasing -fpic -fshort-wchar -nostdinc -m64 -mno-mmx -mno-sse -mno-red-zone -maccumulate-outgoing-args -Os -Wall -Wextra -Wno-missing-field-initializers -Wno-empty-body -Wno-implicit-fallthrough -Wno-old-style-declaration -Wno-unused-but-set-variable -Wno-unused-parameter -Werror -Wno-error=unused-but-set-variable -Wno-error=unused-parameter -I/builddir/build/BUILD/shim-16.1/Cryptlib/OpenSSL -I/builddir/build/BUILD/shim-16.1/Cryptlib -I/builddir/build/BUILD/shim-16.1/Cryptlib/OpenSSL/Include/ -I/builddir/build/BUILD/shim-16.1/Cryptlib/OpenSSL/crypto -I/builddir/build/BUILD/shim-16.1/Cryptlib/Include -I/builddir/build/BUILD/shim-16.1/gnu-efi/inc -I/builddir/build/BUILD/shim-16.1/gnu-efi/inc/x86_64 -I/builddir/build/BUILD/shim-16.1/gnu-efi/inc/protocol -I/builddir/build/BUILD/shim-16.1/Cryptlib/OpenSSL/crypto/asn1 -I/builddir/build/BUILD/shim-16.1/Cryptlib/OpenSSL/crypto/evp -I/builddir/build/BUILD/shim-16.1/Cryptlib/OpenSSL/crypto/modes -I/builddir/build/BUILD/shim-16.1/Cryptlib/OpenSSL/crypto/include -isystem /builddir/build/BUILD/shim-16.1/include/system -isystem /usr/lib/gcc/x86_64-redhat-linux/11/include -DL_ENDIAN -D_CRT_SECURE_NO_DEPRECATE -D_CRT_NONSTDC_NO_DEPRECATE -DOPENSSL_SMALL_FOOTPRINT -DPEDANTIC -DMDE_CPU_X64   -c -o crypto/asn1/n_pkey.o /builddir/build/BUILD/shim-16.1/Cryptlib/OpenSSL/crypto/asn1/n_pkey.c
#13 133.1 gcc -std=gnu11 -ggdb -gdwarf-4 -gstrict-dwarf -ffreestanding -fmacro-prefix-map=/builddir/build/BUILD/shim-16.1/= -fno-stack-protector -fno-strict-aliasing -fpic -fshort-wchar -nostdinc -m64 -mno-mmx -mno-sse -mno-red-zone -maccumulate-outgoing-args -Os -Wall -Wextra -Wno-missing-field-initializers -Wno-empty-body -Wno-implicit-fallthrough -Wno-old-style-declaration -Wno-unused-but-set-variable -Wno-unused-parameter -Werror -Wno-error=unused-but-set-variable -Wno-error=unused-parameter -I/builddir/build/BUILD/shim-16.1/Cryptlib/OpenSSL -I/builddir/build/BUILD/shim-16.1/Cryptlib -I/builddir/build/BUILD/shim-16.1/Cryptlib/OpenSSL/Include/ -I/builddir/build/BUILD/shim-16.1/Cryptlib/OpenSSL/crypto -I/builddir/build/BUILD/shim-16.1/Cryptlib/Include -I/builddir/build/BUILD/shim-16.1/gnu-efi/inc -I/builddir/build/BUILD/shim-16.1/gnu-efi/inc/x86_64 -I/builddir/build/BUILD/shim-16.1/gnu-efi/inc/protocol -I/builddir/build/BUILD/shim-16.1/Cryptlib/OpenSSL/crypto/asn1 -I/builddir/build/BUILD/shim-16.1/Cryptlib/OpenSSL/crypto/evp -I/builddir/build/BUILD/shim-16.1/Cryptlib/OpenSSL/crypto/modes -I/builddir/build/BUILD/shim-16.1/Cryptlib/OpenSSL/crypto/include -isystem /builddir/build/BUILD/shim-16.1/include/system -isystem /usr/lib/gcc/x86_64-redhat-linux/11/include -DL_ENDIAN -D_CRT_SECURE_NO_DEPRECATE -D_CRT_NONSTDC_NO_DEPRECATE -DOPENSSL_SMALL_FOOTPRINT -DPEDANTIC -DMDE_CPU_X64   -c -o crypto/asn1/f_enum.o /builddir/build/BUILD/shim-16.1/Cryptlib/OpenSSL/crypto/asn1/f_enum.c
#13 133.6 gcc -std=gnu11 -ggdb -gdwarf-4 -gstrict-dwarf -ffreestanding -fmacro-prefix-map=/builddir/build/BUILD/shim-16.1/= -fno-stack-protector -fno-strict-aliasing -fpic -fshort-wchar -nostdinc -m64 -mno-mmx -mno-sse -mno-red-zone -maccumulate-outgoing-args -Os -Wall -Wextra -Wno-missing-field-initializers -Wno-empty-body -Wno-implicit-fallthrough -Wno-old-style-declaration -Wno-unused-but-set-variable -Wno-unused-parameter -Werror -Wno-error=unused-but-set-variable -Wno-error=unused-parameter -I/builddir/build/BUILD/shim-16.1/Cryptlib/OpenSSL -I/builddir/build/BUILD/shim-16.1/Cryptlib -I/builddir/build/BUILD/shim-16.1/Cryptlib/OpenSSL/Include/ -I/builddir/build/BUILD/shim-16.1/Cryptlib/OpenSSL/crypto -I/builddir/build/BUILD/shim-16.1/Cryptlib/Include -I/builddir/build/BUILD/shim-16.1/gnu-efi/inc -I/builddir/build/BUILD/shim-16.1/gnu-efi/inc/x86_64 -I/builddir/build/BUILD/shim-16.1/gnu-efi/inc/protocol -I/builddir/build/BUILD/shim-16.1/Cryptlib/OpenSSL/crypto/asn1 -I/builddir/build/BUILD/shim-16.1/Cryptlib/OpenSSL/crypto/evp -I/builddir/build/BUILD/shim-16.1/Cryptlib/OpenSSL/crypto/modes -I/builddir/build/BUILD/shim-16.1/Cryptlib/OpenSSL/crypto/include -isystem /builddir/build/BUILD/shim-16.1/include/system -isystem /usr/lib/gcc/x86_64-redhat-linux/11/include -DL_ENDIAN -D_CRT_SECURE_NO_DEPRECATE -D_CRT_NONSTDC_NO_DEPRECATE -DOPENSSL_SMALL_FOOTPRINT -DPEDANTIC -DMDE_CPU_X64   -c -o crypto/asn1/x_pkey.o /builddir/build/BUILD/shim-16.1/Cryptlib/OpenSSL/crypto/asn1/x_pkey.c
#13 134.1 gcc -std=gnu11 -ggdb -gdwarf-4 -gstrict-dwarf -ffreestanding -fmacro-prefix-map=/builddir/build/BUILD/shim-16.1/= -fno-stack-protector -fno-strict-aliasing -fpic -fshort-wchar -nostdinc -m64 -mno-mmx -mno-sse -mno-red-zone -maccumulate-outgoing-args -Os -Wall -Wextra -Wno-missing-field-initializers -Wno-empty-body -Wno-implicit-fallthrough -Wno-old-style-declaration -Wno-unused-but-set-variable -Wno-unused-parameter -Werror -Wno-error=unused-but-set-variable -Wno-error=unused-parameter -I/builddir/build/BUILD/shim-16.1/Cryptlib/OpenSSL -I/builddir/build/BUILD/shim-16.1/Cryptlib -I/builddir/build/BUILD/shim-16.1/Cryptlib/OpenSSL/Include/ -I/builddir/build/BUILD/shim-16.1/Cryptlib/OpenSSL/crypto -I/builddir/build/BUILD/shim-16.1/Cryptlib/Include -I/builddir/build/BUILD/shim-16.1/gnu-efi/inc -I/builddir/build/BUILD/shim-16.1/gnu-efi/inc/x86_64 -I/builddir/build/BUILD/shim-16.1/gnu-efi/inc/protocol -I/builddir/build/BUILD/shim-16.1/Cryptlib/OpenSSL/crypto/asn1 -I/builddir/build/BUILD/shim-16.1/Cryptlib/OpenSSL/crypto/evp -I/builddir/build/BUILD/shim-16.1/Cryptlib/OpenSSL/crypto/modes -I/builddir/build/BUILD/shim-16.1/Cryptlib/OpenSSL/crypto/include -isystem /builddir/build/BUILD/shim-16.1/include/system -isystem /usr/lib/gcc/x86_64-redhat-linux/11/include -DL_ENDIAN -D_CRT_SECURE_NO_DEPRECATE -D_CRT_NONSTDC_NO_DEPRECATE -DOPENSSL_SMALL_FOOTPRINT -DPEDANTIC -DMDE_CPU_X64   -c -o crypto/asn1/a_bool.o /builddir/build/BUILD/shim-16.1/Cryptlib/OpenSSL/crypto/asn1/a_bool.c
#13 134.5 gcc -std=gnu11 -ggdb -gdwarf-4 -gstrict-dwarf -ffreestanding -fmacro-prefix-map=/builddir/build/BUILD/shim-16.1/= -fno-stack-protector -fno-strict-aliasing -fpic -fshort-wchar -nostdinc -m64 -mno-mmx -mno-sse -mno-red-zone -maccumulate-outgoing-args -Os -Wall -Wextra -Wno-missing-field-initializers -Wno-empty-body -Wno-implicit-fallthrough -Wno-old-style-declaration -Wno-unused-but-set-variable -Wno-unused-parameter -Werror -Wno-error=unused-but-set-variable -Wno-error=unused-parameter -I/builddir/build/BUILD/shim-16.1/Cryptlib/OpenSSL -I/builddir/build/BUILD/shim-16.1/Cryptlib -I/builddir/build/BUILD/shim-16.1/Cryptlib/OpenSSL/Include/ -I/builddir/build/BUILD/shim-16.1/Cryptlib/OpenSSL/crypto -I/builddir/build/BUILD/shim-16.1/Cryptlib/Include -I/builddir/build/BUILD/shim-16.1/gnu-efi/inc -I/builddir/build/BUILD/shim-16.1/gnu-efi/inc/x86_64 -I/builddir/build/BUILD/shim-16.1/gnu-efi/inc/protocol -I/builddir/build/BUILD/shim-16.1/Cryptlib/OpenSSL/crypto/asn1 -I/builddir/build/BUILD/shim-16.1/Cryptlib/OpenSSL/crypto/evp -I/builddir/build/BUILD/shim-16.1/Cryptlib/OpenSSL/crypto/modes -I/builddir/build/BUILD/shim-16.1/Cryptlib/OpenSSL/crypto/include -isystem /builddir/build/BUILD/shim-16.1/include/system -isystem /usr/lib/gcc/x86_64-redhat-linux/11/include -DL_ENDIAN -D_CRT_SECURE_NO_DEPRECATE -D_CRT_NONSTDC_NO_DEPRECATE -DOPENSSL_SMALL_FOOTPRINT -DPEDANTIC -DMDE_CPU_X64   -c -o crypto/asn1/x_exten.o /builddir/build/BUILD/shim-16.1/Cryptlib/OpenSSL/crypto/asn1/x_exten.c
#13 134.8 gcc -std=gnu11 -ggdb -gdwarf-4 -gstrict-dwarf -ffreestanding -fmacro-prefix-map=/builddir/build/BUILD/shim-16.1/= -fno-stack-protector -fno-strict-aliasing -fpic -fshort-wchar -nostdinc -m64 -mno-mmx -mno-sse -mno-red-zone -maccumulate-outgoing-args -Os -Wall -Wextra -Wno-missing-field-initializers -Wno-empty-body -Wno-implicit-fallthrough -Wno-old-style-declaration -Wno-unused-but-set-variable -Wno-unused-parameter -Werror -Wno-error=unused-but-set-variable -Wno-error=unused-parameter -I/builddir/build/BUILD/shim-16.1/Cryptlib/OpenSSL -I/builddir/build/BUILD/shim-16.1/Cryptlib -I/builddir/build/BUILD/shim-16.1/Cryptlib/OpenSSL/Include/ -I/builddir/build/BUILD/shim-16.1/Cryptlib/OpenSSL/crypto -I/builddir/build/BUILD/shim-16.1/Cryptlib/Include -I/builddir/build/BUILD/shim-16.1/gnu-efi/inc -I/builddir/build/BUILD/shim-16.1/gnu-efi/inc/x86_64 -I/builddir/build/BUILD/shim-16.1/gnu-efi/inc/protocol -I/builddir/build/BUILD/shim-16.1/Cryptlib/OpenSSL/crypto/asn1 -I/builddir/build/BUILD/shim-16.1/Cryptlib/OpenSSL/crypto/evp -I/builddir/build/BUILD/shim-16.1/Cryptlib/OpenSSL/crypto/modes -I/builddir/build/BUILD/shim-16.1/Cryptlib/OpenSSL/crypto/include -isystem /builddir/build/BUILD/shim-16.1/include/system -isystem /usr/lib/gcc/x86_64-redhat-linux/11/include -DL_ENDIAN -D_CRT_SECURE_NO_DEPRECATE -D_CRT_NONSTDC_NO_DEPRECATE -DOPENSSL_SMALL_FOOTPRINT -DPEDANTIC -DMDE_CPU_X64   -c -o crypto/asn1/bio_asn1.o /builddir/build/BUILD/shim-16.1/Cryptlib/OpenSSL/crypto/asn1/bio_asn1.c
#13 135.3 gcc -std=gnu11 -ggdb -gdwarf-4 -gstrict-dwarf -ffreestanding -fmacro-prefix-map=/builddir/build/BUILD/shim-16.1/= -fno-stack-protector -fno-strict-aliasing -fpic -fshort-wchar -nostdinc -m64 -mno-mmx -mno-sse -mno-red-zone -maccumulate-outgoing-args -Os -Wall -Wextra -Wno-missing-field-initializers -Wno-empty-body -Wno-implicit-fallthrough -Wno-old-style-declaration -Wno-unused-but-set-variable -Wno-unused-parameter -Werror -Wno-error=unused-but-set-variable -Wno-error=unused-parameter -I/builddir/build/BUILD/shim-16.1/Cryptlib/OpenSSL -I/builddir/build/BUILD/shim-16.1/Cryptlib -I/builddir/build/BUILD/shim-16.1/Cryptlib/OpenSSL/Include/ -I/builddir/build/BUILD/shim-16.1/Cryptlib/OpenSSL/crypto -I/builddir/build/BUILD/shim-16.1/Cryptlib/Include -I/builddir/build/BUILD/shim-16.1/gnu-efi/inc -I/builddir/build/BUILD/shim-16.1/gnu-efi/inc/x86_64 -I/builddir/build/BUILD/shim-16.1/gnu-efi/inc/protocol -I/builddir/build/BUILD/shim-16.1/Cryptlib/OpenSSL/crypto/asn1 -I/builddir/build/BUILD/shim-16.1/Cryptlib/OpenSSL/crypto/evp -I/builddir/build/BUILD/shim-16.1/Cryptlib/OpenSSL/crypto/modes -I/builddir/build/BUILD/shim-16.1/Cryptlib/OpenSSL/crypto/include -isystem /builddir/build/BUILD/shim-16.1/include/system -isystem /usr/lib/gcc/x86_64-redhat-linux/11/include -DL_ENDIAN -D_CRT_SECURE_NO_DEPRECATE -D_CRT_NONSTDC_NO_DEPRECATE -DOPENSSL_SMALL_FOOTPRINT -DPEDANTIC -DMDE_CPU_X64   -c -o crypto/asn1/bio_ndef.o /builddir/build/BUILD/shim-16.1/Cryptlib/OpenSSL/crypto/asn1/bio_ndef.c
#13 135.7 gcc -std=gnu11 -ggdb -gdwarf-4 -gstrict-dwarf -ffreestanding -fmacro-prefix-map=/builddir/build/BUILD/shim-16.1/= -fno-stack-protector -fno-strict-aliasing -fpic -fshort-wchar -nostdinc -m64 -mno-mmx -mno-sse -mno-red-zone -maccumulate-outgoing-args -Os -Wall -Wextra -Wno-missing-field-initializers -Wno-empty-body -Wno-implicit-fallthrough -Wno-old-style-declaration -Wno-unused-but-set-variable -Wno-unused-parameter -Werror -Wno-error=unused-but-set-variable -Wno-error=unused-parameter -I/builddir/build/BUILD/shim-16.1/Cryptlib/OpenSSL -I/builddir/build/BUILD/shim-16.1/Cryptlib -I/builddir/build/BUILD/shim-16.1/Cryptlib/OpenSSL/Include/ -I/builddir/build/BUILD/shim-16.1/Cryptlib/OpenSSL/crypto -I/builddir/build/BUILD/shim-16.1/Cryptlib/Include -I/builddir/build/BUILD/shim-16.1/gnu-efi/inc -I/builddir/build/BUILD/shim-16.1/gnu-efi/inc/x86_64 -I/builddir/build/BUILD/shim-16.1/gnu-efi/inc/protocol -I/builddir/build/BUILD/shim-16.1/Cryptlib/OpenSSL/crypto/asn1 -I/builddir/build/BUILD/shim-16.1/Cryptlib/OpenSSL/crypto/evp -I/builddir/build/BUILD/shim-16.1/Cryptlib/OpenSSL/crypto/modes -I/builddir/build/BUILD/shim-16.1/Cryptlib/OpenSSL/crypto/include -isystem /builddir/build/BUILD/shim-16.1/include/system -isystem /usr/lib/gcc/x86_64-redhat-linux/11/include -DL_ENDIAN -D_CRT_SECURE_NO_DEPRECATE -D_CRT_NONSTDC_NO_DEPRECATE -DOPENSSL_SMALL_FOOTPRINT -DPEDANTIC -DMDE_CPU_X64   -c -o crypto/asn1/asn_mime.o /builddir/build/BUILD/shim-16.1/Cryptlib/OpenSSL/crypto/asn1/asn_mime.c
#13 136.4 gcc -std=gnu11 -ggdb -gdwarf-4 -gstrict-dwarf -ffreestanding -fmacro-prefix-map=/builddir/build/BUILD/shim-16.1/= -fno-stack-protector -fno-strict-aliasing -fpic -fshort-wchar -nostdinc -m64 -mno-mmx -mno-sse -mno-red-zone -maccumulate-outgoing-args -Os -Wall -Wextra -Wno-missing-field-initializers -Wno-empty-body -Wno-implicit-fallthrough -Wno-old-style-declaration -Wno-unused-but-set-variable -Wno-unused-parameter -Werror -Wno-error=unused-but-set-variable -Wno-error=unused-parameter -I/builddir/build/BUILD/shim-16.1/Cryptlib/OpenSSL -I/builddir/build/BUILD/shim-16.1/Cryptlib -I/builddir/build/BUILD/shim-16.1/Cryptlib/OpenSSL/Include/ -I/builddir/build/BUILD/shim-16.1/Cryptlib/OpenSSL/crypto -I/builddir/build/BUILD/shim-16.1/Cryptlib/Include -I/builddir/build/BUILD/shim-16.1/gnu-efi/inc -I/builddir/build/BUILD/shim-16.1/gnu-efi/inc/x86_64 -I/builddir/build/BUILD/shim-16.1/gnu-efi/inc/protocol -I/builddir/build/BUILD/shim-16.1/Cryptlib/OpenSSL/crypto/asn1 -I/builddir/build/BUILD/shim-16.1/Cryptlib/OpenSSL/crypto/evp -I/builddir/build/BUILD/shim-16.1/Cryptlib/OpenSSL/crypto/modes -I/builddir/build/BUILD/shim-16.1/Cryptlib/OpenSSL/crypto/include -isystem /builddir/build/BUILD/shim-16.1/include/system -isystem /usr/lib/gcc/x86_64-redhat-linux/11/include -DL_ENDIAN -D_CRT_SECURE_NO_DEPRECATE -D_CRT_NONSTDC_NO_DEPRECATE -DOPENSSL_SMALL_FOOTPRINT -DPEDANTIC -DMDE_CPU_X64   -c -o crypto/asn1/asn1_gen.o /builddir/build/BUILD/shim-16.1/Cryptlib/OpenSSL/crypto/asn1/asn1_gen.c
#13 137.0 gcc -std=gnu11 -ggdb -gdwarf-4 -gstrict-dwarf -ffreestanding -fmacro-prefix-map=/builddir/build/BUILD/shim-16.1/= -fno-stack-protector -fno-strict-aliasing -fpic -fshort-wchar -nostdinc -m64 -mno-mmx -mno-sse -mno-red-zone -maccumulate-outgoing-args -Os -Wall -Wextra -Wno-missing-field-initializers -Wno-empty-body -Wno-implicit-fallthrough -Wno-old-style-declaration -Wno-unused-but-set-variable -Wno-unused-parameter -Werror -Wno-error=unused-but-set-variable -Wno-error=unused-parameter -I/builddir/build/BUILD/shim-16.1/Cryptlib/OpenSSL -I/builddir/build/BUILD/shim-16.1/Cryptlib -I/builddir/build/BUILD/shim-16.1/Cryptlib/OpenSSL/Include/ -I/builddir/build/BUILD/shim-16.1/Cryptlib/OpenSSL/crypto -I/builddir/build/BUILD/shim-16.1/Cryptlib/Include -I/builddir/build/BUILD/shim-16.1/gnu-efi/inc -I/builddir/build/BUILD/shim-16.1/gnu-efi/inc/x86_64 -I/builddir/build/BUILD/shim-16.1/gnu-efi/inc/protocol -I/builddir/build/BUILD/shim-16.1/Cryptlib/OpenSSL/crypto/asn1 -I/builddir/build/BUILD/shim-16.1/Cryptlib/OpenSSL/crypto/evp -I/builddir/build/BUILD/shim-16.1/Cryptlib/OpenSSL/crypto/modes -I/builddir/build/BUILD/shim-16.1/Cryptlib/OpenSSL/crypto/include -isystem /builddir/build/BUILD/shim-16.1/include/system -isystem /usr/lib/gcc/x86_64-redhat-linux/11/include -DL_ENDIAN -D_CRT_SECURE_NO_DEPRECATE -D_CRT_NONSTDC_NO_DEPRECATE -DOPENSSL_SMALL_FOOTPRINT -DPEDANTIC -DMDE_CPU_X64   -c -o crypto/asn1/asn1_par.o /builddir/build/BUILD/shim-16.1/Cryptlib/OpenSSL/crypto/asn1/asn1_par.c
#13 137.5 gcc -std=gnu11 -ggdb -gdwarf-4 -gstrict-dwarf -ffreestanding -fmacro-prefix-map=/builddir/build/BUILD/shim-16.1/= -fno-stack-protector -fno-strict-aliasing -fpic -fshort-wchar -nostdinc -m64 -mno-mmx -mno-sse -mno-red-zone -maccumulate-outgoing-args -Os -Wall -Wextra -Wno-missing-field-initializers -Wno-empty-body -Wno-implicit-fallthrough -Wno-old-style-declaration -Wno-unused-but-set-variable -Wno-unused-parameter -Werror -Wno-error=unused-but-set-variable -Wno-error=unused-parameter -I/builddir/build/BUILD/shim-16.1/Cryptlib/OpenSSL -I/builddir/build/BUILD/shim-16.1/Cryptlib -I/builddir/build/BUILD/shim-16.1/Cryptlib/OpenSSL/Include/ -I/builddir/build/BUILD/shim-16.1/Cryptlib/OpenSSL/crypto -I/builddir/build/BUILD/shim-16.1/Cryptlib/Include -I/builddir/build/BUILD/shim-16.1/gnu-efi/inc -I/builddir/build/BUILD/shim-16.1/gnu-efi/inc/x86_64 -I/builddir/build/BUILD/shim-16.1/gnu-efi/inc/protocol -I/builddir/build/BUILD/shim-16.1/Cryptlib/OpenSSL/crypto/asn1 -I/builddir/build/BUILD/shim-16.1/Cryptlib/OpenSSL/crypto/evp -I/builddir/build/BUILD/shim-16.1/Cryptlib/OpenSSL/crypto/modes -I/builddir/build/BUILD/shim-16.1/Cryptlib/OpenSSL/crypto/include -isystem /builddir/build/BUILD/shim-16.1/include/system -isystem /usr/lib/gcc/x86_64-redhat-linux/11/include -DL_ENDIAN -D_CRT_SECURE_NO_DEPRECATE -D_CRT_NONSTDC_NO_DEPRECATE -DOPENSSL_SMALL_FOOTPRINT -DPEDANTIC -DMDE_CPU_X64   -c -o crypto/asn1/asn1_lib.o /builddir/build/BUILD/shim-16.1/Cryptlib/OpenSSL/crypto/asn1/asn1_lib.c
#13 138.1 gcc -std=gnu11 -ggdb -gdwarf-4 -gstrict-dwarf -ffreestanding -fmacro-prefix-map=/builddir/build/BUILD/shim-16.1/= -fno-stack-protector -fno-strict-aliasing -fpic -fshort-wchar -nostdinc -m64 -mno-mmx -mno-sse -mno-red-zone -maccumulate-outgoing-args -Os -Wall -Wextra -Wno-missing-field-initializers -Wno-empty-body -Wno-implicit-fallthrough -Wno-old-style-declaration -Wno-unused-but-set-variable -Wno-unused-parameter -Werror -Wno-error=unused-but-set-variable -Wno-error=unused-parameter -I/builddir/build/BUILD/shim-16.1/Cryptlib/OpenSSL -I/builddir/build/BUILD/shim-16.1/Cryptlib -I/builddir/build/BUILD/shim-16.1/Cryptlib/OpenSSL/Include/ -I/builddir/build/BUILD/shim-16.1/Cryptlib/OpenSSL/crypto -I/builddir/build/BUILD/shim-16.1/Cryptlib/Include -I/builddir/build/BUILD/shim-16.1/gnu-efi/inc -I/builddir/build/BUILD/shim-16.1/gnu-efi/inc/x86_64 -I/builddir/build/BUILD/shim-16.1/gnu-efi/inc/protocol -I/builddir/build/BUILD/shim-16.1/Cryptlib/OpenSSL/crypto/asn1 -I/builddir/build/BUILD/shim-16.1/Cryptlib/OpenSSL/crypto/evp -I/builddir/build/BUILD/shim-16.1/Cryptlib/OpenSSL/crypto/modes -I/builddir/build/BUILD/shim-16.1/Cryptlib/OpenSSL/crypto/include -isystem /builddir/build/BUILD/shim-16.1/include/system -isystem /usr/lib/gcc/x86_64-redhat-linux/11/include -DL_ENDIAN -D_CRT_SECURE_NO_DEPRECATE -D_CRT_NONSTDC_NO_DEPRECATE -DOPENSSL_SMALL_FOOTPRINT -DPEDANTIC -DMDE_CPU_X64   -c -o crypto/asn1/asn1_err.o /builddir/build/BUILD/shim-16.1/Cryptlib/OpenSSL/crypto/asn1/asn1_err.c
#13 138.3 gcc -std=gnu11 -ggdb -gdwarf-4 -gstrict-dwarf -ffreestanding -fmacro-prefix-map=/builddir/build/BUILD/shim-16.1/= -fno-stack-protector -fno-strict-aliasing -fpic -fshort-wchar -nostdinc -m64 -mno-mmx -mno-sse -mno-red-zone -maccumulate-outgoing-args -Os -Wall -Wextra -Wno-missing-field-initializers -Wno-empty-body -Wno-implicit-fallthrough -Wno-old-style-declaration -Wno-unused-but-set-variable -Wno-unused-parameter -Werror -Wno-error=unused-but-set-variable -Wno-error=unused-parameter -I/builddir/build/BUILD/shim-16.1/Cryptlib/OpenSSL -I/builddir/build/BUILD/shim-16.1/Cryptlib -I/builddir/build/BUILD/shim-16.1/Cryptlib/OpenSSL/Include/ -I/builddir/build/BUILD/shim-16.1/Cryptlib/OpenSSL/crypto -I/builddir/build/BUILD/shim-16.1/Cryptlib/Include -I/builddir/build/BUILD/shim-16.1/gnu-efi/inc -I/builddir/build/BUILD/shim-16.1/gnu-efi/inc/x86_64 -I/builddir/build/BUILD/shim-16.1/gnu-efi/inc/protocol -I/builddir/build/BUILD/shim-16.1/Cryptlib/OpenSSL/crypto/asn1 -I/builddir/build/BUILD/shim-16.1/Cryptlib/OpenSSL/crypto/evp -I/builddir/build/BUILD/shim-16.1/Cryptlib/OpenSSL/crypto/modes -I/builddir/build/BUILD/shim-16.1/Cryptlib/OpenSSL/crypto/include -isystem /builddir/build/BUILD/shim-16.1/include/system -isystem /usr/lib/gcc/x86_64-redhat-linux/11/include -DL_ENDIAN -D_CRT_SECURE_NO_DEPRECATE -D_CRT_NONSTDC_NO_DEPRECATE -DOPENSSL_SMALL_FOOTPRINT -DPEDANTIC -DMDE_CPU_X64   -c -o crypto/asn1/a_bytes.o /builddir/build/BUILD/shim-16.1/Cryptlib/OpenSSL/crypto/asn1/a_bytes.c
#13 138.8 gcc -std=gnu11 -ggdb -gdwarf-4 -gstrict-dwarf -ffreestanding -fmacro-prefix-map=/builddir/build/BUILD/shim-16.1/= -fno-stack-protector -fno-strict-aliasing -fpic -fshort-wchar -nostdinc -m64 -mno-mmx -mno-sse -mno-red-zone -maccumulate-outgoing-args -Os -Wall -Wextra -Wno-missing-field-initializers -Wno-empty-body -Wno-implicit-fallthrough -Wno-old-style-declaration -Wno-unused-but-set-variable -Wno-unused-parameter -Werror -Wno-error=unused-but-set-variable -Wno-error=unused-parameter -I/builddir/build/BUILD/shim-16.1/Cryptlib/OpenSSL -I/builddir/build/BUILD/shim-16.1/Cryptlib -I/builddir/build/BUILD/shim-16.1/Cryptlib/OpenSSL/Include/ -I/builddir/build/BUILD/shim-16.1/Cryptlib/OpenSSL/crypto -I/builddir/build/BUILD/shim-16.1/Cryptlib/Include -I/builddir/build/BUILD/shim-16.1/gnu-efi/inc -I/builddir/build/BUILD/shim-16.1/gnu-efi/inc/x86_64 -I/builddir/build/BUILD/shim-16.1/gnu-efi/inc/protocol -I/builddir/build/BUILD/shim-16.1/Cryptlib/OpenSSL/crypto/asn1 -I/builddir/build/BUILD/shim-16.1/Cryptlib/OpenSSL/crypto/evp -I/builddir/build/BUILD/shim-16.1/Cryptlib/OpenSSL/crypto/modes -I/builddir/build/BUILD/shim-16.1/Cryptlib/OpenSSL/crypto/include -isystem /builddir/build/BUILD/shim-16.1/include/system -isystem /usr/lib/gcc/x86_64-redhat-linux/11/include -DL_ENDIAN -D_CRT_SECURE_NO_DEPRECATE -D_CRT_NONSTDC_NO_DEPRECATE -DOPENSSL_SMALL_FOOTPRINT -DPEDANTIC -DMDE_CPU_X64   -c -o crypto/asn1/a_strnid.o /builddir/build/BUILD/shim-16.1/Cryptlib/OpenSSL/crypto/asn1/a_strnid.c
#13 139.2 gcc -std=gnu11 -ggdb -gdwarf-4 -gstrict-dwarf -ffreestanding -fmacro-prefix-map=/builddir/build/BUILD/shim-16.1/= -fno-stack-protector -fno-strict-aliasing -fpic -fshort-wchar -nostdinc -m64 -mno-mmx -mno-sse -mno-red-zone -maccumulate-outgoing-args -Os -Wall -Wextra -Wno-missing-field-initializers -Wno-empty-body -Wno-implicit-fallthrough -Wno-old-style-declaration -Wno-unused-but-set-variable -Wno-unused-parameter -Werror -Wno-error=unused-but-set-variable -Wno-error=unused-parameter -I/builddir/build/BUILD/shim-16.1/Cryptlib/OpenSSL -I/builddir/build/BUILD/shim-16.1/Cryptlib -I/builddir/build/BUILD/shim-16.1/Cryptlib/OpenSSL/Include/ -I/builddir/build/BUILD/shim-16.1/Cryptlib/OpenSSL/crypto -I/builddir/build/BUILD/shim-16.1/Cryptlib/Include -I/builddir/build/BUILD/shim-16.1/gnu-efi/inc -I/builddir/build/BUILD/shim-16.1/gnu-efi/inc/x86_64 -I/builddir/build/BUILD/shim-16.1/gnu-efi/inc/protocol -I/builddir/build/BUILD/shim-16.1/Cryptlib/OpenSSL/crypto/asn1 -I/builddir/build/BUILD/shim-16.1/Cryptlib/OpenSSL/crypto/evp -I/builddir/build/BUILD/shim-16.1/Cryptlib/OpenSSL/crypto/modes -I/builddir/build/BUILD/shim-16.1/Cryptlib/OpenSSL/crypto/include -isystem /builddir/build/BUILD/shim-16.1/include/system -isystem /usr/lib/gcc/x86_64-redhat-linux/11/include -DL_ENDIAN -D_CRT_SECURE_NO_DEPRECATE -D_CRT_NONSTDC_NO_DEPRECATE -DOPENSSL_SMALL_FOOTPRINT -DPEDANTIC -DMDE_CPU_X64   -c -o crypto/asn1/evp_asn1.o /builddir/build/BUILD/shim-16.1/Cryptlib/OpenSSL/crypto/asn1/evp_asn1.c
#13 139.7 gcc -std=gnu11 -ggdb -gdwarf-4 -gstrict-dwarf -ffreestanding -fmacro-prefix-map=/builddir/build/BUILD/shim-16.1/= -fno-stack-protector -fno-strict-aliasing -fpic -fshort-wchar -nostdinc -m64 -mno-mmx -mno-sse -mno-red-zone -maccumulate-outgoing-args -Os -Wall -Wextra -Wno-missing-field-initializers -Wno-empty-body -Wno-implicit-fallthrough -Wno-old-style-declaration -Wno-unused-but-set-variable -Wno-unused-parameter -Werror -Wno-error=unused-but-set-variable -Wno-error=unused-parameter -I/builddir/build/BUILD/shim-16.1/Cryptlib/OpenSSL -I/builddir/build/BUILD/shim-16.1/Cryptlib -I/builddir/build/BUILD/shim-16.1/Cryptlib/OpenSSL/Include/ -I/builddir/build/BUILD/shim-16.1/Cryptlib/OpenSSL/crypto -I/builddir/build/BUILD/shim-16.1/Cryptlib/Include -I/builddir/build/BUILD/shim-16.1/gnu-efi/inc -I/builddir/build/BUILD/shim-16.1/gnu-efi/inc/x86_64 -I/builddir/build/BUILD/shim-16.1/gnu-efi/inc/protocol -I/builddir/build/BUILD/shim-16.1/Cryptlib/OpenSSL/crypto/asn1 -I/builddir/build/BUILD/shim-16.1/Cryptlib/OpenSSL/crypto/evp -I/builddir/build/BUILD/shim-16.1/Cryptlib/OpenSSL/crypto/modes -I/builddir/build/BUILD/shim-16.1/Cryptlib/OpenSSL/crypto/include -isystem /builddir/build/BUILD/shim-16.1/include/system -isystem /usr/lib/gcc/x86_64-redhat-linux/11/include -DL_ENDIAN -D_CRT_SECURE_NO_DEPRECATE -D_CRT_NONSTDC_NO_DEPRECATE -DOPENSSL_SMALL_FOOTPRINT -DPEDANTIC -DMDE_CPU_X64   -c -o crypto/asn1/asn_pack.o /builddir/build/BUILD/shim-16.1/Cryptlib/OpenSSL/crypto/asn1/asn_pack.c
#13 140.1 gcc -std=gnu11 -ggdb -gdwarf-4 -gstrict-dwarf -ffreestanding -fmacro-prefix-map=/builddir/build/BUILD/shim-16.1/= -fno-stack-protector -fno-strict-aliasing -fpic -fshort-wchar -nostdinc -m64 -mno-mmx -mno-sse -mno-red-zone -maccumulate-outgoing-args -Os -Wall -Wextra -Wno-missing-field-initializers -Wno-empty-body -Wno-implicit-fallthrough -Wno-old-style-declaration -Wno-unused-but-set-variable -Wno-unused-parameter -Werror -Wno-error=unused-but-set-variable -Wno-error=unused-parameter -I/builddir/build/BUILD/shim-16.1/Cryptlib/OpenSSL -I/builddir/build/BUILD/shim-16.1/Cryptlib -I/builddir/build/BUILD/shim-16.1/Cryptlib/OpenSSL/Include/ -I/builddir/build/BUILD/shim-16.1/Cryptlib/OpenSSL/crypto -I/builddir/build/BUILD/shim-16.1/Cryptlib/Include -I/builddir/build/BUILD/shim-16.1/gnu-efi/inc -I/builddir/build/BUILD/shim-16.1/gnu-efi/inc/x86_64 -I/builddir/build/BUILD/shim-16.1/gnu-efi/inc/protocol -I/builddir/build/BUILD/shim-16.1/Cryptlib/OpenSSL/crypto/asn1 -I/builddir/build/BUILD/shim-16.1/Cryptlib/OpenSSL/crypto/evp -I/builddir/build/BUILD/shim-16.1/Cryptlib/OpenSSL/crypto/modes -I/builddir/build/BUILD/shim-16.1/Cryptlib/OpenSSL/crypto/include -isystem /builddir/build/BUILD/shim-16.1/include/system -isystem /usr/lib/gcc/x86_64-redhat-linux/11/include -DL_ENDIAN -D_CRT_SECURE_NO_DEPRECATE -D_CRT_NONSTDC_NO_DEPRECATE -DOPENSSL_SMALL_FOOTPRINT -DPEDANTIC -DMDE_CPU_X64   -c -o crypto/asn1/p5_pbe.o /builddir/build/BUILD/shim-16.1/Cryptlib/OpenSSL/crypto/asn1/p5_pbe.c
#13 140.5 gcc -std=gnu11 -ggdb -gdwarf-4 -gstrict-dwarf -ffreestanding -fmacro-prefix-map=/builddir/build/BUILD/shim-16.1/= -fno-stack-protector -fno-strict-aliasing -fpic -fshort-wchar -nostdinc -m64 -mno-mmx -mno-sse -mno-red-zone -maccumulate-outgoing-args -Os -Wall -Wextra -Wno-missing-field-initializers -Wno-empty-body -Wno-implicit-fallthrough -Wno-old-style-declaration -Wno-unused-but-set-variable -Wno-unused-parameter -Werror -Wno-error=unused-but-set-variable -Wno-error=unused-parameter -I/builddir/build/BUILD/shim-16.1/Cryptlib/OpenSSL -I/builddir/build/BUILD/shim-16.1/Cryptlib -I/builddir/build/BUILD/shim-16.1/Cryptlib/OpenSSL/Include/ -I/builddir/build/BUILD/shim-16.1/Cryptlib/OpenSSL/crypto -I/builddir/build/BUILD/shim-16.1/Cryptlib/Include -I/builddir/build/BUILD/shim-16.1/gnu-efi/inc -I/builddir/build/BUILD/shim-16.1/gnu-efi/inc/x86_64 -I/builddir/build/BUILD/shim-16.1/gnu-efi/inc/protocol -I/builddir/build/BUILD/shim-16.1/Cryptlib/OpenSSL/crypto/asn1 -I/builddir/build/BUILD/shim-16.1/Cryptlib/OpenSSL/crypto/evp -I/builddir/build/BUILD/shim-16.1/Cryptlib/OpenSSL/crypto/modes -I/builddir/build/BUILD/shim-16.1/Cryptlib/OpenSSL/crypto/include -isystem /builddir/build/BUILD/shim-16.1/include/system -isystem /usr/lib/gcc/x86_64-redhat-linux/11/include -DL_ENDIAN -D_CRT_SECURE_NO_DEPRECATE -D_CRT_NONSTDC_NO_DEPRECATE -DOPENSSL_SMALL_FOOTPRINT -DPEDANTIC -DMDE_CPU_X64   -c -o crypto/asn1/p5_pbev2.o /builddir/build/BUILD/shim-16.1/Cryptlib/OpenSSL/crypto/asn1/p5_pbev2.c
#13 141.0 gcc -std=gnu11 -ggdb -gdwarf-4 -gstrict-dwarf -ffreestanding -fmacro-prefix-map=/builddir/build/BUILD/shim-16.1/= -fno-stack-protector -fno-strict-aliasing -fpic -fshort-wchar -nostdinc -m64 -mno-mmx -mno-sse -mno-red-zone -maccumulate-outgoing-args -Os -Wall -Wextra -Wno-missing-field-initializers -Wno-empty-body -Wno-implicit-fallthrough -Wno-old-style-declaration -Wno-unused-but-set-variable -Wno-unused-parameter -Werror -Wno-error=unused-but-set-variable -Wno-error=unused-parameter -I/builddir/build/BUILD/shim-16.1/Cryptlib/OpenSSL -I/builddir/build/BUILD/shim-16.1/Cryptlib -I/builddir/build/BUILD/shim-16.1/Cryptlib/OpenSSL/Include/ -I/builddir/build/BUILD/shim-16.1/Cryptlib/OpenSSL/crypto -I/builddir/build/BUILD/shim-16.1/Cryptlib/Include -I/builddir/build/BUILD/shim-16.1/gnu-efi/inc -I/builddir/build/BUILD/shim-16.1/gnu-efi/inc/x86_64 -I/builddir/build/BUILD/shim-16.1/gnu-efi/inc/protocol -I/builddir/build/BUILD/shim-16.1/Cryptlib/OpenSSL/crypto/asn1 -I/builddir/build/BUILD/shim-16.1/Cryptlib/OpenSSL/crypto/evp -I/builddir/build/BUILD/shim-16.1/Cryptlib/OpenSSL/crypto/modes -I/builddir/build/BUILD/shim-16.1/Cryptlib/OpenSSL/crypto/include -isystem /builddir/build/BUILD/shim-16.1/include/system -isystem /usr/lib/gcc/x86_64-redhat-linux/11/include -DL_ENDIAN -D_CRT_SECURE_NO_DEPRECATE -D_CRT_NONSTDC_NO_DEPRECATE -DOPENSSL_SMALL_FOOTPRINT -DPEDANTIC -DMDE_CPU_X64   -c -o crypto/asn1/p8_pkey.o /builddir/build/BUILD/shim-16.1/Cryptlib/OpenSSL/crypto/asn1/p8_pkey.c
#13 141.4 gcc -std=gnu11 -ggdb -gdwarf-4 -gstrict-dwarf -ffreestanding -fmacro-prefix-map=/builddir/build/BUILD/shim-16.1/= -fno-stack-protector -fno-strict-aliasing -fpic -fshort-wchar -nostdinc -m64 -mno-mmx -mno-sse -mno-red-zone -maccumulate-outgoing-args -Os -Wall -Wextra -Wno-missing-field-initializers -Wno-empty-body -Wno-implicit-fallthrough -Wno-old-style-declaration -Wno-unused-but-set-variable -Wno-unused-parameter -Werror -Wno-error=unused-but-set-variable -Wno-error=unused-parameter -I/builddir/build/BUILD/shim-16.1/Cryptlib/OpenSSL -I/builddir/build/BUILD/shim-16.1/Cryptlib -I/builddir/build/BUILD/shim-16.1/Cryptlib/OpenSSL/Include/ -I/builddir/build/BUILD/shim-16.1/Cryptlib/OpenSSL/crypto -I/builddir/build/BUILD/shim-16.1/Cryptlib/Include -I/builddir/build/BUILD/shim-16.1/gnu-efi/inc -I/builddir/build/BUILD/shim-16.1/gnu-efi/inc/x86_64 -I/builddir/build/BUILD/shim-16.1/gnu-efi/inc/protocol -I/builddir/build/BUILD/shim-16.1/Cryptlib/OpenSSL/crypto/asn1 -I/builddir/build/BUILD/shim-16.1/Cryptlib/OpenSSL/crypto/evp -I/builddir/build/BUILD/shim-16.1/Cryptlib/OpenSSL/crypto/modes -I/builddir/build/BUILD/shim-16.1/Cryptlib/OpenSSL/crypto/include -isystem /builddir/build/BUILD/shim-16.1/include/system -isystem /usr/lib/gcc/x86_64-redhat-linux/11/include -DL_ENDIAN -D_CRT_SECURE_NO_DEPRECATE -D_CRT_NONSTDC_NO_DEPRECATE -DOPENSSL_SMALL_FOOTPRINT -DPEDANTIC -DMDE_CPU_X64   -c -o crypto/asn1/asn_moid.o /builddir/build/BUILD/shim-16.1/Cryptlib/OpenSSL/crypto/asn1/asn_moid.c
#13 141.9 gcc -std=gnu11 -ggdb -gdwarf-4 -gstrict-dwarf -ffreestanding -fmacro-prefix-map=/builddir/build/BUILD/shim-16.1/= -fno-stack-protector -fno-strict-aliasing -fpic -fshort-wchar -nostdinc -m64 -mno-mmx -mno-sse -mno-red-zone -maccumulate-outgoing-args -Os -Wall -Wextra -Wno-missing-field-initializers -Wno-empty-body -Wno-implicit-fallthrough -Wno-old-style-declaration -Wno-unused-but-set-variable -Wno-unused-parameter -Werror -Wno-error=unused-but-set-variable -Wno-error=unused-parameter -I/builddir/build/BUILD/shim-16.1/Cryptlib/OpenSSL -I/builddir/build/BUILD/shim-16.1/Cryptlib -I/builddir/build/BUILD/shim-16.1/Cryptlib/OpenSSL/Include/ -I/builddir/build/BUILD/shim-16.1/Cryptlib/OpenSSL/crypto -I/builddir/build/BUILD/shim-16.1/Cryptlib/Include -I/builddir/build/BUILD/shim-16.1/gnu-efi/inc -I/builddir/build/BUILD/shim-16.1/gnu-efi/inc/x86_64 -I/builddir/build/BUILD/shim-16.1/gnu-efi/inc/protocol -I/builddir/build/BUILD/shim-16.1/Cryptlib/OpenSSL/crypto/asn1 -I/builddir/build/BUILD/shim-16.1/Cryptlib/OpenSSL/crypto/evp -I/builddir/build/BUILD/shim-16.1/Cryptlib/OpenSSL/crypto/modes -I/builddir/build/BUILD/shim-16.1/Cryptlib/OpenSSL/crypto/include -isystem /builddir/build/BUILD/shim-16.1/include/system -isystem /usr/lib/gcc/x86_64-redhat-linux/11/include -DL_ENDIAN -D_CRT_SECURE_NO_DEPRECATE -D_CRT_NONSTDC_NO_DEPRECATE -DOPENSSL_SMALL_FOOTPRINT -DPEDANTIC -DMDE_CPU_X64   -c -o crypto/pem/pem_sign.o /builddir/build/BUILD/shim-16.1/Cryptlib/OpenSSL/crypto/pem/pem_sign.c
#13 142.3 gcc -std=gnu11 -ggdb -gdwarf-4 -gstrict-dwarf -ffreestanding -fmacro-prefix-map=/builddir/build/BUILD/shim-16.1/= -fno-stack-protector -fno-strict-aliasing -fpic -fshort-wchar -nostdinc -m64 -mno-mmx -mno-sse -mno-red-zone -maccumulate-outgoing-args -Os -Wall -Wextra -Wno-missing-field-initializers -Wno-empty-body -Wno-implicit-fallthrough -Wno-old-style-declaration -Wno-unused-but-set-variable -Wno-unused-parameter -Werror -Wno-error=unused-but-set-variable -Wno-error=unused-parameter -I/builddir/build/BUILD/shim-16.1/Cryptlib/OpenSSL -I/builddir/build/BUILD/shim-16.1/Cryptlib -I/builddir/build/BUILD/shim-16.1/Cryptlib/OpenSSL/Include/ -I/builddir/build/BUILD/shim-16.1/Cryptlib/OpenSSL/crypto -I/builddir/build/BUILD/shim-16.1/Cryptlib/Include -I/builddir/build/BUILD/shim-16.1/gnu-efi/inc -I/builddir/build/BUILD/shim-16.1/gnu-efi/inc/x86_64 -I/builddir/build/BUILD/shim-16.1/gnu-efi/inc/protocol -I/builddir/build/BUILD/shim-16.1/Cryptlib/OpenSSL/crypto/asn1 -I/builddir/build/BUILD/shim-16.1/Cryptlib/OpenSSL/crypto/evp -I/builddir/build/BUILD/shim-16.1/Cryptlib/OpenSSL/crypto/modes -I/builddir/build/BUILD/shim-16.1/Cryptlib/OpenSSL/crypto/include -isystem /builddir/build/BUILD/shim-16.1/include/system -isystem /usr/lib/gcc/x86_64-redhat-linux/11/include -DL_ENDIAN -D_CRT_SECURE_NO_DEPRECATE -D_CRT_NONSTDC_NO_DEPRECATE -DOPENSSL_SMALL_FOOTPRINT -DPEDANTIC -DMDE_CPU_X64   -c -o crypto/pem/pem_seal.o /builddir/build/BUILD/shim-16.1/Cryptlib/OpenSSL/crypto/pem/pem_seal.c
#13 142.7 gcc -std=gnu11 -ggdb -gdwarf-4 -gstrict-dwarf -ffreestanding -fmacro-prefix-map=/builddir/build/BUILD/shim-16.1/= -fno-stack-protector -fno-strict-aliasing -fpic -fshort-wchar -nostdinc -m64 -mno-mmx -mno-sse -mno-red-zone -maccumulate-outgoing-args -Os -Wall -Wextra -Wno-missing-field-initializers -Wno-empty-body -Wno-implicit-fallthrough -Wno-old-style-declaration -Wno-unused-but-set-variable -Wno-unused-parameter -Werror -Wno-error=unused-but-set-variable -Wno-error=unused-parameter -I/builddir/build/BUILD/shim-16.1/Cryptlib/OpenSSL -I/builddir/build/BUILD/shim-16.1/Cryptlib -I/builddir/build/BUILD/shim-16.1/Cryptlib/OpenSSL/Include/ -I/builddir/build/BUILD/shim-16.1/Cryptlib/OpenSSL/crypto -I/builddir/build/BUILD/shim-16.1/Cryptlib/Include -I/builddir/build/BUILD/shim-16.1/gnu-efi/inc -I/builddir/build/BUILD/shim-16.1/gnu-efi/inc/x86_64 -I/builddir/build/BUILD/shim-16.1/gnu-efi/inc/protocol -I/builddir/build/BUILD/shim-16.1/Cryptlib/OpenSSL/crypto/asn1 -I/builddir/build/BUILD/shim-16.1/Cryptlib/OpenSSL/crypto/evp -I/builddir/build/BUILD/shim-16.1/Cryptlib/OpenSSL/crypto/modes -I/builddir/build/BUILD/shim-16.1/Cryptlib/OpenSSL/crypto/include -isystem /builddir/build/BUILD/shim-16.1/include/system -isystem /usr/lib/gcc/x86_64-redhat-linux/11/include -DL_ENDIAN -D_CRT_SECURE_NO_DEPRECATE -D_CRT_NONSTDC_NO_DEPRECATE -DOPENSSL_SMALL_FOOTPRINT -DPEDANTIC -DMDE_CPU_X64   -c -o crypto/pem/pem_info.o /builddir/build/BUILD/shim-16.1/Cryptlib/OpenSSL/crypto/pem/pem_info.c
#13 143.2 gcc -std=gnu11 -ggdb -gdwarf-4 -gstrict-dwarf -ffreestanding -fmacro-prefix-map=/builddir/build/BUILD/shim-16.1/= -fno-stack-protector -fno-strict-aliasing -fpic -fshort-wchar -nostdinc -m64 -mno-mmx -mno-sse -mno-red-zone -maccumulate-outgoing-args -Os -Wall -Wextra -Wno-missing-field-initializers -Wno-empty-body -Wno-implicit-fallthrough -Wno-old-style-declaration -Wno-unused-but-set-variable -Wno-unused-parameter -Werror -Wno-error=unused-but-set-variable -Wno-error=unused-parameter -I/builddir/build/BUILD/shim-16.1/Cryptlib/OpenSSL -I/builddir/build/BUILD/shim-16.1/Cryptlib -I/builddir/build/BUILD/shim-16.1/Cryptlib/OpenSSL/Include/ -I/builddir/build/BUILD/shim-16.1/Cryptlib/OpenSSL/crypto -I/builddir/build/BUILD/shim-16.1/Cryptlib/Include -I/builddir/build/BUILD/shim-16.1/gnu-efi/inc -I/builddir/build/BUILD/shim-16.1/gnu-efi/inc/x86_64 -I/builddir/build/BUILD/shim-16.1/gnu-efi/inc/protocol -I/builddir/build/BUILD/shim-16.1/Cryptlib/OpenSSL/crypto/asn1 -I/builddir/build/BUILD/shim-16.1/Cryptlib/OpenSSL/crypto/evp -I/builddir/build/BUILD/shim-16.1/Cryptlib/OpenSSL/crypto/modes -I/builddir/build/BUILD/shim-16.1/Cryptlib/OpenSSL/crypto/include -isystem /builddir/build/BUILD/shim-16.1/include/system -isystem /usr/lib/gcc/x86_64-redhat-linux/11/include -DL_ENDIAN -D_CRT_SECURE_NO_DEPRECATE -D_CRT_NONSTDC_NO_DEPRECATE -DOPENSSL_SMALL_FOOTPRINT -DPEDANTIC -DMDE_CPU_X64   -c -o crypto/pem/pem_lib.o /builddir/build/BUILD/shim-16.1/Cryptlib/OpenSSL/crypto/pem/pem_lib.c
#13 143.9 gcc -std=gnu11 -ggdb -gdwarf-4 -gstrict-dwarf -ffreestanding -fmacro-prefix-map=/builddir/build/BUILD/shim-16.1/= -fno-stack-protector -fno-strict-aliasing -fpic -fshort-wchar -nostdinc -m64 -mno-mmx -mno-sse -mno-red-zone -maccumulate-outgoing-args -Os -Wall -Wextra -Wno-missing-field-initializers -Wno-empty-body -Wno-implicit-fallthrough -Wno-old-style-declaration -Wno-unused-but-set-variable -Wno-unused-parameter -Werror -Wno-error=unused-but-set-variable -Wno-error=unused-parameter -I/builddir/build/BUILD/shim-16.1/Cryptlib/OpenSSL -I/builddir/build/BUILD/shim-16.1/Cryptlib -I/builddir/build/BUILD/shim-16.1/Cryptlib/OpenSSL/Include/ -I/builddir/build/BUILD/shim-16.1/Cryptlib/OpenSSL/crypto -I/builddir/build/BUILD/shim-16.1/Cryptlib/Include -I/builddir/build/BUILD/shim-16.1/gnu-efi/inc -I/builddir/build/BUILD/shim-16.1/gnu-efi/inc/x86_64 -I/builddir/build/BUILD/shim-16.1/gnu-efi/inc/protocol -I/builddir/build/BUILD/shim-16.1/Cryptlib/OpenSSL/crypto/asn1 -I/builddir/build/BUILD/shim-16.1/Cryptlib/OpenSSL/crypto/evp -I/builddir/build/BUILD/shim-16.1/Cryptlib/OpenSSL/crypto/modes -I/builddir/build/BUILD/shim-16.1/Cryptlib/OpenSSL/crypto/include -isystem /builddir/build/BUILD/shim-16.1/include/system -isystem /usr/lib/gcc/x86_64-redhat-linux/11/include -DL_ENDIAN -D_CRT_SECURE_NO_DEPRECATE -D_CRT_NONSTDC_NO_DEPRECATE -DOPENSSL_SMALL_FOOTPRINT -DPEDANTIC -DMDE_CPU_X64   -c -o crypto/pem/pem_all.o /builddir/build/BUILD/shim-16.1/Cryptlib/OpenSSL/crypto/pem/pem_all.c
#13 144.3 gcc -std=gnu11 -ggdb -gdwarf-4 -gstrict-dwarf -ffreestanding -fmacro-prefix-map=/builddir/build/BUILD/shim-16.1/= -fno-stack-protector -fno-strict-aliasing -fpic -fshort-wchar -nostdinc -m64 -mno-mmx -mno-sse -mno-red-zone -maccumulate-outgoing-args -Os -Wall -Wextra -Wno-missing-field-initializers -Wno-empty-body -Wno-implicit-fallthrough -Wno-old-style-declaration -Wno-unused-but-set-variable -Wno-unused-parameter -Werror -Wno-error=unused-but-set-variable -Wno-error=unused-parameter -I/builddir/build/BUILD/shim-16.1/Cryptlib/OpenSSL -I/builddir/build/BUILD/shim-16.1/Cryptlib -I/builddir/build/BUILD/shim-16.1/Cryptlib/OpenSSL/Include/ -I/builddir/build/BUILD/shim-16.1/Cryptlib/OpenSSL/crypto -I/builddir/build/BUILD/shim-16.1/Cryptlib/Include -I/builddir/build/BUILD/shim-16.1/gnu-efi/inc -I/builddir/build/BUILD/shim-16.1/gnu-efi/inc/x86_64 -I/builddir/build/BUILD/shim-16.1/gnu-efi/inc/protocol -I/builddir/build/BUILD/shim-16.1/Cryptlib/OpenSSL/crypto/asn1 -I/builddir/build/BUILD/shim-16.1/Cryptlib/OpenSSL/crypto/evp -I/builddir/build/BUILD/shim-16.1/Cryptlib/OpenSSL/crypto/modes -I/builddir/build/BUILD/shim-16.1/Cryptlib/OpenSSL/crypto/include -isystem /builddir/build/BUILD/shim-16.1/include/system -isystem /usr/lib/gcc/x86_64-redhat-linux/11/include -DL_ENDIAN -D_CRT_SECURE_NO_DEPRECATE -D_CRT_NONSTDC_NO_DEPRECATE -DOPENSSL_SMALL_FOOTPRINT -DPEDANTIC -DMDE_CPU_X64   -c -o crypto/pem/pem_err.o /builddir/build/BUILD/shim-16.1/Cryptlib/OpenSSL/crypto/pem/pem_err.c
#13 144.6 gcc -std=gnu11 -ggdb -gdwarf-4 -gstrict-dwarf -ffreestanding -fmacro-prefix-map=/builddir/build/BUILD/shim-16.1/= -fno-stack-protector -fno-strict-aliasing -fpic -fshort-wchar -nostdinc -m64 -mno-mmx -mno-sse -mno-red-zone -maccumulate-outgoing-args -Os -Wall -Wextra -Wno-missing-field-initializers -Wno-empty-body -Wno-implicit-fallthrough -Wno-old-style-declaration -Wno-unused-but-set-variable -Wno-unused-parameter -Werror -Wno-error=unused-but-set-variable -Wno-error=unused-parameter -I/builddir/build/BUILD/shim-16.1/Cryptlib/OpenSSL -I/builddir/build/BUILD/shim-16.1/Cryptlib -I/builddir/build/BUILD/shim-16.1/Cryptlib/OpenSSL/Include/ -I/builddir/build/BUILD/shim-16.1/Cryptlib/OpenSSL/crypto -I/builddir/build/BUILD/shim-16.1/Cryptlib/Include -I/builddir/build/BUILD/shim-16.1/gnu-efi/inc -I/builddir/build/BUILD/shim-16.1/gnu-efi/inc/x86_64 -I/builddir/build/BUILD/shim-16.1/gnu-efi/inc/protocol -I/builddir/build/BUILD/shim-16.1/Cryptlib/OpenSSL/crypto/asn1 -I/builddir/build/BUILD/shim-16.1/Cryptlib/OpenSSL/crypto/evp -I/builddir/build/BUILD/shim-16.1/Cryptlib/OpenSSL/crypto/modes -I/builddir/build/BUILD/shim-16.1/Cryptlib/OpenSSL/crypto/include -isystem /builddir/build/BUILD/shim-16.1/include/system -isystem /usr/lib/gcc/x86_64-redhat-linux/11/include -DL_ENDIAN -D_CRT_SECURE_NO_DEPRECATE -D_CRT_NONSTDC_NO_DEPRECATE -DOPENSSL_SMALL_FOOTPRINT -DPEDANTIC -DMDE_CPU_X64   -c -o crypto/pem/pem_x509.o /builddir/build/BUILD/shim-16.1/Cryptlib/OpenSSL/crypto/pem/pem_x509.c
#13 145.0 gcc -std=gnu11 -ggdb -gdwarf-4 -gstrict-dwarf -ffreestanding -fmacro-prefix-map=/builddir/build/BUILD/shim-16.1/= -fno-stack-protector -fno-strict-aliasing -fpic -fshort-wchar -nostdinc -m64 -mno-mmx -mno-sse -mno-red-zone -maccumulate-outgoing-args -Os -Wall -Wextra -Wno-missing-field-initializers -Wno-empty-body -Wno-implicit-fallthrough -Wno-old-style-declaration -Wno-unused-but-set-variable -Wno-unused-parameter -Werror -Wno-error=unused-but-set-variable -Wno-error=unused-parameter -I/builddir/build/BUILD/shim-16.1/Cryptlib/OpenSSL -I/builddir/build/BUILD/shim-16.1/Cryptlib -I/builddir/build/BUILD/shim-16.1/Cryptlib/OpenSSL/Include/ -I/builddir/build/BUILD/shim-16.1/Cryptlib/OpenSSL/crypto -I/builddir/build/BUILD/shim-16.1/Cryptlib/Include -I/builddir/build/BUILD/shim-16.1/gnu-efi/inc -I/builddir/build/BUILD/shim-16.1/gnu-efi/inc/x86_64 -I/builddir/build/BUILD/shim-16.1/gnu-efi/inc/protocol -I/builddir/build/BUILD/shim-16.1/Cryptlib/OpenSSL/crypto/asn1 -I/builddir/build/BUILD/shim-16.1/Cryptlib/OpenSSL/crypto/evp -I/builddir/build/BUILD/shim-16.1/Cryptlib/OpenSSL/crypto/modes -I/builddir/build/BUILD/shim-16.1/Cryptlib/OpenSSL/crypto/include -isystem /builddir/build/BUILD/shim-16.1/include/system -isystem /usr/lib/gcc/x86_64-redhat-linux/11/include -DL_ENDIAN -D_CRT_SECURE_NO_DEPRECATE -D_CRT_NONSTDC_NO_DEPRECATE -DOPENSSL_SMALL_FOOTPRINT -DPEDANTIC -DMDE_CPU_X64   -c -o crypto/pem/pem_xaux.o /builddir/build/BUILD/shim-16.1/Cryptlib/OpenSSL/crypto/pem/pem_xaux.c
#13 145.3 gcc -std=gnu11 -ggdb -gdwarf-4 -gstrict-dwarf -ffreestanding -fmacro-prefix-map=/builddir/build/BUILD/shim-16.1/= -fno-stack-protector -fno-strict-aliasing -fpic -fshort-wchar -nostdinc -m64 -mno-mmx -mno-sse -mno-red-zone -maccumulate-outgoing-args -Os -Wall -Wextra -Wno-missing-field-initializers -Wno-empty-body -Wno-implicit-fallthrough -Wno-old-style-declaration -Wno-unused-but-set-variable -Wno-unused-parameter -Werror -Wno-error=unused-but-set-variable -Wno-error=unused-parameter -I/builddir/build/BUILD/shim-16.1/Cryptlib/OpenSSL -I/builddir/build/BUILD/shim-16.1/Cryptlib -I/builddir/build/BUILD/shim-16.1/Cryptlib/OpenSSL/Include/ -I/builddir/build/BUILD/shim-16.1/Cryptlib/OpenSSL/crypto -I/builddir/build/BUILD/shim-16.1/Cryptlib/Include -I/builddir/build/BUILD/shim-16.1/gnu-efi/inc -I/builddir/build/BUILD/shim-16.1/gnu-efi/inc/x86_64 -I/builddir/build/BUILD/shim-16.1/gnu-efi/inc/protocol -I/builddir/build/BUILD/shim-16.1/Cryptlib/OpenSSL/crypto/asn1 -I/builddir/build/BUILD/shim-16.1/Cryptlib/OpenSSL/crypto/evp -I/builddir/build/BUILD/shim-16.1/Cryptlib/OpenSSL/crypto/modes -I/builddir/build/BUILD/shim-16.1/Cryptlib/OpenSSL/crypto/include -isystem /builddir/build/BUILD/shim-16.1/include/system -isystem /usr/lib/gcc/x86_64-redhat-linux/11/include -DL_ENDIAN -D_CRT_SECURE_NO_DEPRECATE -D_CRT_NONSTDC_NO_DEPRECATE -DOPENSSL_SMALL_FOOTPRINT -DPEDANTIC -DMDE_CPU_X64   -c -o crypto/pem/pem_oth.o /builddir/build/BUILD/shim-16.1/Cryptlib/OpenSSL/crypto/pem/pem_oth.c
#13 145.7 gcc -std=gnu11 -ggdb -gdwarf-4 -gstrict-dwarf -ffreestanding -fmacro-prefix-map=/builddir/build/BUILD/shim-16.1/= -fno-stack-protector -fno-strict-aliasing -fpic -fshort-wchar -nostdinc -m64 -mno-mmx -mno-sse -mno-red-zone -maccumulate-outgoing-args -Os -Wall -Wextra -Wno-missing-field-initializers -Wno-empty-body -Wno-implicit-fallthrough -Wno-old-style-declaration -Wno-unused-but-set-variable -Wno-unused-parameter -Werror -Wno-error=unused-but-set-variable -Wno-error=unused-parameter -I/builddir/build/BUILD/shim-16.1/Cryptlib/OpenSSL -I/builddir/build/BUILD/shim-16.1/Cryptlib -I/builddir/build/BUILD/shim-16.1/Cryptlib/OpenSSL/Include/ -I/builddir/build/BUILD/shim-16.1/Cryptlib/OpenSSL/crypto -I/builddir/build/BUILD/shim-16.1/Cryptlib/Include -I/builddir/build/BUILD/shim-16.1/gnu-efi/inc -I/builddir/build/BUILD/shim-16.1/gnu-efi/inc/x86_64 -I/builddir/build/BUILD/shim-16.1/gnu-efi/inc/protocol -I/builddir/build/BUILD/shim-16.1/Cryptlib/OpenSSL/crypto/asn1 -I/builddir/build/BUILD/shim-16.1/Cryptlib/OpenSSL/crypto/evp -I/builddir/build/BUILD/shim-16.1/Cryptlib/OpenSSL/crypto/modes -I/builddir/build/BUILD/shim-16.1/Cryptlib/OpenSSL/crypto/include -isystem /builddir/build/BUILD/shim-16.1/include/system -isystem /usr/lib/gcc/x86_64-redhat-linux/11/include -DL_ENDIAN -D_CRT_SECURE_NO_DEPRECATE -D_CRT_NONSTDC_NO_DEPRECATE -DOPENSSL_SMALL_FOOTPRINT -DPEDANTIC -DMDE_CPU_X64   -c -o crypto/pem/pem_pk8.o /builddir/build/BUILD/shim-16.1/Cryptlib/OpenSSL/crypto/pem/pem_pk8.c
#13 146.1 gcc -std=gnu11 -ggdb -gdwarf-4 -gstrict-dwarf -ffreestanding -fmacro-prefix-map=/builddir/build/BUILD/shim-16.1/= -fno-stack-protector -fno-strict-aliasing -fpic -fshort-wchar -nostdinc -m64 -mno-mmx -mno-sse -mno-red-zone -maccumulate-outgoing-args -Os -Wall -Wextra -Wno-missing-field-initializers -Wno-empty-body -Wno-implicit-fallthrough -Wno-old-style-declaration -Wno-unused-but-set-variable -Wno-unused-parameter -Werror -Wno-error=unused-but-set-variable -Wno-error=unused-parameter -I/builddir/build/BUILD/shim-16.1/Cryptlib/OpenSSL -I/builddir/build/BUILD/shim-16.1/Cryptlib -I/builddir/build/BUILD/shim-16.1/Cryptlib/OpenSSL/Include/ -I/builddir/build/BUILD/shim-16.1/Cryptlib/OpenSSL/crypto -I/builddir/build/BUILD/shim-16.1/Cryptlib/Include -I/builddir/build/BUILD/shim-16.1/gnu-efi/inc -I/builddir/build/BUILD/shim-16.1/gnu-efi/inc/x86_64 -I/builddir/build/BUILD/shim-16.1/gnu-efi/inc/protocol -I/builddir/build/BUILD/shim-16.1/Cryptlib/OpenSSL/crypto/asn1 -I/builddir/build/BUILD/shim-16.1/Cryptlib/OpenSSL/crypto/evp -I/builddir/build/BUILD/shim-16.1/Cryptlib/OpenSSL/crypto/modes -I/builddir/build/BUILD/shim-16.1/Cryptlib/OpenSSL/crypto/include -isystem /builddir/build/BUILD/shim-16.1/include/system -isystem /usr/lib/gcc/x86_64-redhat-linux/11/include -DL_ENDIAN -D_CRT_SECURE_NO_DEPRECATE -D_CRT_NONSTDC_NO_DEPRECATE -DOPENSSL_SMALL_FOOTPRINT -DPEDANTIC -DMDE_CPU_X64   -c -o crypto/pem/pem_pkey.o /builddir/build/BUILD/shim-16.1/Cryptlib/OpenSSL/crypto/pem/pem_pkey.c
#13 146.6 gcc -std=gnu11 -ggdb -gdwarf-4 -gstrict-dwarf -ffreestanding -fmacro-prefix-map=/builddir/build/BUILD/shim-16.1/= -fno-stack-protector -fno-strict-aliasing -fpic -fshort-wchar -nostdinc -m64 -mno-mmx -mno-sse -mno-red-zone -maccumulate-outgoing-args -Os -Wall -Wextra -Wno-missing-field-initializers -Wno-empty-body -Wno-implicit-fallthrough -Wno-old-style-declaration -Wno-unused-but-set-variable -Wno-unused-parameter -Werror -Wno-error=unused-but-set-variable -Wno-error=unused-parameter -I/builddir/build/BUILD/shim-16.1/Cryptlib/OpenSSL -I/builddir/build/BUILD/shim-16.1/Cryptlib -I/builddir/build/BUILD/shim-16.1/Cryptlib/OpenSSL/Include/ -I/builddir/build/BUILD/shim-16.1/Cryptlib/OpenSSL/crypto -I/builddir/build/BUILD/shim-16.1/Cryptlib/Include -I/builddir/build/BUILD/shim-16.1/gnu-efi/inc -I/builddir/build/BUILD/shim-16.1/gnu-efi/inc/x86_64 -I/builddir/build/BUILD/shim-16.1/gnu-efi/inc/protocol -I/builddir/build/BUILD/shim-16.1/Cryptlib/OpenSSL/crypto/asn1 -I/builddir/build/BUILD/shim-16.1/Cryptlib/OpenSSL/crypto/evp -I/builddir/build/BUILD/shim-16.1/Cryptlib/OpenSSL/crypto/modes -I/builddir/build/BUILD/shim-16.1/Cryptlib/OpenSSL/crypto/include -isystem /builddir/build/BUILD/shim-16.1/include/system -isystem /usr/lib/gcc/x86_64-redhat-linux/11/include -DL_ENDIAN -D_CRT_SECURE_NO_DEPRECATE -D_CRT_NONSTDC_NO_DEPRECATE -DOPENSSL_SMALL_FOOTPRINT -DPEDANTIC -DMDE_CPU_X64   -c -o crypto/pem/pvkfmt.o /builddir/build/BUILD/shim-16.1/Cryptlib/OpenSSL/crypto/pem/pvkfmt.c
#13 146.8 gcc -std=gnu11 -ggdb -gdwarf-4 -gstrict-dwarf -ffreestanding -fmacro-prefix-map=/builddir/build/BUILD/shim-16.1/= -fno-stack-protector -fno-strict-aliasing -fpic -fshort-wchar -nostdinc -m64 -mno-mmx -mno-sse -mno-red-zone -maccumulate-outgoing-args -Os -Wall -Wextra -Wno-missing-field-initializers -Wno-empty-body -Wno-implicit-fallthrough -Wno-old-style-declaration -Wno-unused-but-set-variable -Wno-unused-parameter -Werror -Wno-error=unused-but-set-variable -Wno-error=unused-parameter -I/builddir/build/BUILD/shim-16.1/Cryptlib/OpenSSL -I/builddir/build/BUILD/shim-16.1/Cryptlib -I/builddir/build/BUILD/shim-16.1/Cryptlib/OpenSSL/Include/ -I/builddir/build/BUILD/shim-16.1/Cryptlib/OpenSSL/crypto -I/builddir/build/BUILD/shim-16.1/Cryptlib/Include -I/builddir/build/BUILD/shim-16.1/gnu-efi/inc -I/builddir/build/BUILD/shim-16.1/gnu-efi/inc/x86_64 -I/builddir/build/BUILD/shim-16.1/gnu-efi/inc/protocol -I/builddir/build/BUILD/shim-16.1/Cryptlib/OpenSSL/crypto/asn1 -I/builddir/build/BUILD/shim-16.1/Cryptlib/OpenSSL/crypto/evp -I/builddir/build/BUILD/shim-16.1/Cryptlib/OpenSSL/crypto/modes -I/builddir/build/BUILD/shim-16.1/Cryptlib/OpenSSL/crypto/include -isystem /builddir/build/BUILD/shim-16.1/include/system -isystem /usr/lib/gcc/x86_64-redhat-linux/11/include -DL_ENDIAN -D_CRT_SECURE_NO_DEPRECATE -D_CRT_NONSTDC_NO_DEPRECATE -DOPENSSL_SMALL_FOOTPRINT -DPEDANTIC -DMDE_CPU_X64   -c -o crypto/x509/x509_def.o /builddir/build/BUILD/shim-16.1/Cryptlib/OpenSSL/crypto/x509/x509_def.c
#13 147.1 gcc -std=gnu11 -ggdb -gdwarf-4 -gstrict-dwarf -ffreestanding -fmacro-prefix-map=/builddir/build/BUILD/shim-16.1/= -fno-stack-protector -fno-strict-aliasing -fpic -fshort-wchar -nostdinc -m64 -mno-mmx -mno-sse -mno-red-zone -maccumulate-outgoing-args -Os -Wall -Wextra -Wno-missing-field-initializers -Wno-empty-body -Wno-implicit-fallthrough -Wno-old-style-declaration -Wno-unused-but-set-variable -Wno-unused-parameter -Werror -Wno-error=unused-but-set-variable -Wno-error=unused-parameter -I/builddir/build/BUILD/shim-16.1/Cryptlib/OpenSSL -I/builddir/build/BUILD/shim-16.1/Cryptlib -I/builddir/build/BUILD/shim-16.1/Cryptlib/OpenSSL/Include/ -I/builddir/build/BUILD/shim-16.1/Cryptlib/OpenSSL/crypto -I/builddir/build/BUILD/shim-16.1/Cryptlib/Include -I/builddir/build/BUILD/shim-16.1/gnu-efi/inc -I/builddir/build/BUILD/shim-16.1/gnu-efi/inc/x86_64 -I/builddir/build/BUILD/shim-16.1/gnu-efi/inc/protocol -I/builddir/build/BUILD/shim-16.1/Cryptlib/OpenSSL/crypto/asn1 -I/builddir/build/BUILD/shim-16.1/Cryptlib/OpenSSL/crypto/evp -I/builddir/build/BUILD/shim-16.1/Cryptlib/OpenSSL/crypto/modes -I/builddir/build/BUILD/shim-16.1/Cryptlib/OpenSSL/crypto/include -isystem /builddir/build/BUILD/shim-16.1/include/system -isystem /usr/lib/gcc/x86_64-redhat-linux/11/include -DL_ENDIAN -D_CRT_SECURE_NO_DEPRECATE -D_CRT_NONSTDC_NO_DEPRECATE -DOPENSSL_SMALL_FOOTPRINT -DPEDANTIC -DMDE_CPU_X64   -c -o crypto/x509/x509_d2.o /builddir/build/BUILD/shim-16.1/Cryptlib/OpenSSL/crypto/x509/x509_d2.c
#13 147.3 gcc -std=gnu11 -ggdb -gdwarf-4 -gstrict-dwarf -ffreestanding -fmacro-prefix-map=/builddir/build/BUILD/shim-16.1/= -fno-stack-protector -fno-strict-aliasing -fpic -fshort-wchar -nostdinc -m64 -mno-mmx -mno-sse -mno-red-zone -maccumulate-outgoing-args -Os -Wall -Wextra -Wno-missing-field-initializers -Wno-empty-body -Wno-implicit-fallthrough -Wno-old-style-declaration -Wno-unused-but-set-variable -Wno-unused-parameter -Werror -Wno-error=unused-but-set-variable -Wno-error=unused-parameter -I/builddir/build/BUILD/shim-16.1/Cryptlib/OpenSSL -I/builddir/build/BUILD/shim-16.1/Cryptlib -I/builddir/build/BUILD/shim-16.1/Cryptlib/OpenSSL/Include/ -I/builddir/build/BUILD/shim-16.1/Cryptlib/OpenSSL/crypto -I/builddir/build/BUILD/shim-16.1/Cryptlib/Include -I/builddir/build/BUILD/shim-16.1/gnu-efi/inc -I/builddir/build/BUILD/shim-16.1/gnu-efi/inc/x86_64 -I/builddir/build/BUILD/shim-16.1/gnu-efi/inc/protocol -I/builddir/build/BUILD/shim-16.1/Cryptlib/OpenSSL/crypto/asn1 -I/builddir/build/BUILD/shim-16.1/Cryptlib/OpenSSL/crypto/evp -I/builddir/build/BUILD/shim-16.1/Cryptlib/OpenSSL/crypto/modes -I/builddir/build/BUILD/shim-16.1/Cryptlib/OpenSSL/crypto/include -isystem /builddir/build/BUILD/shim-16.1/include/system -isystem /usr/lib/gcc/x86_64-redhat-linux/11/include -DL_ENDIAN -D_CRT_SECURE_NO_DEPRECATE -D_CRT_NONSTDC_NO_DEPRECATE -DOPENSSL_SMALL_FOOTPRINT -DPEDANTIC -DMDE_CPU_X64   -c -o crypto/x509/x509_r2x.o /builddir/build/BUILD/shim-16.1/Cryptlib/OpenSSL/crypto/x509/x509_r2x.c
#13 147.7 gcc -std=gnu11 -ggdb -gdwarf-4 -gstrict-dwarf -ffreestanding -fmacro-prefix-map=/builddir/build/BUILD/shim-16.1/= -fno-stack-protector -fno-strict-aliasing -fpic -fshort-wchar -nostdinc -m64 -mno-mmx -mno-sse -mno-red-zone -maccumulate-outgoing-args -Os -Wall -Wextra -Wno-missing-field-initializers -Wno-empty-body -Wno-implicit-fallthrough -Wno-old-style-declaration -Wno-unused-but-set-variable -Wno-unused-parameter -Werror -Wno-error=unused-but-set-variable -Wno-error=unused-parameter -I/builddir/build/BUILD/shim-16.1/Cryptlib/OpenSSL -I/builddir/build/BUILD/shim-16.1/Cryptlib -I/builddir/build/BUILD/shim-16.1/Cryptlib/OpenSSL/Include/ -I/builddir/build/BUILD/shim-16.1/Cryptlib/OpenSSL/crypto -I/builddir/build/BUILD/shim-16.1/Cryptlib/Include -I/builddir/build/BUILD/shim-16.1/gnu-efi/inc -I/builddir/build/BUILD/shim-16.1/gnu-efi/inc/x86_64 -I/builddir/build/BUILD/shim-16.1/gnu-efi/inc/protocol -I/builddir/build/BUILD/shim-16.1/Cryptlib/OpenSSL/crypto/asn1 -I/builddir/build/BUILD/shim-16.1/Cryptlib/OpenSSL/crypto/evp -I/builddir/build/BUILD/shim-16.1/Cryptlib/OpenSSL/crypto/modes -I/builddir/build/BUILD/shim-16.1/Cryptlib/OpenSSL/crypto/include -isystem /builddir/build/BUILD/shim-16.1/include/system -isystem /usr/lib/gcc/x86_64-redhat-linux/11/include -DL_ENDIAN -D_CRT_SECURE_NO_DEPRECATE -D_CRT_NONSTDC_NO_DEPRECATE -DOPENSSL_SMALL_FOOTPRINT -DPEDANTIC -DMDE_CPU_X64   -c -o crypto/x509/x509_cmp.o /builddir/build/BUILD/shim-16.1/Cryptlib/OpenSSL/crypto/x509/x509_cmp.c
#13 148.2 gcc -std=gnu11 -ggdb -gdwarf-4 -gstrict-dwarf -ffreestanding -fmacro-prefix-map=/builddir/build/BUILD/shim-16.1/= -fno-stack-protector -fno-strict-aliasing -fpic -fshort-wchar -nostdinc -m64 -mno-mmx -mno-sse -mno-red-zone -maccumulate-outgoing-args -Os -Wall -Wextra -Wno-missing-field-initializers -Wno-empty-body -Wno-implicit-fallthrough -Wno-old-style-declaration -Wno-unused-but-set-variable -Wno-unused-parameter -Werror -Wno-error=unused-but-set-variable -Wno-error=unused-parameter -I/builddir/build/BUILD/shim-16.1/Cryptlib/OpenSSL -I/builddir/build/BUILD/shim-16.1/Cryptlib -I/builddir/build/BUILD/shim-16.1/Cryptlib/OpenSSL/Include/ -I/builddir/build/BUILD/shim-16.1/Cryptlib/OpenSSL/crypto -I/builddir/build/BUILD/shim-16.1/Cryptlib/Include -I/builddir/build/BUILD/shim-16.1/gnu-efi/inc -I/builddir/build/BUILD/shim-16.1/gnu-efi/inc/x86_64 -I/builddir/build/BUILD/shim-16.1/gnu-efi/inc/protocol -I/builddir/build/BUILD/shim-16.1/Cryptlib/OpenSSL/crypto/asn1 -I/builddir/build/BUILD/shim-16.1/Cryptlib/OpenSSL/crypto/evp -I/builddir/build/BUILD/shim-16.1/Cryptlib/OpenSSL/crypto/modes -I/builddir/build/BUILD/shim-16.1/Cryptlib/OpenSSL/crypto/include -isystem /builddir/build/BUILD/shim-16.1/include/system -isystem /usr/lib/gcc/x86_64-redhat-linux/11/include -DL_ENDIAN -D_CRT_SECURE_NO_DEPRECATE -D_CRT_NONSTDC_NO_DEPRECATE -DOPENSSL_SMALL_FOOTPRINT -DPEDANTIC -DMDE_CPU_X64   -c -o crypto/x509/x509_obj.o /builddir/build/BUILD/shim-16.1/Cryptlib/OpenSSL/crypto/x509/x509_obj.c
#13 148.7 gcc -std=gnu11 -ggdb -gdwarf-4 -gstrict-dwarf -ffreestanding -fmacro-prefix-map=/builddir/build/BUILD/shim-16.1/= -fno-stack-protector -fno-strict-aliasing -fpic -fshort-wchar -nostdinc -m64 -mno-mmx -mno-sse -mno-red-zone -maccumulate-outgoing-args -Os -Wall -Wextra -Wno-missing-field-initializers -Wno-empty-body -Wno-implicit-fallthrough -Wno-old-style-declaration -Wno-unused-but-set-variable -Wno-unused-parameter -Werror -Wno-error=unused-but-set-variable -Wno-error=unused-parameter -I/builddir/build/BUILD/shim-16.1/Cryptlib/OpenSSL -I/builddir/build/BUILD/shim-16.1/Cryptlib -I/builddir/build/BUILD/shim-16.1/Cryptlib/OpenSSL/Include/ -I/builddir/build/BUILD/shim-16.1/Cryptlib/OpenSSL/crypto -I/builddir/build/BUILD/shim-16.1/Cryptlib/Include -I/builddir/build/BUILD/shim-16.1/gnu-efi/inc -I/builddir/build/BUILD/shim-16.1/gnu-efi/inc/x86_64 -I/builddir/build/BUILD/shim-16.1/gnu-efi/inc/protocol -I/builddir/build/BUILD/shim-16.1/Cryptlib/OpenSSL/crypto/asn1 -I/builddir/build/BUILD/shim-16.1/Cryptlib/OpenSSL/crypto/evp -I/builddir/build/BUILD/shim-16.1/Cryptlib/OpenSSL/crypto/modes -I/builddir/build/BUILD/shim-16.1/Cryptlib/OpenSSL/crypto/include -isystem /builddir/build/BUILD/shim-16.1/include/system -isystem /usr/lib/gcc/x86_64-redhat-linux/11/include -DL_ENDIAN -D_CRT_SECURE_NO_DEPRECATE -D_CRT_NONSTDC_NO_DEPRECATE -DOPENSSL_SMALL_FOOTPRINT -DPEDANTIC -DMDE_CPU_X64   -c -o crypto/x509/x509_req.o /builddir/build/BUILD/shim-16.1/Cryptlib/OpenSSL/crypto/x509/x509_req.c
#13 149.2 gcc -std=gnu11 -ggdb -gdwarf-4 -gstrict-dwarf -ffreestanding -fmacro-prefix-map=/builddir/build/BUILD/shim-16.1/= -fno-stack-protector -fno-strict-aliasing -fpic -fshort-wchar -nostdinc -m64 -mno-mmx -mno-sse -mno-red-zone -maccumulate-outgoing-args -Os -Wall -Wextra -Wno-missing-field-initializers -Wno-empty-body -Wno-implicit-fallthrough -Wno-old-style-declaration -Wno-unused-but-set-variable -Wno-unused-parameter -Werror -Wno-error=unused-but-set-variable -Wno-error=unused-parameter -I/builddir/build/BUILD/shim-16.1/Cryptlib/OpenSSL -I/builddir/build/BUILD/shim-16.1/Cryptlib -I/builddir/build/BUILD/shim-16.1/Cryptlib/OpenSSL/Include/ -I/builddir/build/BUILD/shim-16.1/Cryptlib/OpenSSL/crypto -I/builddir/build/BUILD/shim-16.1/Cryptlib/Include -I/builddir/build/BUILD/shim-16.1/gnu-efi/inc -I/builddir/build/BUILD/shim-16.1/gnu-efi/inc/x86_64 -I/builddir/build/BUILD/shim-16.1/gnu-efi/inc/protocol -I/builddir/build/BUILD/shim-16.1/Cryptlib/OpenSSL/crypto/asn1 -I/builddir/build/BUILD/shim-16.1/Cryptlib/OpenSSL/crypto/evp -I/builddir/build/BUILD/shim-16.1/Cryptlib/OpenSSL/crypto/modes -I/builddir/build/BUILD/shim-16.1/Cryptlib/OpenSSL/crypto/include -isystem /builddir/build/BUILD/shim-16.1/include/system -isystem /usr/lib/gcc/x86_64-redhat-linux/11/include -DL_ENDIAN -D_CRT_SECURE_NO_DEPRECATE -D_CRT_NONSTDC_NO_DEPRECATE -DOPENSSL_SMALL_FOOTPRINT -DPEDANTIC -DMDE_CPU_X64   -c -o crypto/x509/x509spki.o /builddir/build/BUILD/shim-16.1/Cryptlib/OpenSSL/crypto/x509/x509spki.c
#13 149.6 gcc -std=gnu11 -ggdb -gdwarf-4 -gstrict-dwarf -ffreestanding -fmacro-prefix-map=/builddir/build/BUILD/shim-16.1/= -fno-stack-protector -fno-strict-aliasing -fpic -fshort-wchar -nostdinc -m64 -mno-mmx -mno-sse -mno-red-zone -maccumulate-outgoing-args -Os -Wall -Wextra -Wno-missing-field-initializers -Wno-empty-body -Wno-implicit-fallthrough -Wno-old-style-declaration -Wno-unused-but-set-variable -Wno-unused-parameter -Werror -Wno-error=unused-but-set-variable -Wno-error=unused-parameter -I/builddir/build/BUILD/shim-16.1/Cryptlib/OpenSSL -I/builddir/build/BUILD/shim-16.1/Cryptlib -I/builddir/build/BUILD/shim-16.1/Cryptlib/OpenSSL/Include/ -I/builddir/build/BUILD/shim-16.1/Cryptlib/OpenSSL/crypto -I/builddir/build/BUILD/shim-16.1/Cryptlib/Include -I/builddir/build/BUILD/shim-16.1/gnu-efi/inc -I/builddir/build/BUILD/shim-16.1/gnu-efi/inc/x86_64 -I/builddir/build/BUILD/shim-16.1/gnu-efi/inc/protocol -I/builddir/build/BUILD/shim-16.1/Cryptlib/OpenSSL/crypto/asn1 -I/builddir/build/BUILD/shim-16.1/Cryptlib/OpenSSL/crypto/evp -I/builddir/build/BUILD/shim-16.1/Cryptlib/OpenSSL/crypto/modes -I/builddir/build/BUILD/shim-16.1/Cryptlib/OpenSSL/crypto/include -isystem /builddir/build/BUILD/shim-16.1/include/system -isystem /usr/lib/gcc/x86_64-redhat-linux/11/include -DL_ENDIAN -D_CRT_SECURE_NO_DEPRECATE -D_CRT_NONSTDC_NO_DEPRECATE -DOPENSSL_SMALL_FOOTPRINT -DPEDANTIC -DMDE_CPU_X64   -c -o crypto/x509/x509_vfy.o /builddir/build/BUILD/shim-16.1/Cryptlib/OpenSSL/crypto/x509/x509_vfy.c
#13 150.4 gcc -std=gnu11 -ggdb -gdwarf-4 -gstrict-dwarf -ffreestanding -fmacro-prefix-map=/builddir/build/BUILD/shim-16.1/= -fno-stack-protector -fno-strict-aliasing -fpic -fshort-wchar -nostdinc -m64 -mno-mmx -mno-sse -mno-red-zone -maccumulate-outgoing-args -Os -Wall -Wextra -Wno-missing-field-initializers -Wno-empty-body -Wno-implicit-fallthrough -Wno-old-style-declaration -Wno-unused-but-set-variable -Wno-unused-parameter -Werror -Wno-error=unused-but-set-variable -Wno-error=unused-parameter -I/builddir/build/BUILD/shim-16.1/Cryptlib/OpenSSL -I/builddir/build/BUILD/shim-16.1/Cryptlib -I/builddir/build/BUILD/shim-16.1/Cryptlib/OpenSSL/Include/ -I/builddir/build/BUILD/shim-16.1/Cryptlib/OpenSSL/crypto -I/builddir/build/BUILD/shim-16.1/Cryptlib/Include -I/builddir/build/BUILD/shim-16.1/gnu-efi/inc -I/builddir/build/BUILD/shim-16.1/gnu-efi/inc/x86_64 -I/builddir/build/BUILD/shim-16.1/gnu-efi/inc/protocol -I/builddir/build/BUILD/shim-16.1/Cryptlib/OpenSSL/crypto/asn1 -I/builddir/build/BUILD/shim-16.1/Cryptlib/OpenSSL/crypto/evp -I/builddir/build/BUILD/shim-16.1/Cryptlib/OpenSSL/crypto/modes -I/builddir/build/BUILD/shim-16.1/Cryptlib/OpenSSL/crypto/include -isystem /builddir/build/BUILD/shim-16.1/include/system -isystem /usr/lib/gcc/x86_64-redhat-linux/11/include -DL_ENDIAN -D_CRT_SECURE_NO_DEPRECATE -D_CRT_NONSTDC_NO_DEPRECATE -DOPENSSL_SMALL_FOOTPRINT -DPEDANTIC -DMDE_CPU_X64   -c -o crypto/x509/x509_set.o /builddir/build/BUILD/shim-16.1/Cryptlib/OpenSSL/crypto/x509/x509_set.c
#13 150.8 gcc -std=gnu11 -ggdb -gdwarf-4 -gstrict-dwarf -ffreestanding -fmacro-prefix-map=/builddir/build/BUILD/shim-16.1/= -fno-stack-protector -fno-strict-aliasing -fpic -fshort-wchar -nostdinc -m64 -mno-mmx -mno-sse -mno-red-zone -maccumulate-outgoing-args -Os -Wall -Wextra -Wno-missing-field-initializers -Wno-empty-body -Wno-implicit-fallthrough -Wno-old-style-declaration -Wno-unused-but-set-variable -Wno-unused-parameter -Werror -Wno-error=unused-but-set-variable -Wno-error=unused-parameter -I/builddir/build/BUILD/shim-16.1/Cryptlib/OpenSSL -I/builddir/build/BUILD/shim-16.1/Cryptlib -I/builddir/build/BUILD/shim-16.1/Cryptlib/OpenSSL/Include/ -I/builddir/build/BUILD/shim-16.1/Cryptlib/OpenSSL/crypto -I/builddir/build/BUILD/shim-16.1/Cryptlib/Include -I/builddir/build/BUILD/shim-16.1/gnu-efi/inc -I/builddir/build/BUILD/shim-16.1/gnu-efi/inc/x86_64 -I/builddir/build/BUILD/shim-16.1/gnu-efi/inc/protocol -I/builddir/build/BUILD/shim-16.1/Cryptlib/OpenSSL/crypto/asn1 -I/builddir/build/BUILD/shim-16.1/Cryptlib/OpenSSL/crypto/evp -I/builddir/build/BUILD/shim-16.1/Cryptlib/OpenSSL/crypto/modes -I/builddir/build/BUILD/shim-16.1/Cryptlib/OpenSSL/crypto/include -isystem /builddir/build/BUILD/shim-16.1/include/system -isystem /usr/lib/gcc/x86_64-redhat-linux/11/include -DL_ENDIAN -D_CRT_SECURE_NO_DEPRECATE -D_CRT_NONSTDC_NO_DEPRECATE -DOPENSSL_SMALL_FOOTPRINT -DPEDANTIC -DMDE_CPU_X64   -c -o crypto/x509/x509cset.o /builddir/build/BUILD/shim-16.1/Cryptlib/OpenSSL/crypto/x509/x509cset.c
#13 151.3 gcc -std=gnu11 -ggdb -gdwarf-4 -gstrict-dwarf -ffreestanding -fmacro-prefix-map=/builddir/build/BUILD/shim-16.1/= -fno-stack-protector -fno-strict-aliasing -fpic -fshort-wchar -nostdinc -m64 -mno-mmx -mno-sse -mno-red-zone -maccumulate-outgoing-args -Os -Wall -Wextra -Wno-missing-field-initializers -Wno-empty-body -Wno-implicit-fallthrough -Wno-old-style-declaration -Wno-unused-but-set-variable -Wno-unused-parameter -Werror -Wno-error=unused-but-set-variable -Wno-error=unused-parameter -I/builddir/build/BUILD/shim-16.1/Cryptlib/OpenSSL -I/builddir/build/BUILD/shim-16.1/Cryptlib -I/builddir/build/BUILD/shim-16.1/Cryptlib/OpenSSL/Include/ -I/builddir/build/BUILD/shim-16.1/Cryptlib/OpenSSL/crypto -I/builddir/build/BUILD/shim-16.1/Cryptlib/Include -I/builddir/build/BUILD/shim-16.1/gnu-efi/inc -I/builddir/build/BUILD/shim-16.1/gnu-efi/inc/x86_64 -I/builddir/build/BUILD/shim-16.1/gnu-efi/inc/protocol -I/builddir/build/BUILD/shim-16.1/Cryptlib/OpenSSL/crypto/asn1 -I/builddir/build/BUILD/shim-16.1/Cryptlib/OpenSSL/crypto/evp -I/builddir/build/BUILD/shim-16.1/Cryptlib/OpenSSL/crypto/modes -I/builddir/build/BUILD/shim-16.1/Cryptlib/OpenSSL/crypto/include -isystem /builddir/build/BUILD/shim-16.1/include/system -isystem /usr/lib/gcc/x86_64-redhat-linux/11/include -DL_ENDIAN -D_CRT_SECURE_NO_DEPRECATE -D_CRT_NONSTDC_NO_DEPRECATE -DOPENSSL_SMALL_FOOTPRINT -DPEDANTIC -DMDE_CPU_X64   -c -o crypto/x509/x509rset.o /builddir/build/BUILD/shim-16.1/Cryptlib/OpenSSL/crypto/x509/x509rset.c
#13 151.7 gcc -std=gnu11 -ggdb -gdwarf-4 -gstrict-dwarf -ffreestanding -fmacro-prefix-map=/builddir/build/BUILD/shim-16.1/= -fno-stack-protector -fno-strict-aliasing -fpic -fshort-wchar -nostdinc -m64 -mno-mmx -mno-sse -mno-red-zone -maccumulate-outgoing-args -Os -Wall -Wextra -Wno-missing-field-initializers -Wno-empty-body -Wno-implicit-fallthrough -Wno-old-style-declaration -Wno-unused-but-set-variable -Wno-unused-parameter -Werror -Wno-error=unused-but-set-variable -Wno-error=unused-parameter -I/builddir/build/BUILD/shim-16.1/Cryptlib/OpenSSL -I/builddir/build/BUILD/shim-16.1/Cryptlib -I/builddir/build/BUILD/shim-16.1/Cryptlib/OpenSSL/Include/ -I/builddir/build/BUILD/shim-16.1/Cryptlib/OpenSSL/crypto -I/builddir/build/BUILD/shim-16.1/Cryptlib/Include -I/builddir/build/BUILD/shim-16.1/gnu-efi/inc -I/builddir/build/BUILD/shim-16.1/gnu-efi/inc/x86_64 -I/builddir/build/BUILD/shim-16.1/gnu-efi/inc/protocol -I/builddir/build/BUILD/shim-16.1/Cryptlib/OpenSSL/crypto/asn1 -I/builddir/build/BUILD/shim-16.1/Cryptlib/OpenSSL/crypto/evp -I/builddir/build/BUILD/shim-16.1/Cryptlib/OpenSSL/crypto/modes -I/builddir/build/BUILD/shim-16.1/Cryptlib/OpenSSL/crypto/include -isystem /builddir/build/BUILD/shim-16.1/include/system -isystem /usr/lib/gcc/x86_64-redhat-linux/11/include -DL_ENDIAN -D_CRT_SECURE_NO_DEPRECATE -D_CRT_NONSTDC_NO_DEPRECATE -DOPENSSL_SMALL_FOOTPRINT -DPEDANTIC -DMDE_CPU_X64   -c -o crypto/x509/x509_err.o /builddir/build/BUILD/shim-16.1/Cryptlib/OpenSSL/crypto/x509/x509_err.c
#13 151.9 gcc -std=gnu11 -ggdb -gdwarf-4 -gstrict-dwarf -ffreestanding -fmacro-prefix-map=/builddir/build/BUILD/shim-16.1/= -fno-stack-protector -fno-strict-aliasing -fpic -fshort-wchar -nostdinc -m64 -mno-mmx -mno-sse -mno-red-zone -maccumulate-outgoing-args -Os -Wall -Wextra -Wno-missing-field-initializers -Wno-empty-body -Wno-implicit-fallthrough -Wno-old-style-declaration -Wno-unused-but-set-variable -Wno-unused-parameter -Werror -Wno-error=unused-but-set-variable -Wno-error=unused-parameter -I/builddir/build/BUILD/shim-16.1/Cryptlib/OpenSSL -I/builddir/build/BUILD/shim-16.1/Cryptlib -I/builddir/build/BUILD/shim-16.1/Cryptlib/OpenSSL/Include/ -I/builddir/build/BUILD/shim-16.1/Cryptlib/OpenSSL/crypto -I/builddir/build/BUILD/shim-16.1/Cryptlib/Include -I/builddir/build/BUILD/shim-16.1/gnu-efi/inc -I/builddir/build/BUILD/shim-16.1/gnu-efi/inc/x86_64 -I/builddir/build/BUILD/shim-16.1/gnu-efi/inc/protocol -I/builddir/build/BUILD/shim-16.1/Cryptlib/OpenSSL/crypto/asn1 -I/builddir/build/BUILD/shim-16.1/Cryptlib/OpenSSL/crypto/evp -I/builddir/build/BUILD/shim-16.1/Cryptlib/OpenSSL/crypto/modes -I/builddir/build/BUILD/shim-16.1/Cryptlib/OpenSSL/crypto/include -isystem /builddir/build/BUILD/shim-16.1/include/system -isystem /usr/lib/gcc/x86_64-redhat-linux/11/include -DL_ENDIAN -D_CRT_SECURE_NO_DEPRECATE -D_CRT_NONSTDC_NO_DEPRECATE -DOPENSSL_SMALL_FOOTPRINT -DPEDANTIC -DMDE_CPU_X64   -c -o crypto/x509/x509name.o /builddir/build/BUILD/shim-16.1/Cryptlib/OpenSSL/crypto/x509/x509name.c
#13 152.5 gcc -std=gnu11 -ggdb -gdwarf-4 -gstrict-dwarf -ffreestanding -fmacro-prefix-map=/builddir/build/BUILD/shim-16.1/= -fno-stack-protector -fno-strict-aliasing -fpic -fshort-wchar -nostdinc -m64 -mno-mmx -mno-sse -mno-red-zone -maccumulate-outgoing-args -Os -Wall -Wextra -Wno-missing-field-initializers -Wno-empty-body -Wno-implicit-fallthrough -Wno-old-style-declaration -Wno-unused-but-set-variable -Wno-unused-parameter -Werror -Wno-error=unused-but-set-variable -Wno-error=unused-parameter -I/builddir/build/BUILD/shim-16.1/Cryptlib/OpenSSL -I/builddir/build/BUILD/shim-16.1/Cryptlib -I/builddir/build/BUILD/shim-16.1/Cryptlib/OpenSSL/Include/ -I/builddir/build/BUILD/shim-16.1/Cryptlib/OpenSSL/crypto -I/builddir/build/BUILD/shim-16.1/Cryptlib/Include -I/builddir/build/BUILD/shim-16.1/gnu-efi/inc -I/builddir/build/BUILD/shim-16.1/gnu-efi/inc/x86_64 -I/builddir/build/BUILD/shim-16.1/gnu-efi/inc/protocol -I/builddir/build/BUILD/shim-16.1/Cryptlib/OpenSSL/crypto/asn1 -I/builddir/build/BUILD/shim-16.1/Cryptlib/OpenSSL/crypto/evp -I/builddir/build/BUILD/shim-16.1/Cryptlib/OpenSSL/crypto/modes -I/builddir/build/BUILD/shim-16.1/Cryptlib/OpenSSL/crypto/include -isystem /builddir/build/BUILD/shim-16.1/include/system -isystem /usr/lib/gcc/x86_64-redhat-linux/11/include -DL_ENDIAN -D_CRT_SECURE_NO_DEPRECATE -D_CRT_NONSTDC_NO_DEPRECATE -DOPENSSL_SMALL_FOOTPRINT -DPEDANTIC -DMDE_CPU_X64   -c -o crypto/x509/x509_v3.o /builddir/build/BUILD/shim-16.1/Cryptlib/OpenSSL/crypto/x509/x509_v3.c
#13 153.0 gcc -std=gnu11 -ggdb -gdwarf-4 -gstrict-dwarf -ffreestanding -fmacro-prefix-map=/builddir/build/BUILD/shim-16.1/= -fno-stack-protector -fno-strict-aliasing -fpic -fshort-wchar -nostdinc -m64 -mno-mmx -mno-sse -mno-red-zone -maccumulate-outgoing-args -Os -Wall -Wextra -Wno-missing-field-initializers -Wno-empty-body -Wno-implicit-fallthrough -Wno-old-style-declaration -Wno-unused-but-set-variable -Wno-unused-parameter -Werror -Wno-error=unused-but-set-variable -Wno-error=unused-parameter -I/builddir/build/BUILD/shim-16.1/Cryptlib/OpenSSL -I/builddir/build/BUILD/shim-16.1/Cryptlib -I/builddir/build/BUILD/shim-16.1/Cryptlib/OpenSSL/Include/ -I/builddir/build/BUILD/shim-16.1/Cryptlib/OpenSSL/crypto -I/builddir/build/BUILD/shim-16.1/Cryptlib/Include -I/builddir/build/BUILD/shim-16.1/gnu-efi/inc -I/builddir/build/BUILD/shim-16.1/gnu-efi/inc/x86_64 -I/builddir/build/BUILD/shim-16.1/gnu-efi/inc/protocol -I/builddir/build/BUILD/shim-16.1/Cryptlib/OpenSSL/crypto/asn1 -I/builddir/build/BUILD/shim-16.1/Cryptlib/OpenSSL/crypto/evp -I/builddir/build/BUILD/shim-16.1/Cryptlib/OpenSSL/crypto/modes -I/builddir/build/BUILD/shim-16.1/Cryptlib/OpenSSL/crypto/include -isystem /builddir/build/BUILD/shim-16.1/include/system -isystem /usr/lib/gcc/x86_64-redhat-linux/11/include -DL_ENDIAN -D_CRT_SECURE_NO_DEPRECATE -D_CRT_NONSTDC_NO_DEPRECATE -DOPENSSL_SMALL_FOOTPRINT -DPEDANTIC -DMDE_CPU_X64   -c -o crypto/x509/x509_ext.o /builddir/build/BUILD/shim-16.1/Cryptlib/OpenSSL/crypto/x509/x509_ext.c
#13 153.3 gcc -std=gnu11 -ggdb -gdwarf-4 -gstrict-dwarf -ffreestanding -fmacro-prefix-map=/builddir/build/BUILD/shim-16.1/= -fno-stack-protector -fno-strict-aliasing -fpic -fshort-wchar -nostdinc -m64 -mno-mmx -mno-sse -mno-red-zone -maccumulate-outgoing-args -Os -Wall -Wextra -Wno-missing-field-initializers -Wno-empty-body -Wno-implicit-fallthrough -Wno-old-style-declaration -Wno-unused-but-set-variable -Wno-unused-parameter -Werror -Wno-error=unused-but-set-variable -Wno-error=unused-parameter -I/builddir/build/BUILD/shim-16.1/Cryptlib/OpenSSL -I/builddir/build/BUILD/shim-16.1/Cryptlib -I/builddir/build/BUILD/shim-16.1/Cryptlib/OpenSSL/Include/ -I/builddir/build/BUILD/shim-16.1/Cryptlib/OpenSSL/crypto -I/builddir/build/BUILD/shim-16.1/Cryptlib/Include -I/builddir/build/BUILD/shim-16.1/gnu-efi/inc -I/builddir/build/BUILD/shim-16.1/gnu-efi/inc/x86_64 -I/builddir/build/BUILD/shim-16.1/gnu-efi/inc/protocol -I/builddir/build/BUILD/shim-16.1/Cryptlib/OpenSSL/crypto/asn1 -I/builddir/build/BUILD/shim-16.1/Cryptlib/OpenSSL/crypto/evp -I/builddir/build/BUILD/shim-16.1/Cryptlib/OpenSSL/crypto/modes -I/builddir/build/BUILD/shim-16.1/Cryptlib/OpenSSL/crypto/include -isystem /builddir/build/BUILD/shim-16.1/include/system -isystem /usr/lib/gcc/x86_64-redhat-linux/11/include -DL_ENDIAN -D_CRT_SECURE_NO_DEPRECATE -D_CRT_NONSTDC_NO_DEPRECATE -DOPENSSL_SMALL_FOOTPRINT -DPEDANTIC -DMDE_CPU_X64   -c -o crypto/x509/x509_att.o /builddir/build/BUILD/shim-16.1/Cryptlib/OpenSSL/crypto/x509/x509_att.c
#13 153.9 gcc -std=gnu11 -ggdb -gdwarf-4 -gstrict-dwarf -ffreestanding -fmacro-prefix-map=/builddir/build/BUILD/shim-16.1/= -fno-stack-protector -fno-strict-aliasing -fpic -fshort-wchar -nostdinc -m64 -mno-mmx -mno-sse -mno-red-zone -maccumulate-outgoing-args -Os -Wall -Wextra -Wno-missing-field-initializers -Wno-empty-body -Wno-implicit-fallthrough -Wno-old-style-declaration -Wno-unused-but-set-variable -Wno-unused-parameter -Werror -Wno-error=unused-but-set-variable -Wno-error=unused-parameter -I/builddir/build/BUILD/shim-16.1/Cryptlib/OpenSSL -I/builddir/build/BUILD/shim-16.1/Cryptlib -I/builddir/build/BUILD/shim-16.1/Cryptlib/OpenSSL/Include/ -I/builddir/build/BUILD/shim-16.1/Cryptlib/OpenSSL/crypto -I/builddir/build/BUILD/shim-16.1/Cryptlib/Include -I/builddir/build/BUILD/shim-16.1/gnu-efi/inc -I/builddir/build/BUILD/shim-16.1/gnu-efi/inc/x86_64 -I/builddir/build/BUILD/shim-16.1/gnu-efi/inc/protocol -I/builddir/build/BUILD/shim-16.1/Cryptlib/OpenSSL/crypto/asn1 -I/builddir/build/BUILD/shim-16.1/Cryptlib/OpenSSL/crypto/evp -I/builddir/build/BUILD/shim-16.1/Cryptlib/OpenSSL/crypto/modes -I/builddir/build/BUILD/shim-16.1/Cryptlib/OpenSSL/crypto/include -isystem /builddir/build/BUILD/shim-16.1/include/system -isystem /usr/lib/gcc/x86_64-redhat-linux/11/include -DL_ENDIAN -D_CRT_SECURE_NO_DEPRECATE -D_CRT_NONSTDC_NO_DEPRECATE -DOPENSSL_SMALL_FOOTPRINT -DPEDANTIC -DMDE_CPU_X64   -c -o crypto/x509/x509type.o /builddir/build/BUILD/shim-16.1/Cryptlib/OpenSSL/crypto/x509/x509type.c
#13 154.3 gcc -std=gnu11 -ggdb -gdwarf-4 -gstrict-dwarf -ffreestanding -fmacro-prefix-map=/builddir/build/BUILD/shim-16.1/= -fno-stack-protector -fno-strict-aliasing -fpic -fshort-wchar -nostdinc -m64 -mno-mmx -mno-sse -mno-red-zone -maccumulate-outgoing-args -Os -Wall -Wextra -Wno-missing-field-initializers -Wno-empty-body -Wno-implicit-fallthrough -Wno-old-style-declaration -Wno-unused-but-set-variable -Wno-unused-parameter -Werror -Wno-error=unused-but-set-variable -Wno-error=unused-parameter -I/builddir/build/BUILD/shim-16.1/Cryptlib/OpenSSL -I/builddir/build/BUILD/shim-16.1/Cryptlib -I/builddir/build/BUILD/shim-16.1/Cryptlib/OpenSSL/Include/ -I/builddir/build/BUILD/shim-16.1/Cryptlib/OpenSSL/crypto -I/builddir/build/BUILD/shim-16.1/Cryptlib/Include -I/builddir/build/BUILD/shim-16.1/gnu-efi/inc -I/builddir/build/BUILD/shim-16.1/gnu-efi/inc/x86_64 -I/builddir/build/BUILD/shim-16.1/gnu-efi/inc/protocol -I/builddir/build/BUILD/shim-16.1/Cryptlib/OpenSSL/crypto/asn1 -I/builddir/build/BUILD/shim-16.1/Cryptlib/OpenSSL/crypto/evp -I/builddir/build/BUILD/shim-16.1/Cryptlib/OpenSSL/crypto/modes -I/builddir/build/BUILD/shim-16.1/Cryptlib/OpenSSL/crypto/include -isystem /builddir/build/BUILD/shim-16.1/include/system -isystem /usr/lib/gcc/x86_64-redhat-linux/11/include -DL_ENDIAN -D_CRT_SECURE_NO_DEPRECATE -D_CRT_NONSTDC_NO_DEPRECATE -DOPENSSL_SMALL_FOOTPRINT -DPEDANTIC -DMDE_CPU_X64   -c -o crypto/x509/x509_lu.o /builddir/build/BUILD/shim-16.1/Cryptlib/OpenSSL/crypto/x509/x509_lu.c
#13 154.8 gcc -std=gnu11 -ggdb -gdwarf-4 -gstrict-dwarf -ffreestanding -fmacro-prefix-map=/builddir/build/BUILD/shim-16.1/= -fno-stack-protector -fno-strict-aliasing -fpic -fshort-wchar -nostdinc -m64 -mno-mmx -mno-sse -mno-red-zone -maccumulate-outgoing-args -Os -Wall -Wextra -Wno-missing-field-initializers -Wno-empty-body -Wno-implicit-fallthrough -Wno-old-style-declaration -Wno-unused-but-set-variable -Wno-unused-parameter -Werror -Wno-error=unused-but-set-variable -Wno-error=unused-parameter -I/builddir/build/BUILD/shim-16.1/Cryptlib/OpenSSL -I/builddir/build/BUILD/shim-16.1/Cryptlib -I/builddir/build/BUILD/shim-16.1/Cryptlib/OpenSSL/Include/ -I/builddir/build/BUILD/shim-16.1/Cryptlib/OpenSSL/crypto -I/builddir/build/BUILD/shim-16.1/Cryptlib/Include -I/builddir/build/BUILD/shim-16.1/gnu-efi/inc -I/builddir/build/BUILD/shim-16.1/gnu-efi/inc/x86_64 -I/builddir/build/BUILD/shim-16.1/gnu-efi/inc/protocol -I/builddir/build/BUILD/shim-16.1/Cryptlib/OpenSSL/crypto/asn1 -I/builddir/build/BUILD/shim-16.1/Cryptlib/OpenSSL/crypto/evp -I/builddir/build/BUILD/shim-16.1/Cryptlib/OpenSSL/crypto/modes -I/builddir/build/BUILD/shim-16.1/Cryptlib/OpenSSL/crypto/include -isystem /builddir/build/BUILD/shim-16.1/include/system -isystem /usr/lib/gcc/x86_64-redhat-linux/11/include -DL_ENDIAN -D_CRT_SECURE_NO_DEPRECATE -D_CRT_NONSTDC_NO_DEPRECATE -DOPENSSL_SMALL_FOOTPRINT -DPEDANTIC -DMDE_CPU_X64   -c -o crypto/x509/x_all.o /builddir/build/BUILD/shim-16.1/Cryptlib/OpenSSL/crypto/x509/x_all.c
#13 155.3 gcc -std=gnu11 -ggdb -gdwarf-4 -gstrict-dwarf -ffreestanding -fmacro-prefix-map=/builddir/build/BUILD/shim-16.1/= -fno-stack-protector -fno-strict-aliasing -fpic -fshort-wchar -nostdinc -m64 -mno-mmx -mno-sse -mno-red-zone -maccumulate-outgoing-args -Os -Wall -Wextra -Wno-missing-field-initializers -Wno-empty-body -Wno-implicit-fallthrough -Wno-old-style-declaration -Wno-unused-but-set-variable -Wno-unused-parameter -Werror -Wno-error=unused-but-set-variable -Wno-error=unused-parameter -I/builddir/build/BUILD/shim-16.1/Cryptlib/OpenSSL -I/builddir/build/BUILD/shim-16.1/Cryptlib -I/builddir/build/BUILD/shim-16.1/Cryptlib/OpenSSL/Include/ -I/builddir/build/BUILD/shim-16.1/Cryptlib/OpenSSL/crypto -I/builddir/build/BUILD/shim-16.1/Cryptlib/Include -I/builddir/build/BUILD/shim-16.1/gnu-efi/inc -I/builddir/build/BUILD/shim-16.1/gnu-efi/inc/x86_64 -I/builddir/build/BUILD/shim-16.1/gnu-efi/inc/protocol -I/builddir/build/BUILD/shim-16.1/Cryptlib/OpenSSL/crypto/asn1 -I/builddir/build/BUILD/shim-16.1/Cryptlib/OpenSSL/crypto/evp -I/builddir/build/BUILD/shim-16.1/Cryptlib/OpenSSL/crypto/modes -I/builddir/build/BUILD/shim-16.1/Cryptlib/OpenSSL/crypto/include -isystem /builddir/build/BUILD/shim-16.1/include/system -isystem /usr/lib/gcc/x86_64-redhat-linux/11/include -DL_ENDIAN -D_CRT_SECURE_NO_DEPRECATE -D_CRT_NONSTDC_NO_DEPRECATE -DOPENSSL_SMALL_FOOTPRINT -DPEDANTIC -DMDE_CPU_X64   -c -o crypto/x509/x509_txt.o /builddir/build/BUILD/shim-16.1/Cryptlib/OpenSSL/crypto/x509/x509_txt.c
#13 155.7 gcc -std=gnu11 -ggdb -gdwarf-4 -gstrict-dwarf -ffreestanding -fmacro-prefix-map=/builddir/build/BUILD/shim-16.1/= -fno-stack-protector -fno-strict-aliasing -fpic -fshort-wchar -nostdinc -m64 -mno-mmx -mno-sse -mno-red-zone -maccumulate-outgoing-args -Os -Wall -Wextra -Wno-missing-field-initializers -Wno-empty-body -Wno-implicit-fallthrough -Wno-old-style-declaration -Wno-unused-but-set-variable -Wno-unused-parameter -Werror -Wno-error=unused-but-set-variable -Wno-error=unused-parameter -I/builddir/build/BUILD/shim-16.1/Cryptlib/OpenSSL -I/builddir/build/BUILD/shim-16.1/Cryptlib -I/builddir/build/BUILD/shim-16.1/Cryptlib/OpenSSL/Include/ -I/builddir/build/BUILD/shim-16.1/Cryptlib/OpenSSL/crypto -I/builddir/build/BUILD/shim-16.1/Cryptlib/Include -I/builddir/build/BUILD/shim-16.1/gnu-efi/inc -I/builddir/build/BUILD/shim-16.1/gnu-efi/inc/x86_64 -I/builddir/build/BUILD/shim-16.1/gnu-efi/inc/protocol -I/builddir/build/BUILD/shim-16.1/Cryptlib/OpenSSL/crypto/asn1 -I/builddir/build/BUILD/shim-16.1/Cryptlib/OpenSSL/crypto/evp -I/builddir/build/BUILD/shim-16.1/Cryptlib/OpenSSL/crypto/modes -I/builddir/build/BUILD/shim-16.1/Cryptlib/OpenSSL/crypto/include -isystem /builddir/build/BUILD/shim-16.1/include/system -isystem /usr/lib/gcc/x86_64-redhat-linux/11/include -DL_ENDIAN -D_CRT_SECURE_NO_DEPRECATE -D_CRT_NONSTDC_NO_DEPRECATE -DOPENSSL_SMALL_FOOTPRINT -DPEDANTIC -DMDE_CPU_X64   -c -o crypto/x509/x509_trs.o /builddir/build/BUILD/shim-16.1/Cryptlib/OpenSSL/crypto/x509/x509_trs.c
#13 156.2 gcc -std=gnu11 -ggdb -gdwarf-4 -gstrict-dwarf -ffreestanding -fmacro-prefix-map=/builddir/build/BUILD/shim-16.1/= -fno-stack-protector -fno-strict-aliasing -fpic -fshort-wchar -nostdinc -m64 -mno-mmx -mno-sse -mno-red-zone -maccumulate-outgoing-args -Os -Wall -Wextra -Wno-missing-field-initializers -Wno-empty-body -Wno-implicit-fallthrough -Wno-old-style-declaration -Wno-unused-but-set-variable -Wno-unused-parameter -Werror -Wno-error=unused-but-set-variable -Wno-error=unused-parameter -I/builddir/build/BUILD/shim-16.1/Cryptlib/OpenSSL -I/builddir/build/BUILD/shim-16.1/Cryptlib -I/builddir/build/BUILD/shim-16.1/Cryptlib/OpenSSL/Include/ -I/builddir/build/BUILD/shim-16.1/Cryptlib/OpenSSL/crypto -I/builddir/build/BUILD/shim-16.1/Cryptlib/Include -I/builddir/build/BUILD/shim-16.1/gnu-efi/inc -I/builddir/build/BUILD/shim-16.1/gnu-efi/inc/x86_64 -I/builddir/build/BUILD/shim-16.1/gnu-efi/inc/protocol -I/builddir/build/BUILD/shim-16.1/Cryptlib/OpenSSL/crypto/asn1 -I/builddir/build/BUILD/shim-16.1/Cryptlib/OpenSSL/crypto/evp -I/builddir/build/BUILD/shim-16.1/Cryptlib/OpenSSL/crypto/modes -I/builddir/build/BUILD/shim-16.1/Cryptlib/OpenSSL/crypto/include -isystem /builddir/build/BUILD/shim-16.1/include/system -isystem /usr/lib/gcc/x86_64-redhat-linux/11/include -DL_ENDIAN -D_CRT_SECURE_NO_DEPRECATE -D_CRT_NONSTDC_NO_DEPRECATE -DOPENSSL_SMALL_FOOTPRINT -DPEDANTIC -DMDE_CPU_X64   -c -o crypto/x509/x509_vpm.o /builddir/build/BUILD/shim-16.1/Cryptlib/OpenSSL/crypto/x509/x509_vpm.c
#13 156.7 gcc -std=gnu11 -ggdb -gdwarf-4 -gstrict-dwarf -ffreestanding -fmacro-prefix-map=/builddir/build/BUILD/shim-16.1/= -fno-stack-protector -fno-strict-aliasing -fpic -fshort-wchar -nostdinc -m64 -mno-mmx -mno-sse -mno-red-zone -maccumulate-outgoing-args -Os -Wall -Wextra -Wno-missing-field-initializers -Wno-empty-body -Wno-implicit-fallthrough -Wno-old-style-declaration -Wno-unused-but-set-variable -Wno-unused-parameter -Werror -Wno-error=unused-but-set-variable -Wno-error=unused-parameter -I/builddir/build/BUILD/shim-16.1/Cryptlib/OpenSSL -I/builddir/build/BUILD/shim-16.1/Cryptlib -I/builddir/build/BUILD/shim-16.1/Cryptlib/OpenSSL/Include/ -I/builddir/build/BUILD/shim-16.1/Cryptlib/OpenSSL/crypto -I/builddir/build/BUILD/shim-16.1/Cryptlib/Include -I/builddir/build/BUILD/shim-16.1/gnu-efi/inc -I/builddir/build/BUILD/shim-16.1/gnu-efi/inc/x86_64 -I/builddir/build/BUILD/shim-16.1/gnu-efi/inc/protocol -I/builddir/build/BUILD/shim-16.1/Cryptlib/OpenSSL/crypto/asn1 -I/builddir/build/BUILD/shim-16.1/Cryptlib/OpenSSL/crypto/evp -I/builddir/build/BUILD/shim-16.1/Cryptlib/OpenSSL/crypto/modes -I/builddir/build/BUILD/shim-16.1/Cryptlib/OpenSSL/crypto/include -isystem /builddir/build/BUILD/shim-16.1/include/system -isystem /usr/lib/gcc/x86_64-redhat-linux/11/include -DL_ENDIAN -D_CRT_SECURE_NO_DEPRECATE -D_CRT_NONSTDC_NO_DEPRECATE -DOPENSSL_SMALL_FOOTPRINT -DPEDANTIC -DMDE_CPU_X64   -c -o crypto/x509v3/v3_bcons.o /builddir/build/BUILD/shim-16.1/Cryptlib/OpenSSL/crypto/x509v3/v3_bcons.c
#13 157.2 gcc -std=gnu11 -ggdb -gdwarf-4 -gstrict-dwarf -ffreestanding -fmacro-prefix-map=/builddir/build/BUILD/shim-16.1/= -fno-stack-protector -fno-strict-aliasing -fpic -fshort-wchar -nostdinc -m64 -mno-mmx -mno-sse -mno-red-zone -maccumulate-outgoing-args -Os -Wall -Wextra -Wno-missing-field-initializers -Wno-empty-body -Wno-implicit-fallthrough -Wno-old-style-declaration -Wno-unused-but-set-variable -Wno-unused-parameter -Werror -Wno-error=unused-but-set-variable -Wno-error=unused-parameter -I/builddir/build/BUILD/shim-16.1/Cryptlib/OpenSSL -I/builddir/build/BUILD/shim-16.1/Cryptlib -I/builddir/build/BUILD/shim-16.1/Cryptlib/OpenSSL/Include/ -I/builddir/build/BUILD/shim-16.1/Cryptlib/OpenSSL/crypto -I/builddir/build/BUILD/shim-16.1/Cryptlib/Include -I/builddir/build/BUILD/shim-16.1/gnu-efi/inc -I/builddir/build/BUILD/shim-16.1/gnu-efi/inc/x86_64 -I/builddir/build/BUILD/shim-16.1/gnu-efi/inc/protocol -I/builddir/build/BUILD/shim-16.1/Cryptlib/OpenSSL/crypto/asn1 -I/builddir/build/BUILD/shim-16.1/Cryptlib/OpenSSL/crypto/evp -I/builddir/build/BUILD/shim-16.1/Cryptlib/OpenSSL/crypto/modes -I/builddir/build/BUILD/shim-16.1/Cryptlib/OpenSSL/crypto/include -isystem /builddir/build/BUILD/shim-16.1/include/system -isystem /usr/lib/gcc/x86_64-redhat-linux/11/include -DL_ENDIAN -D_CRT_SECURE_NO_DEPRECATE -D_CRT_NONSTDC_NO_DEPRECATE -DOPENSSL_SMALL_FOOTPRINT -DPEDANTIC -DMDE_CPU_X64   -c -o crypto/x509v3/v3_bitst.o /builddir/build/BUILD/shim-16.1/Cryptlib/OpenSSL/crypto/x509v3/v3_bitst.c
#13 157.6 gcc -std=gnu11 -ggdb -gdwarf-4 -gstrict-dwarf -ffreestanding -fmacro-prefix-map=/builddir/build/BUILD/shim-16.1/= -fno-stack-protector -fno-strict-aliasing -fpic -fshort-wchar -nostdinc -m64 -mno-mmx -mno-sse -mno-red-zone -maccumulate-outgoing-args -Os -Wall -Wextra -Wno-missing-field-initializers -Wno-empty-body -Wno-implicit-fallthrough -Wno-old-style-declaration -Wno-unused-but-set-variable -Wno-unused-parameter -Werror -Wno-error=unused-but-set-variable -Wno-error=unused-parameter -I/builddir/build/BUILD/shim-16.1/Cryptlib/OpenSSL -I/builddir/build/BUILD/shim-16.1/Cryptlib -I/builddir/build/BUILD/shim-16.1/Cryptlib/OpenSSL/Include/ -I/builddir/build/BUILD/shim-16.1/Cryptlib/OpenSSL/crypto -I/builddir/build/BUILD/shim-16.1/Cryptlib/Include -I/builddir/build/BUILD/shim-16.1/gnu-efi/inc -I/builddir/build/BUILD/shim-16.1/gnu-efi/inc/x86_64 -I/builddir/build/BUILD/shim-16.1/gnu-efi/inc/protocol -I/builddir/build/BUILD/shim-16.1/Cryptlib/OpenSSL/crypto/asn1 -I/builddir/build/BUILD/shim-16.1/Cryptlib/OpenSSL/crypto/evp -I/builddir/build/BUILD/shim-16.1/Cryptlib/OpenSSL/crypto/modes -I/builddir/build/BUILD/shim-16.1/Cryptlib/OpenSSL/crypto/include -isystem /builddir/build/BUILD/shim-16.1/include/system -isystem /usr/lib/gcc/x86_64-redhat-linux/11/include -DL_ENDIAN -D_CRT_SECURE_NO_DEPRECATE -D_CRT_NONSTDC_NO_DEPRECATE -DOPENSSL_SMALL_FOOTPRINT -DPEDANTIC -DMDE_CPU_X64   -c -o crypto/x509v3/v3_conf.o /builddir/build/BUILD/shim-16.1/Cryptlib/OpenSSL/crypto/x509v3/v3_conf.c
#13 158.2 gcc -std=gnu11 -ggdb -gdwarf-4 -gstrict-dwarf -ffreestanding -fmacro-prefix-map=/builddir/build/BUILD/shim-16.1/= -fno-stack-protector -fno-strict-aliasing -fpic -fshort-wchar -nostdinc -m64 -mno-mmx -mno-sse -mno-red-zone -maccumulate-outgoing-args -Os -Wall -Wextra -Wno-missing-field-initializers -Wno-empty-body -Wno-implicit-fallthrough -Wno-old-style-declaration -Wno-unused-but-set-variable -Wno-unused-parameter -Werror -Wno-error=unused-but-set-variable -Wno-error=unused-parameter -I/builddir/build/BUILD/shim-16.1/Cryptlib/OpenSSL -I/builddir/build/BUILD/shim-16.1/Cryptlib -I/builddir/build/BUILD/shim-16.1/Cryptlib/OpenSSL/Include/ -I/builddir/build/BUILD/shim-16.1/Cryptlib/OpenSSL/crypto -I/builddir/build/BUILD/shim-16.1/Cryptlib/Include -I/builddir/build/BUILD/shim-16.1/gnu-efi/inc -I/builddir/build/BUILD/shim-16.1/gnu-efi/inc/x86_64 -I/builddir/build/BUILD/shim-16.1/gnu-efi/inc/protocol -I/builddir/build/BUILD/shim-16.1/Cryptlib/OpenSSL/crypto/asn1 -I/builddir/build/BUILD/shim-16.1/Cryptlib/OpenSSL/crypto/evp -I/builddir/build/BUILD/shim-16.1/Cryptlib/OpenSSL/crypto/modes -I/builddir/build/BUILD/shim-16.1/Cryptlib/OpenSSL/crypto/include -isystem /builddir/build/BUILD/shim-16.1/include/system -isystem /usr/lib/gcc/x86_64-redhat-linux/11/include -DL_ENDIAN -D_CRT_SECURE_NO_DEPRECATE -D_CRT_NONSTDC_NO_DEPRECATE -DOPENSSL_SMALL_FOOTPRINT -DPEDANTIC -DMDE_CPU_X64   -c -o crypto/x509v3/v3_extku.o /builddir/build/BUILD/shim-16.1/Cryptlib/OpenSSL/crypto/x509v3/v3_extku.c
#13 158.6 gcc -std=gnu11 -ggdb -gdwarf-4 -gstrict-dwarf -ffreestanding -fmacro-prefix-map=/builddir/build/BUILD/shim-16.1/= -fno-stack-protector -fno-strict-aliasing -fpic -fshort-wchar -nostdinc -m64 -mno-mmx -mno-sse -mno-red-zone -maccumulate-outgoing-args -Os -Wall -Wextra -Wno-missing-field-initializers -Wno-empty-body -Wno-implicit-fallthrough -Wno-old-style-declaration -Wno-unused-but-set-variable -Wno-unused-parameter -Werror -Wno-error=unused-but-set-variable -Wno-error=unused-parameter -I/builddir/build/BUILD/shim-16.1/Cryptlib/OpenSSL -I/builddir/build/BUILD/shim-16.1/Cryptlib -I/builddir/build/BUILD/shim-16.1/Cryptlib/OpenSSL/Include/ -I/builddir/build/BUILD/shim-16.1/Cryptlib/OpenSSL/crypto -I/builddir/build/BUILD/shim-16.1/Cryptlib/Include -I/builddir/build/BUILD/shim-16.1/gnu-efi/inc -I/builddir/build/BUILD/shim-16.1/gnu-efi/inc/x86_64 -I/builddir/build/BUILD/shim-16.1/gnu-efi/inc/protocol -I/builddir/build/BUILD/shim-16.1/Cryptlib/OpenSSL/crypto/asn1 -I/builddir/build/BUILD/shim-16.1/Cryptlib/OpenSSL/crypto/evp -I/builddir/build/BUILD/shim-16.1/Cryptlib/OpenSSL/crypto/modes -I/builddir/build/BUILD/shim-16.1/Cryptlib/OpenSSL/crypto/include -isystem /builddir/build/BUILD/shim-16.1/include/system -isystem /usr/lib/gcc/x86_64-redhat-linux/11/include -DL_ENDIAN -D_CRT_SECURE_NO_DEPRECATE -D_CRT_NONSTDC_NO_DEPRECATE -DOPENSSL_SMALL_FOOTPRINT -DPEDANTIC -DMDE_CPU_X64   -c -o crypto/x509v3/v3_ia5.o /builddir/build/BUILD/shim-16.1/Cryptlib/OpenSSL/crypto/x509v3/v3_ia5.c
#13 159.0 gcc -std=gnu11 -ggdb -gdwarf-4 -gstrict-dwarf -ffreestanding -fmacro-prefix-map=/builddir/build/BUILD/shim-16.1/= -fno-stack-protector -fno-strict-aliasing -fpic -fshort-wchar -nostdinc -m64 -mno-mmx -mno-sse -mno-red-zone -maccumulate-outgoing-args -Os -Wall -Wextra -Wno-missing-field-initializers -Wno-empty-body -Wno-implicit-fallthrough -Wno-old-style-declaration -Wno-unused-but-set-variable -Wno-unused-parameter -Werror -Wno-error=unused-but-set-variable -Wno-error=unused-parameter -I/builddir/build/BUILD/shim-16.1/Cryptlib/OpenSSL -I/builddir/build/BUILD/shim-16.1/Cryptlib -I/builddir/build/BUILD/shim-16.1/Cryptlib/OpenSSL/Include/ -I/builddir/build/BUILD/shim-16.1/Cryptlib/OpenSSL/crypto -I/builddir/build/BUILD/shim-16.1/Cryptlib/Include -I/builddir/build/BUILD/shim-16.1/gnu-efi/inc -I/builddir/build/BUILD/shim-16.1/gnu-efi/inc/x86_64 -I/builddir/build/BUILD/shim-16.1/gnu-efi/inc/protocol -I/builddir/build/BUILD/shim-16.1/Cryptlib/OpenSSL/crypto/asn1 -I/builddir/build/BUILD/shim-16.1/Cryptlib/OpenSSL/crypto/evp -I/builddir/build/BUILD/shim-16.1/Cryptlib/OpenSSL/crypto/modes -I/builddir/build/BUILD/shim-16.1/Cryptlib/OpenSSL/crypto/include -isystem /builddir/build/BUILD/shim-16.1/include/system -isystem /usr/lib/gcc/x86_64-redhat-linux/11/include -DL_ENDIAN -D_CRT_SECURE_NO_DEPRECATE -D_CRT_NONSTDC_NO_DEPRECATE -DOPENSSL_SMALL_FOOTPRINT -DPEDANTIC -DMDE_CPU_X64   -c -o crypto/x509v3/v3_lib.o /builddir/build/BUILD/shim-16.1/Cryptlib/OpenSSL/crypto/x509v3/v3_lib.c
#13 159.5 gcc -std=gnu11 -ggdb -gdwarf-4 -gstrict-dwarf -ffreestanding -fmacro-prefix-map=/builddir/build/BUILD/shim-16.1/= -fno-stack-protector -fno-strict-aliasing -fpic -fshort-wchar -nostdinc -m64 -mno-mmx -mno-sse -mno-red-zone -maccumulate-outgoing-args -Os -Wall -Wextra -Wno-missing-field-initializers -Wno-empty-body -Wno-implicit-fallthrough -Wno-old-style-declaration -Wno-unused-but-set-variable -Wno-unused-parameter -Werror -Wno-error=unused-but-set-variable -Wno-error=unused-parameter -I/builddir/build/BUILD/shim-16.1/Cryptlib/OpenSSL -I/builddir/build/BUILD/shim-16.1/Cryptlib -I/builddir/build/BUILD/shim-16.1/Cryptlib/OpenSSL/Include/ -I/builddir/build/BUILD/shim-16.1/Cryptlib/OpenSSL/crypto -I/builddir/build/BUILD/shim-16.1/Cryptlib/Include -I/builddir/build/BUILD/shim-16.1/gnu-efi/inc -I/builddir/build/BUILD/shim-16.1/gnu-efi/inc/x86_64 -I/builddir/build/BUILD/shim-16.1/gnu-efi/inc/protocol -I/builddir/build/BUILD/shim-16.1/Cryptlib/OpenSSL/crypto/asn1 -I/builddir/build/BUILD/shim-16.1/Cryptlib/OpenSSL/crypto/evp -I/builddir/build/BUILD/shim-16.1/Cryptlib/OpenSSL/crypto/modes -I/builddir/build/BUILD/shim-16.1/Cryptlib/OpenSSL/crypto/include -isystem /builddir/build/BUILD/shim-16.1/include/system -isystem /usr/lib/gcc/x86_64-redhat-linux/11/include -DL_ENDIAN -D_CRT_SECURE_NO_DEPRECATE -D_CRT_NONSTDC_NO_DEPRECATE -DOPENSSL_SMALL_FOOTPRINT -DPEDANTIC -DMDE_CPU_X64   -c -o crypto/x509v3/v3_prn.o /builddir/build/BUILD/shim-16.1/Cryptlib/OpenSSL/crypto/x509v3/v3_prn.c
#13 160.0 gcc -std=gnu11 -ggdb -gdwarf-4 -gstrict-dwarf -ffreestanding -fmacro-prefix-map=/builddir/build/BUILD/shim-16.1/= -fno-stack-protector -fno-strict-aliasing -fpic -fshort-wchar -nostdinc -m64 -mno-mmx -mno-sse -mno-red-zone -maccumulate-outgoing-args -Os -Wall -Wextra -Wno-missing-field-initializers -Wno-empty-body -Wno-implicit-fallthrough -Wno-old-style-declaration -Wno-unused-but-set-variable -Wno-unused-parameter -Werror -Wno-error=unused-but-set-variable -Wno-error=unused-parameter -I/builddir/build/BUILD/shim-16.1/Cryptlib/OpenSSL -I/builddir/build/BUILD/shim-16.1/Cryptlib -I/builddir/build/BUILD/shim-16.1/Cryptlib/OpenSSL/Include/ -I/builddir/build/BUILD/shim-16.1/Cryptlib/OpenSSL/crypto -I/builddir/build/BUILD/shim-16.1/Cryptlib/Include -I/builddir/build/BUILD/shim-16.1/gnu-efi/inc -I/builddir/build/BUILD/shim-16.1/gnu-efi/inc/x86_64 -I/builddir/build/BUILD/shim-16.1/gnu-efi/inc/protocol -I/builddir/build/BUILD/shim-16.1/Cryptlib/OpenSSL/crypto/asn1 -I/builddir/build/BUILD/shim-16.1/Cryptlib/OpenSSL/crypto/evp -I/builddir/build/BUILD/shim-16.1/Cryptlib/OpenSSL/crypto/modes -I/builddir/build/BUILD/shim-16.1/Cryptlib/OpenSSL/crypto/include -isystem /builddir/build/BUILD/shim-16.1/include/system -isystem /usr/lib/gcc/x86_64-redhat-linux/11/include -DL_ENDIAN -D_CRT_SECURE_NO_DEPRECATE -D_CRT_NONSTDC_NO_DEPRECATE -DOPENSSL_SMALL_FOOTPRINT -DPEDANTIC -DMDE_CPU_X64   -c -o crypto/x509v3/v3_utl.o /builddir/build/BUILD/shim-16.1/Cryptlib/OpenSSL/crypto/x509v3/v3_utl.c
#13 160.7 gcc -std=gnu11 -ggdb -gdwarf-4 -gstrict-dwarf -ffreestanding -fmacro-prefix-map=/builddir/build/BUILD/shim-16.1/= -fno-stack-protector -fno-strict-aliasing -fpic -fshort-wchar -nostdinc -m64 -mno-mmx -mno-sse -mno-red-zone -maccumulate-outgoing-args -Os -Wall -Wextra -Wno-missing-field-initializers -Wno-empty-body -Wno-implicit-fallthrough -Wno-old-style-declaration -Wno-unused-but-set-variable -Wno-unused-parameter -Werror -Wno-error=unused-but-set-variable -Wno-error=unused-parameter -I/builddir/build/BUILD/shim-16.1/Cryptlib/OpenSSL -I/builddir/build/BUILD/shim-16.1/Cryptlib -I/builddir/build/BUILD/shim-16.1/Cryptlib/OpenSSL/Include/ -I/builddir/build/BUILD/shim-16.1/Cryptlib/OpenSSL/crypto -I/builddir/build/BUILD/shim-16.1/Cryptlib/Include -I/builddir/build/BUILD/shim-16.1/gnu-efi/inc -I/builddir/build/BUILD/shim-16.1/gnu-efi/inc/x86_64 -I/builddir/build/BUILD/shim-16.1/gnu-efi/inc/protocol -I/builddir/build/BUILD/shim-16.1/Cryptlib/OpenSSL/crypto/asn1 -I/builddir/build/BUILD/shim-16.1/Cryptlib/OpenSSL/crypto/evp -I/builddir/build/BUILD/shim-16.1/Cryptlib/OpenSSL/crypto/modes -I/builddir/build/BUILD/shim-16.1/Cryptlib/OpenSSL/crypto/include -isystem /builddir/build/BUILD/shim-16.1/include/system -isystem /usr/lib/gcc/x86_64-redhat-linux/11/include -DL_ENDIAN -D_CRT_SECURE_NO_DEPRECATE -D_CRT_NONSTDC_NO_DEPRECATE -DOPENSSL_SMALL_FOOTPRINT -DPEDANTIC -DMDE_CPU_X64   -c -o crypto/x509v3/v3err.o /builddir/build/BUILD/shim-16.1/Cryptlib/OpenSSL/crypto/x509v3/v3err.c
#13 161.0 gcc -std=gnu11 -ggdb -gdwarf-4 -gstrict-dwarf -ffreestanding -fmacro-prefix-map=/builddir/build/BUILD/shim-16.1/= -fno-stack-protector -fno-strict-aliasing -fpic -fshort-wchar -nostdinc -m64 -mno-mmx -mno-sse -mno-red-zone -maccumulate-outgoing-args -Os -Wall -Wextra -Wno-missing-field-initializers -Wno-empty-body -Wno-implicit-fallthrough -Wno-old-style-declaration -Wno-unused-but-set-variable -Wno-unused-parameter -Werror -Wno-error=unused-but-set-variable -Wno-error=unused-parameter -I/builddir/build/BUILD/shim-16.1/Cryptlib/OpenSSL -I/builddir/build/BUILD/shim-16.1/Cryptlib -I/builddir/build/BUILD/shim-16.1/Cryptlib/OpenSSL/Include/ -I/builddir/build/BUILD/shim-16.1/Cryptlib/OpenSSL/crypto -I/builddir/build/BUILD/shim-16.1/Cryptlib/Include -I/builddir/build/BUILD/shim-16.1/gnu-efi/inc -I/builddir/build/BUILD/shim-16.1/gnu-efi/inc/x86_64 -I/builddir/build/BUILD/shim-16.1/gnu-efi/inc/protocol -I/builddir/build/BUILD/shim-16.1/Cryptlib/OpenSSL/crypto/asn1 -I/builddir/build/BUILD/shim-16.1/Cryptlib/OpenSSL/crypto/evp -I/builddir/build/BUILD/shim-16.1/Cryptlib/OpenSSL/crypto/modes -I/builddir/build/BUILD/shim-16.1/Cryptlib/OpenSSL/crypto/include -isystem /builddir/build/BUILD/shim-16.1/include/system -isystem /usr/lib/gcc/x86_64-redhat-linux/11/include -DL_ENDIAN -D_CRT_SECURE_NO_DEPRECATE -D_CRT_NONSTDC_NO_DEPRECATE -DOPENSSL_SMALL_FOOTPRINT -DPEDANTIC -DMDE_CPU_X64   -c -o crypto/x509v3/v3_genn.o /builddir/build/BUILD/shim-16.1/Cryptlib/OpenSSL/crypto/x509v3/v3_genn.c
#13 161.5 gcc -std=gnu11 -ggdb -gdwarf-4 -gstrict-dwarf -ffreestanding -fmacro-prefix-map=/builddir/build/BUILD/shim-16.1/= -fno-stack-protector -fno-strict-aliasing -fpic -fshort-wchar -nostdinc -m64 -mno-mmx -mno-sse -mno-red-zone -maccumulate-outgoing-args -Os -Wall -Wextra -Wno-missing-field-initializers -Wno-empty-body -Wno-implicit-fallthrough -Wno-old-style-declaration -Wno-unused-but-set-variable -Wno-unused-parameter -Werror -Wno-error=unused-but-set-variable -Wno-error=unused-parameter -I/builddir/build/BUILD/shim-16.1/Cryptlib/OpenSSL -I/builddir/build/BUILD/shim-16.1/Cryptlib -I/builddir/build/BUILD/shim-16.1/Cryptlib/OpenSSL/Include/ -I/builddir/build/BUILD/shim-16.1/Cryptlib/OpenSSL/crypto -I/builddir/build/BUILD/shim-16.1/Cryptlib/Include -I/builddir/build/BUILD/shim-16.1/gnu-efi/inc -I/builddir/build/BUILD/shim-16.1/gnu-efi/inc/x86_64 -I/builddir/build/BUILD/shim-16.1/gnu-efi/inc/protocol -I/builddir/build/BUILD/shim-16.1/Cryptlib/OpenSSL/crypto/asn1 -I/builddir/build/BUILD/shim-16.1/Cryptlib/OpenSSL/crypto/evp -I/builddir/build/BUILD/shim-16.1/Cryptlib/OpenSSL/crypto/modes -I/builddir/build/BUILD/shim-16.1/Cryptlib/OpenSSL/crypto/include -isystem /builddir/build/BUILD/shim-16.1/include/system -isystem /usr/lib/gcc/x86_64-redhat-linux/11/include -DL_ENDIAN -D_CRT_SECURE_NO_DEPRECATE -D_CRT_NONSTDC_NO_DEPRECATE -DOPENSSL_SMALL_FOOTPRINT -DPEDANTIC -DMDE_CPU_X64   -c -o crypto/x509v3/v3_alt.o /builddir/build/BUILD/shim-16.1/Cryptlib/OpenSSL/crypto/x509v3/v3_alt.c
#13 162.1 gcc -std=gnu11 -ggdb -gdwarf-4 -gstrict-dwarf -ffreestanding -fmacro-prefix-map=/builddir/build/BUILD/shim-16.1/= -fno-stack-protector -fno-strict-aliasing -fpic -fshort-wchar -nostdinc -m64 -mno-mmx -mno-sse -mno-red-zone -maccumulate-outgoing-args -Os -Wall -Wextra -Wno-missing-field-initializers -Wno-empty-body -Wno-implicit-fallthrough -Wno-old-style-declaration -Wno-unused-but-set-variable -Wno-unused-parameter -Werror -Wno-error=unused-but-set-variable -Wno-error=unused-parameter -I/builddir/build/BUILD/shim-16.1/Cryptlib/OpenSSL -I/builddir/build/BUILD/shim-16.1/Cryptlib -I/builddir/build/BUILD/shim-16.1/Cryptlib/OpenSSL/Include/ -I/builddir/build/BUILD/shim-16.1/Cryptlib/OpenSSL/crypto -I/builddir/build/BUILD/shim-16.1/Cryptlib/Include -I/builddir/build/BUILD/shim-16.1/gnu-efi/inc -I/builddir/build/BUILD/shim-16.1/gnu-efi/inc/x86_64 -I/builddir/build/BUILD/shim-16.1/gnu-efi/inc/protocol -I/builddir/build/BUILD/shim-16.1/Cryptlib/OpenSSL/crypto/asn1 -I/builddir/build/BUILD/shim-16.1/Cryptlib/OpenSSL/crypto/evp -I/builddir/build/BUILD/shim-16.1/Cryptlib/OpenSSL/crypto/modes -I/builddir/build/BUILD/shim-16.1/Cryptlib/OpenSSL/crypto/include -isystem /builddir/build/BUILD/shim-16.1/include/system -isystem /usr/lib/gcc/x86_64-redhat-linux/11/include -DL_ENDIAN -D_CRT_SECURE_NO_DEPRECATE -D_CRT_NONSTDC_NO_DEPRECATE -DOPENSSL_SMALL_FOOTPRINT -DPEDANTIC -DMDE_CPU_X64   -c -o crypto/x509v3/v3_skey.o /builddir/build/BUILD/shim-16.1/Cryptlib/OpenSSL/crypto/x509v3/v3_skey.c
#13 162.5 gcc -std=gnu11 -ggdb -gdwarf-4 -gstrict-dwarf -ffreestanding -fmacro-prefix-map=/builddir/build/BUILD/shim-16.1/= -fno-stack-protector -fno-strict-aliasing -fpic -fshort-wchar -nostdinc -m64 -mno-mmx -mno-sse -mno-red-zone -maccumulate-outgoing-args -Os -Wall -Wextra -Wno-missing-field-initializers -Wno-empty-body -Wno-implicit-fallthrough -Wno-old-style-declaration -Wno-unused-but-set-variable -Wno-unused-parameter -Werror -Wno-error=unused-but-set-variable -Wno-error=unused-parameter -I/builddir/build/BUILD/shim-16.1/Cryptlib/OpenSSL -I/builddir/build/BUILD/shim-16.1/Cryptlib -I/builddir/build/BUILD/shim-16.1/Cryptlib/OpenSSL/Include/ -I/builddir/build/BUILD/shim-16.1/Cryptlib/OpenSSL/crypto -I/builddir/build/BUILD/shim-16.1/Cryptlib/Include -I/builddir/build/BUILD/shim-16.1/gnu-efi/inc -I/builddir/build/BUILD/shim-16.1/gnu-efi/inc/x86_64 -I/builddir/build/BUILD/shim-16.1/gnu-efi/inc/protocol -I/builddir/build/BUILD/shim-16.1/Cryptlib/OpenSSL/crypto/asn1 -I/builddir/build/BUILD/shim-16.1/Cryptlib/OpenSSL/crypto/evp -I/builddir/build/BUILD/shim-16.1/Cryptlib/OpenSSL/crypto/modes -I/builddir/build/BUILD/shim-16.1/Cryptlib/OpenSSL/crypto/include -isystem /builddir/build/BUILD/shim-16.1/include/system -isystem /usr/lib/gcc/x86_64-redhat-linux/11/include -DL_ENDIAN -D_CRT_SECURE_NO_DEPRECATE -D_CRT_NONSTDC_NO_DEPRECATE -DOPENSSL_SMALL_FOOTPRINT -DPEDANTIC -DMDE_CPU_X64   -c -o crypto/x509v3/v3_akey.o /builddir/build/BUILD/shim-16.1/Cryptlib/OpenSSL/crypto/x509v3/v3_akey.c
#13 163.0 gcc -std=gnu11 -ggdb -gdwarf-4 -gstrict-dwarf -ffreestanding -fmacro-prefix-map=/builddir/build/BUILD/shim-16.1/= -fno-stack-protector -fno-strict-aliasing -fpic -fshort-wchar -nostdinc -m64 -mno-mmx -mno-sse -mno-red-zone -maccumulate-outgoing-args -Os -Wall -Wextra -Wno-missing-field-initializers -Wno-empty-body -Wno-implicit-fallthrough -Wno-old-style-declaration -Wno-unused-but-set-variable -Wno-unused-parameter -Werror -Wno-error=unused-but-set-variable -Wno-error=unused-parameter -I/builddir/build/BUILD/shim-16.1/Cryptlib/OpenSSL -I/builddir/build/BUILD/shim-16.1/Cryptlib -I/builddir/build/BUILD/shim-16.1/Cryptlib/OpenSSL/Include/ -I/builddir/build/BUILD/shim-16.1/Cryptlib/OpenSSL/crypto -I/builddir/build/BUILD/shim-16.1/Cryptlib/Include -I/builddir/build/BUILD/shim-16.1/gnu-efi/inc -I/builddir/build/BUILD/shim-16.1/gnu-efi/inc/x86_64 -I/builddir/build/BUILD/shim-16.1/gnu-efi/inc/protocol -I/builddir/build/BUILD/shim-16.1/Cryptlib/OpenSSL/crypto/asn1 -I/builddir/build/BUILD/shim-16.1/Cryptlib/OpenSSL/crypto/evp -I/builddir/build/BUILD/shim-16.1/Cryptlib/OpenSSL/crypto/modes -I/builddir/build/BUILD/shim-16.1/Cryptlib/OpenSSL/crypto/include -isystem /builddir/build/BUILD/shim-16.1/include/system -isystem /usr/lib/gcc/x86_64-redhat-linux/11/include -DL_ENDIAN -D_CRT_SECURE_NO_DEPRECATE -D_CRT_NONSTDC_NO_DEPRECATE -DOPENSSL_SMALL_FOOTPRINT -DPEDANTIC -DMDE_CPU_X64   -c -o crypto/x509v3/v3_pku.o /builddir/build/BUILD/shim-16.1/Cryptlib/OpenSSL/crypto/x509v3/v3_pku.c
#13 163.4 gcc -std=gnu11 -ggdb -gdwarf-4 -gstrict-dwarf -ffreestanding -fmacro-prefix-map=/builddir/build/BUILD/shim-16.1/= -fno-stack-protector -fno-strict-aliasing -fpic -fshort-wchar -nostdinc -m64 -mno-mmx -mno-sse -mno-red-zone -maccumulate-outgoing-args -Os -Wall -Wextra -Wno-missing-field-initializers -Wno-empty-body -Wno-implicit-fallthrough -Wno-old-style-declaration -Wno-unused-but-set-variable -Wno-unused-parameter -Werror -Wno-error=unused-but-set-variable -Wno-error=unused-parameter -I/builddir/build/BUILD/shim-16.1/Cryptlib/OpenSSL -I/builddir/build/BUILD/shim-16.1/Cryptlib -I/builddir/build/BUILD/shim-16.1/Cryptlib/OpenSSL/Include/ -I/builddir/build/BUILD/shim-16.1/Cryptlib/OpenSSL/crypto -I/builddir/build/BUILD/shim-16.1/Cryptlib/Include -I/builddir/build/BUILD/shim-16.1/gnu-efi/inc -I/builddir/build/BUILD/shim-16.1/gnu-efi/inc/x86_64 -I/builddir/build/BUILD/shim-16.1/gnu-efi/inc/protocol -I/builddir/build/BUILD/shim-16.1/Cryptlib/OpenSSL/crypto/asn1 -I/builddir/build/BUILD/shim-16.1/Cryptlib/OpenSSL/crypto/evp -I/builddir/build/BUILD/shim-16.1/Cryptlib/OpenSSL/crypto/modes -I/builddir/build/BUILD/shim-16.1/Cryptlib/OpenSSL/crypto/include -isystem /builddir/build/BUILD/shim-16.1/include/system -isystem /usr/lib/gcc/x86_64-redhat-linux/11/include -DL_ENDIAN -D_CRT_SECURE_NO_DEPRECATE -D_CRT_NONSTDC_NO_DEPRECATE -DOPENSSL_SMALL_FOOTPRINT -DPEDANTIC -DMDE_CPU_X64   -c -o crypto/x509v3/v3_int.o /builddir/build/BUILD/shim-16.1/Cryptlib/OpenSSL/crypto/x509v3/v3_int.c
#13 163.7 gcc -std=gnu11 -ggdb -gdwarf-4 -gstrict-dwarf -ffreestanding -fmacro-prefix-map=/builddir/build/BUILD/shim-16.1/= -fno-stack-protector -fno-strict-aliasing -fpic -fshort-wchar -nostdinc -m64 -mno-mmx -mno-sse -mno-red-zone -maccumulate-outgoing-args -Os -Wall -Wextra -Wno-missing-field-initializers -Wno-empty-body -Wno-implicit-fallthrough -Wno-old-style-declaration -Wno-unused-but-set-variable -Wno-unused-parameter -Werror -Wno-error=unused-but-set-variable -Wno-error=unused-parameter -I/builddir/build/BUILD/shim-16.1/Cryptlib/OpenSSL -I/builddir/build/BUILD/shim-16.1/Cryptlib -I/builddir/build/BUILD/shim-16.1/Cryptlib/OpenSSL/Include/ -I/builddir/build/BUILD/shim-16.1/Cryptlib/OpenSSL/crypto -I/builddir/build/BUILD/shim-16.1/Cryptlib/Include -I/builddir/build/BUILD/shim-16.1/gnu-efi/inc -I/builddir/build/BUILD/shim-16.1/gnu-efi/inc/x86_64 -I/builddir/build/BUILD/shim-16.1/gnu-efi/inc/protocol -I/builddir/build/BUILD/shim-16.1/Cryptlib/OpenSSL/crypto/asn1 -I/builddir/build/BUILD/shim-16.1/Cryptlib/OpenSSL/crypto/evp -I/builddir/build/BUILD/shim-16.1/Cryptlib/OpenSSL/crypto/modes -I/builddir/build/BUILD/shim-16.1/Cryptlib/OpenSSL/crypto/include -isystem /builddir/build/BUILD/shim-16.1/include/system -isystem /usr/lib/gcc/x86_64-redhat-linux/11/include -DL_ENDIAN -D_CRT_SECURE_NO_DEPRECATE -D_CRT_NONSTDC_NO_DEPRECATE -DOPENSSL_SMALL_FOOTPRINT -DPEDANTIC -DMDE_CPU_X64   -c -o crypto/x509v3/v3_enum.o /builddir/build/BUILD/shim-16.1/Cryptlib/OpenSSL/crypto/x509v3/v3_enum.c
#13 164.1 gcc -std=gnu11 -ggdb -gdwarf-4 -gstrict-dwarf -ffreestanding -fmacro-prefix-map=/builddir/build/BUILD/shim-16.1/= -fno-stack-protector -fno-strict-aliasing -fpic -fshort-wchar -nostdinc -m64 -mno-mmx -mno-sse -mno-red-zone -maccumulate-outgoing-args -Os -Wall -Wextra -Wno-missing-field-initializers -Wno-empty-body -Wno-implicit-fallthrough -Wno-old-style-declaration -Wno-unused-but-set-variable -Wno-unused-parameter -Werror -Wno-error=unused-but-set-variable -Wno-error=unused-parameter -I/builddir/build/BUILD/shim-16.1/Cryptlib/OpenSSL -I/builddir/build/BUILD/shim-16.1/Cryptlib -I/builddir/build/BUILD/shim-16.1/Cryptlib/OpenSSL/Include/ -I/builddir/build/BUILD/shim-16.1/Cryptlib/OpenSSL/crypto -I/builddir/build/BUILD/shim-16.1/Cryptlib/Include -I/builddir/build/BUILD/shim-16.1/gnu-efi/inc -I/builddir/build/BUILD/shim-16.1/gnu-efi/inc/x86_64 -I/builddir/build/BUILD/shim-16.1/gnu-efi/inc/protocol -I/builddir/build/BUILD/shim-16.1/Cryptlib/OpenSSL/crypto/asn1 -I/builddir/build/BUILD/shim-16.1/Cryptlib/OpenSSL/crypto/evp -I/builddir/build/BUILD/shim-16.1/Cryptlib/OpenSSL/crypto/modes -I/builddir/build/BUILD/shim-16.1/Cryptlib/OpenSSL/crypto/include -isystem /builddir/build/BUILD/shim-16.1/include/system -isystem /usr/lib/gcc/x86_64-redhat-linux/11/include -DL_ENDIAN -D_CRT_SECURE_NO_DEPRECATE -D_CRT_NONSTDC_NO_DEPRECATE -DOPENSSL_SMALL_FOOTPRINT -DPEDANTIC -DMDE_CPU_X64   -c -o crypto/x509v3/v3_sxnet.o /builddir/build/BUILD/shim-16.1/Cryptlib/OpenSSL/crypto/x509v3/v3_sxnet.c
#13 164.6 gcc -std=gnu11 -ggdb -gdwarf-4 -gstrict-dwarf -ffreestanding -fmacro-prefix-map=/builddir/build/BUILD/shim-16.1/= -fno-stack-protector -fno-strict-aliasing -fpic -fshort-wchar -nostdinc -m64 -mno-mmx -mno-sse -mno-red-zone -maccumulate-outgoing-args -Os -Wall -Wextra -Wno-missing-field-initializers -Wno-empty-body -Wno-implicit-fallthrough -Wno-old-style-declaration -Wno-unused-but-set-variable -Wno-unused-parameter -Werror -Wno-error=unused-but-set-variable -Wno-error=unused-parameter -I/builddir/build/BUILD/shim-16.1/Cryptlib/OpenSSL -I/builddir/build/BUILD/shim-16.1/Cryptlib -I/builddir/build/BUILD/shim-16.1/Cryptlib/OpenSSL/Include/ -I/builddir/build/BUILD/shim-16.1/Cryptlib/OpenSSL/crypto -I/builddir/build/BUILD/shim-16.1/Cryptlib/Include -I/builddir/build/BUILD/shim-16.1/gnu-efi/inc -I/builddir/build/BUILD/shim-16.1/gnu-efi/inc/x86_64 -I/builddir/build/BUILD/shim-16.1/gnu-efi/inc/protocol -I/builddir/build/BUILD/shim-16.1/Cryptlib/OpenSSL/crypto/asn1 -I/builddir/build/BUILD/shim-16.1/Cryptlib/OpenSSL/crypto/evp -I/builddir/build/BUILD/shim-16.1/Cryptlib/OpenSSL/crypto/modes -I/builddir/build/BUILD/shim-16.1/Cryptlib/OpenSSL/crypto/include -isystem /builddir/build/BUILD/shim-16.1/include/system -isystem /usr/lib/gcc/x86_64-redhat-linux/11/include -DL_ENDIAN -D_CRT_SECURE_NO_DEPRECATE -D_CRT_NONSTDC_NO_DEPRECATE -DOPENSSL_SMALL_FOOTPRINT -DPEDANTIC -DMDE_CPU_X64   -c -o crypto/x509v3/v3_cpols.o /builddir/build/BUILD/shim-16.1/Cryptlib/OpenSSL/crypto/x509v3/v3_cpols.c
#13 165.2 gcc -std=gnu11 -ggdb -gdwarf-4 -gstrict-dwarf -ffreestanding -fmacro-prefix-map=/builddir/build/BUILD/shim-16.1/= -fno-stack-protector -fno-strict-aliasing -fpic -fshort-wchar -nostdinc -m64 -mno-mmx -mno-sse -mno-red-zone -maccumulate-outgoing-args -Os -Wall -Wextra -Wno-missing-field-initializers -Wno-empty-body -Wno-implicit-fallthrough -Wno-old-style-declaration -Wno-unused-but-set-variable -Wno-unused-parameter -Werror -Wno-error=unused-but-set-variable -Wno-error=unused-parameter -I/builddir/build/BUILD/shim-16.1/Cryptlib/OpenSSL -I/builddir/build/BUILD/shim-16.1/Cryptlib -I/builddir/build/BUILD/shim-16.1/Cryptlib/OpenSSL/Include/ -I/builddir/build/BUILD/shim-16.1/Cryptlib/OpenSSL/crypto -I/builddir/build/BUILD/shim-16.1/Cryptlib/Include -I/builddir/build/BUILD/shim-16.1/gnu-efi/inc -I/builddir/build/BUILD/shim-16.1/gnu-efi/inc/x86_64 -I/builddir/build/BUILD/shim-16.1/gnu-efi/inc/protocol -I/builddir/build/BUILD/shim-16.1/Cryptlib/OpenSSL/crypto/asn1 -I/builddir/build/BUILD/shim-16.1/Cryptlib/OpenSSL/crypto/evp -I/builddir/build/BUILD/shim-16.1/Cryptlib/OpenSSL/crypto/modes -I/builddir/build/BUILD/shim-16.1/Cryptlib/OpenSSL/crypto/include -isystem /builddir/build/BUILD/shim-16.1/include/system -isystem /usr/lib/gcc/x86_64-redhat-linux/11/include -DL_ENDIAN -D_CRT_SECURE_NO_DEPRECATE -D_CRT_NONSTDC_NO_DEPRECATE -DOPENSSL_SMALL_FOOTPRINT -DPEDANTIC -DMDE_CPU_X64   -c -o crypto/x509v3/v3_crld.o /builddir/build/BUILD/shim-16.1/Cryptlib/OpenSSL/crypto/x509v3/v3_crld.c
#13 165.7 gcc -std=gnu11 -ggdb -gdwarf-4 -gstrict-dwarf -ffreestanding -fmacro-prefix-map=/builddir/build/BUILD/shim-16.1/= -fno-stack-protector -fno-strict-aliasing -fpic -fshort-wchar -nostdinc -m64 -mno-mmx -mno-sse -mno-red-zone -maccumulate-outgoing-args -Os -Wall -Wextra -Wno-missing-field-initializers -Wno-empty-body -Wno-implicit-fallthrough -Wno-old-style-declaration -Wno-unused-but-set-variable -Wno-unused-parameter -Werror -Wno-error=unused-but-set-variable -Wno-error=unused-parameter -I/builddir/build/BUILD/shim-16.1/Cryptlib/OpenSSL -I/builddir/build/BUILD/shim-16.1/Cryptlib -I/builddir/build/BUILD/shim-16.1/Cryptlib/OpenSSL/Include/ -I/builddir/build/BUILD/shim-16.1/Cryptlib/OpenSSL/crypto -I/builddir/build/BUILD/shim-16.1/Cryptlib/Include -I/builddir/build/BUILD/shim-16.1/gnu-efi/inc -I/builddir/build/BUILD/shim-16.1/gnu-efi/inc/x86_64 -I/builddir/build/BUILD/shim-16.1/gnu-efi/inc/protocol -I/builddir/build/BUILD/shim-16.1/Cryptlib/OpenSSL/crypto/asn1 -I/builddir/build/BUILD/shim-16.1/Cryptlib/OpenSSL/crypto/evp -I/builddir/build/BUILD/shim-16.1/Cryptlib/OpenSSL/crypto/modes -I/builddir/build/BUILD/shim-16.1/Cryptlib/OpenSSL/crypto/include -isystem /builddir/build/BUILD/shim-16.1/include/system -isystem /usr/lib/gcc/x86_64-redhat-linux/11/include -DL_ENDIAN -D_CRT_SECURE_NO_DEPRECATE -D_CRT_NONSTDC_NO_DEPRECATE -DOPENSSL_SMALL_FOOTPRINT -DPEDANTIC -DMDE_CPU_X64   -c -o crypto/x509v3/v3_purp.o /builddir/build/BUILD/shim-16.1/Cryptlib/OpenSSL/crypto/x509v3/v3_purp.c
#13 166.4 gcc -std=gnu11 -ggdb -gdwarf-4 -gstrict-dwarf -ffreestanding -fmacro-prefix-map=/builddir/build/BUILD/shim-16.1/= -fno-stack-protector -fno-strict-aliasing -fpic -fshort-wchar -nostdinc -m64 -mno-mmx -mno-sse -mno-red-zone -maccumulate-outgoing-args -Os -Wall -Wextra -Wno-missing-field-initializers -Wno-empty-body -Wno-implicit-fallthrough -Wno-old-style-declaration -Wno-unused-but-set-variable -Wno-unused-parameter -Werror -Wno-error=unused-but-set-variable -Wno-error=unused-parameter -I/builddir/build/BUILD/shim-16.1/Cryptlib/OpenSSL -I/builddir/build/BUILD/shim-16.1/Cryptlib -I/builddir/build/BUILD/shim-16.1/Cryptlib/OpenSSL/Include/ -I/builddir/build/BUILD/shim-16.1/Cryptlib/OpenSSL/crypto -I/builddir/build/BUILD/shim-16.1/Cryptlib/Include -I/builddir/build/BUILD/shim-16.1/gnu-efi/inc -I/builddir/build/BUILD/shim-16.1/gnu-efi/inc/x86_64 -I/builddir/build/BUILD/shim-16.1/gnu-efi/inc/protocol -I/builddir/build/BUILD/shim-16.1/Cryptlib/OpenSSL/crypto/asn1 -I/builddir/build/BUILD/shim-16.1/Cryptlib/OpenSSL/crypto/evp -I/builddir/build/BUILD/shim-16.1/Cryptlib/OpenSSL/crypto/modes -I/builddir/build/BUILD/shim-16.1/Cryptlib/OpenSSL/crypto/include -isystem /builddir/build/BUILD/shim-16.1/include/system -isystem /usr/lib/gcc/x86_64-redhat-linux/11/include -DL_ENDIAN -D_CRT_SECURE_NO_DEPRECATE -D_CRT_NONSTDC_NO_DEPRECATE -DOPENSSL_SMALL_FOOTPRINT -DPEDANTIC -DMDE_CPU_X64   -c -o crypto/x509v3/v3_info.o /builddir/build/BUILD/shim-16.1/Cryptlib/OpenSSL/crypto/x509v3/v3_info.c
#13 166.8 gcc -std=gnu11 -ggdb -gdwarf-4 -gstrict-dwarf -ffreestanding -fmacro-prefix-map=/builddir/build/BUILD/shim-16.1/= -fno-stack-protector -fno-strict-aliasing -fpic -fshort-wchar -nostdinc -m64 -mno-mmx -mno-sse -mno-red-zone -maccumulate-outgoing-args -Os -Wall -Wextra -Wno-missing-field-initializers -Wno-empty-body -Wno-implicit-fallthrough -Wno-old-style-declaration -Wno-unused-but-set-variable -Wno-unused-parameter -Werror -Wno-error=unused-but-set-variable -Wno-error=unused-parameter -I/builddir/build/BUILD/shim-16.1/Cryptlib/OpenSSL -I/builddir/build/BUILD/shim-16.1/Cryptlib -I/builddir/build/BUILD/shim-16.1/Cryptlib/OpenSSL/Include/ -I/builddir/build/BUILD/shim-16.1/Cryptlib/OpenSSL/crypto -I/builddir/build/BUILD/shim-16.1/Cryptlib/Include -I/builddir/build/BUILD/shim-16.1/gnu-efi/inc -I/builddir/build/BUILD/shim-16.1/gnu-efi/inc/x86_64 -I/builddir/build/BUILD/shim-16.1/gnu-efi/inc/protocol -I/builddir/build/BUILD/shim-16.1/Cryptlib/OpenSSL/crypto/asn1 -I/builddir/build/BUILD/shim-16.1/Cryptlib/OpenSSL/crypto/evp -I/builddir/build/BUILD/shim-16.1/Cryptlib/OpenSSL/crypto/modes -I/builddir/build/BUILD/shim-16.1/Cryptlib/OpenSSL/crypto/include -isystem /builddir/build/BUILD/shim-16.1/include/system -isystem /usr/lib/gcc/x86_64-redhat-linux/11/include -DL_ENDIAN -D_CRT_SECURE_NO_DEPRECATE -D_CRT_NONSTDC_NO_DEPRECATE -DOPENSSL_SMALL_FOOTPRINT -DPEDANTIC -DMDE_CPU_X64   -c -o crypto/x509v3/v3_ocsp.o /builddir/build/BUILD/shim-16.1/Cryptlib/OpenSSL/crypto/x509v3/v3_ocsp.c
#13 167.3 gcc -std=gnu11 -ggdb -gdwarf-4 -gstrict-dwarf -ffreestanding -fmacro-prefix-map=/builddir/build/BUILD/shim-16.1/= -fno-stack-protector -fno-strict-aliasing -fpic -fshort-wchar -nostdinc -m64 -mno-mmx -mno-sse -mno-red-zone -maccumulate-outgoing-args -Os -Wall -Wextra -Wno-missing-field-initializers -Wno-empty-body -Wno-implicit-fallthrough -Wno-old-style-declaration -Wno-unused-but-set-variable -Wno-unused-parameter -Werror -Wno-error=unused-but-set-variable -Wno-error=unused-parameter -I/builddir/build/BUILD/shim-16.1/Cryptlib/OpenSSL -I/builddir/build/BUILD/shim-16.1/Cryptlib -I/builddir/build/BUILD/shim-16.1/Cryptlib/OpenSSL/Include/ -I/builddir/build/BUILD/shim-16.1/Cryptlib/OpenSSL/crypto -I/builddir/build/BUILD/shim-16.1/Cryptlib/Include -I/builddir/build/BUILD/shim-16.1/gnu-efi/inc -I/builddir/build/BUILD/shim-16.1/gnu-efi/inc/x86_64 -I/builddir/build/BUILD/shim-16.1/gnu-efi/inc/protocol -I/builddir/build/BUILD/shim-16.1/Cryptlib/OpenSSL/crypto/asn1 -I/builddir/build/BUILD/shim-16.1/Cryptlib/OpenSSL/crypto/evp -I/builddir/build/BUILD/shim-16.1/Cryptlib/OpenSSL/crypto/modes -I/builddir/build/BUILD/shim-16.1/Cryptlib/OpenSSL/crypto/include -isystem /builddir/build/BUILD/shim-16.1/include/system -isystem /usr/lib/gcc/x86_64-redhat-linux/11/include -DL_ENDIAN -D_CRT_SECURE_NO_DEPRECATE -D_CRT_NONSTDC_NO_DEPRECATE -DOPENSSL_SMALL_FOOTPRINT -DPEDANTIC -DMDE_CPU_X64   -c -o crypto/x509v3/v3_akeya.o /builddir/build/BUILD/shim-16.1/Cryptlib/OpenSSL/crypto/x509v3/v3_akeya.c
#13 167.7 gcc -std=gnu11 -ggdb -gdwarf-4 -gstrict-dwarf -ffreestanding -fmacro-prefix-map=/builddir/build/BUILD/shim-16.1/= -fno-stack-protector -fno-strict-aliasing -fpic -fshort-wchar -nostdinc -m64 -mno-mmx -mno-sse -mno-red-zone -maccumulate-outgoing-args -Os -Wall -Wextra -Wno-missing-field-initializers -Wno-empty-body -Wno-implicit-fallthrough -Wno-old-style-declaration -Wno-unused-but-set-variable -Wno-unused-parameter -Werror -Wno-error=unused-but-set-variable -Wno-error=unused-parameter -I/builddir/build/BUILD/shim-16.1/Cryptlib/OpenSSL -I/builddir/build/BUILD/shim-16.1/Cryptlib -I/builddir/build/BUILD/shim-16.1/Cryptlib/OpenSSL/Include/ -I/builddir/build/BUILD/shim-16.1/Cryptlib/OpenSSL/crypto -I/builddir/build/BUILD/shim-16.1/Cryptlib/Include -I/builddir/build/BUILD/shim-16.1/gnu-efi/inc -I/builddir/build/BUILD/shim-16.1/gnu-efi/inc/x86_64 -I/builddir/build/BUILD/shim-16.1/gnu-efi/inc/protocol -I/builddir/build/BUILD/shim-16.1/Cryptlib/OpenSSL/crypto/asn1 -I/builddir/build/BUILD/shim-16.1/Cryptlib/OpenSSL/crypto/evp -I/builddir/build/BUILD/shim-16.1/Cryptlib/OpenSSL/crypto/modes -I/builddir/build/BUILD/shim-16.1/Cryptlib/OpenSSL/crypto/include -isystem /builddir/build/BUILD/shim-16.1/include/system -isystem /usr/lib/gcc/x86_64-redhat-linux/11/include -DL_ENDIAN -D_CRT_SECURE_NO_DEPRECATE -D_CRT_NONSTDC_NO_DEPRECATE -DOPENSSL_SMALL_FOOTPRINT -DPEDANTIC -DMDE_CPU_X64   -c -o crypto/x509v3/v3_pmaps.o /builddir/build/BUILD/shim-16.1/Cryptlib/OpenSSL/crypto/x509v3/v3_pmaps.c
#13 168.1 gcc -std=gnu11 -ggdb -gdwarf-4 -gstrict-dwarf -ffreestanding -fmacro-prefix-map=/builddir/build/BUILD/shim-16.1/= -fno-stack-protector -fno-strict-aliasing -fpic -fshort-wchar -nostdinc -m64 -mno-mmx -mno-sse -mno-red-zone -maccumulate-outgoing-args -Os -Wall -Wextra -Wno-missing-field-initializers -Wno-empty-body -Wno-implicit-fallthrough -Wno-old-style-declaration -Wno-unused-but-set-variable -Wno-unused-parameter -Werror -Wno-error=unused-but-set-variable -Wno-error=unused-parameter -I/builddir/build/BUILD/shim-16.1/Cryptlib/OpenSSL -I/builddir/build/BUILD/shim-16.1/Cryptlib -I/builddir/build/BUILD/shim-16.1/Cryptlib/OpenSSL/Include/ -I/builddir/build/BUILD/shim-16.1/Cryptlib/OpenSSL/crypto -I/builddir/build/BUILD/shim-16.1/Cryptlib/Include -I/builddir/build/BUILD/shim-16.1/gnu-efi/inc -I/builddir/build/BUILD/shim-16.1/gnu-efi/inc/x86_64 -I/builddir/build/BUILD/shim-16.1/gnu-efi/inc/protocol -I/builddir/build/BUILD/shim-16.1/Cryptlib/OpenSSL/crypto/asn1 -I/builddir/build/BUILD/shim-16.1/Cryptlib/OpenSSL/crypto/evp -I/builddir/build/BUILD/shim-16.1/Cryptlib/OpenSSL/crypto/modes -I/builddir/build/BUILD/shim-16.1/Cryptlib/OpenSSL/crypto/include -isystem /builddir/build/BUILD/shim-16.1/include/system -isystem /usr/lib/gcc/x86_64-redhat-linux/11/include -DL_ENDIAN -D_CRT_SECURE_NO_DEPRECATE -D_CRT_NONSTDC_NO_DEPRECATE -DOPENSSL_SMALL_FOOTPRINT -DPEDANTIC -DMDE_CPU_X64   -c -o crypto/x509v3/v3_pcons.o /builddir/build/BUILD/shim-16.1/Cryptlib/OpenSSL/crypto/x509v3/v3_pcons.c
#13 168.6 gcc -std=gnu11 -ggdb -gdwarf-4 -gstrict-dwarf -ffreestanding -fmacro-prefix-map=/builddir/build/BUILD/shim-16.1/= -fno-stack-protector -fno-strict-aliasing -fpic -fshort-wchar -nostdinc -m64 -mno-mmx -mno-sse -mno-red-zone -maccumulate-outgoing-args -Os -Wall -Wextra -Wno-missing-field-initializers -Wno-empty-body -Wno-implicit-fallthrough -Wno-old-style-declaration -Wno-unused-but-set-variable -Wno-unused-parameter -Werror -Wno-error=unused-but-set-variable -Wno-error=unused-parameter -I/builddir/build/BUILD/shim-16.1/Cryptlib/OpenSSL -I/builddir/build/BUILD/shim-16.1/Cryptlib -I/builddir/build/BUILD/shim-16.1/Cryptlib/OpenSSL/Include/ -I/builddir/build/BUILD/shim-16.1/Cryptlib/OpenSSL/crypto -I/builddir/build/BUILD/shim-16.1/Cryptlib/Include -I/builddir/build/BUILD/shim-16.1/gnu-efi/inc -I/builddir/build/BUILD/shim-16.1/gnu-efi/inc/x86_64 -I/builddir/build/BUILD/shim-16.1/gnu-efi/inc/protocol -I/builddir/build/BUILD/shim-16.1/Cryptlib/OpenSSL/crypto/asn1 -I/builddir/build/BUILD/shim-16.1/Cryptlib/OpenSSL/crypto/evp -I/builddir/build/BUILD/shim-16.1/Cryptlib/OpenSSL/crypto/modes -I/builddir/build/BUILD/shim-16.1/Cryptlib/OpenSSL/crypto/include -isystem /builddir/build/BUILD/shim-16.1/include/system -isystem /usr/lib/gcc/x86_64-redhat-linux/11/include -DL_ENDIAN -D_CRT_SECURE_NO_DEPRECATE -D_CRT_NONSTDC_NO_DEPRECATE -DOPENSSL_SMALL_FOOTPRINT -DPEDANTIC -DMDE_CPU_X64   -c -o crypto/x509v3/v3_ncons.o /builddir/build/BUILD/shim-16.1/Cryptlib/OpenSSL/crypto/x509v3/v3_ncons.c
#13 169.1 gcc -std=gnu11 -ggdb -gdwarf-4 -gstrict-dwarf -ffreestanding -fmacro-prefix-map=/builddir/build/BUILD/shim-16.1/= -fno-stack-protector -fno-strict-aliasing -fpic -fshort-wchar -nostdinc -m64 -mno-mmx -mno-sse -mno-red-zone -maccumulate-outgoing-args -Os -Wall -Wextra -Wno-missing-field-initializers -Wno-empty-body -Wno-implicit-fallthrough -Wno-old-style-declaration -Wno-unused-but-set-variable -Wno-unused-parameter -Werror -Wno-error=unused-but-set-variable -Wno-error=unused-parameter -I/builddir/build/BUILD/shim-16.1/Cryptlib/OpenSSL -I/builddir/build/BUILD/shim-16.1/Cryptlib -I/builddir/build/BUILD/shim-16.1/Cryptlib/OpenSSL/Include/ -I/builddir/build/BUILD/shim-16.1/Cryptlib/OpenSSL/crypto -I/builddir/build/BUILD/shim-16.1/Cryptlib/Include -I/builddir/build/BUILD/shim-16.1/gnu-efi/inc -I/builddir/build/BUILD/shim-16.1/gnu-efi/inc/x86_64 -I/builddir/build/BUILD/shim-16.1/gnu-efi/inc/protocol -I/builddir/build/BUILD/shim-16.1/Cryptlib/OpenSSL/crypto/asn1 -I/builddir/build/BUILD/shim-16.1/Cryptlib/OpenSSL/crypto/evp -I/builddir/build/BUILD/shim-16.1/Cryptlib/OpenSSL/crypto/modes -I/builddir/build/BUILD/shim-16.1/Cryptlib/OpenSSL/crypto/include -isystem /builddir/build/BUILD/shim-16.1/include/system -isystem /usr/lib/gcc/x86_64-redhat-linux/11/include -DL_ENDIAN -D_CRT_SECURE_NO_DEPRECATE -D_CRT_NONSTDC_NO_DEPRECATE -DOPENSSL_SMALL_FOOTPRINT -DPEDANTIC -DMDE_CPU_X64   -c -o crypto/x509v3/v3_pcia.o /builddir/build/BUILD/shim-16.1/Cryptlib/OpenSSL/crypto/x509v3/v3_pcia.c
#13 169.4 gcc -std=gnu11 -ggdb -gdwarf-4 -gstrict-dwarf -ffreestanding -fmacro-prefix-map=/builddir/build/BUILD/shim-16.1/= -fno-stack-protector -fno-strict-aliasing -fpic -fshort-wchar -nostdinc -m64 -mno-mmx -mno-sse -mno-red-zone -maccumulate-outgoing-args -Os -Wall -Wextra -Wno-missing-field-initializers -Wno-empty-body -Wno-implicit-fallthrough -Wno-old-style-declaration -Wno-unused-but-set-variable -Wno-unused-parameter -Werror -Wno-error=unused-but-set-variable -Wno-error=unused-parameter -I/builddir/build/BUILD/shim-16.1/Cryptlib/OpenSSL -I/builddir/build/BUILD/shim-16.1/Cryptlib -I/builddir/build/BUILD/shim-16.1/Cryptlib/OpenSSL/Include/ -I/builddir/build/BUILD/shim-16.1/Cryptlib/OpenSSL/crypto -I/builddir/build/BUILD/shim-16.1/Cryptlib/Include -I/builddir/build/BUILD/shim-16.1/gnu-efi/inc -I/builddir/build/BUILD/shim-16.1/gnu-efi/inc/x86_64 -I/builddir/build/BUILD/shim-16.1/gnu-efi/inc/protocol -I/builddir/build/BUILD/shim-16.1/Cryptlib/OpenSSL/crypto/asn1 -I/builddir/build/BUILD/shim-16.1/Cryptlib/OpenSSL/crypto/evp -I/builddir/build/BUILD/shim-16.1/Cryptlib/OpenSSL/crypto/modes -I/builddir/build/BUILD/shim-16.1/Cryptlib/OpenSSL/crypto/include -isystem /builddir/build/BUILD/shim-16.1/include/system -isystem /usr/lib/gcc/x86_64-redhat-linux/11/include -DL_ENDIAN -D_CRT_SECURE_NO_DEPRECATE -D_CRT_NONSTDC_NO_DEPRECATE -DOPENSSL_SMALL_FOOTPRINT -DPEDANTIC -DMDE_CPU_X64   -c -o crypto/x509v3/v3_pci.o /builddir/build/BUILD/shim-16.1/Cryptlib/OpenSSL/crypto/x509v3/v3_pci.c
#13 169.9 gcc -std=gnu11 -ggdb -gdwarf-4 -gstrict-dwarf -ffreestanding -fmacro-prefix-map=/builddir/build/BUILD/shim-16.1/= -fno-stack-protector -fno-strict-aliasing -fpic -fshort-wchar -nostdinc -m64 -mno-mmx -mno-sse -mno-red-zone -maccumulate-outgoing-args -Os -Wall -Wextra -Wno-missing-field-initializers -Wno-empty-body -Wno-implicit-fallthrough -Wno-old-style-declaration -Wno-unused-but-set-variable -Wno-unused-parameter -Werror -Wno-error=unused-but-set-variable -Wno-error=unused-parameter -I/builddir/build/BUILD/shim-16.1/Cryptlib/OpenSSL -I/builddir/build/BUILD/shim-16.1/Cryptlib -I/builddir/build/BUILD/shim-16.1/Cryptlib/OpenSSL/Include/ -I/builddir/build/BUILD/shim-16.1/Cryptlib/OpenSSL/crypto -I/builddir/build/BUILD/shim-16.1/Cryptlib/Include -I/builddir/build/BUILD/shim-16.1/gnu-efi/inc -I/builddir/build/BUILD/shim-16.1/gnu-efi/inc/x86_64 -I/builddir/build/BUILD/shim-16.1/gnu-efi/inc/protocol -I/builddir/build/BUILD/shim-16.1/Cryptlib/OpenSSL/crypto/asn1 -I/builddir/build/BUILD/shim-16.1/Cryptlib/OpenSSL/crypto/evp -I/builddir/build/BUILD/shim-16.1/Cryptlib/OpenSSL/crypto/modes -I/builddir/build/BUILD/shim-16.1/Cryptlib/OpenSSL/crypto/include -isystem /builddir/build/BUILD/shim-16.1/include/system -isystem /usr/lib/gcc/x86_64-redhat-linux/11/include -DL_ENDIAN -D_CRT_SECURE_NO_DEPRECATE -D_CRT_NONSTDC_NO_DEPRECATE -DOPENSSL_SMALL_FOOTPRINT -DPEDANTIC -DMDE_CPU_X64   -c -o crypto/x509v3/pcy_cache.o /builddir/build/BUILD/shim-16.1/Cryptlib/OpenSSL/crypto/x509v3/pcy_cache.c
#13 170.4 gcc -std=gnu11 -ggdb -gdwarf-4 -gstrict-dwarf -ffreestanding -fmacro-prefix-map=/builddir/build/BUILD/shim-16.1/= -fno-stack-protector -fno-strict-aliasing -fpic -fshort-wchar -nostdinc -m64 -mno-mmx -mno-sse -mno-red-zone -maccumulate-outgoing-args -Os -Wall -Wextra -Wno-missing-field-initializers -Wno-empty-body -Wno-implicit-fallthrough -Wno-old-style-declaration -Wno-unused-but-set-variable -Wno-unused-parameter -Werror -Wno-error=unused-but-set-variable -Wno-error=unused-parameter -I/builddir/build/BUILD/shim-16.1/Cryptlib/OpenSSL -I/builddir/build/BUILD/shim-16.1/Cryptlib -I/builddir/build/BUILD/shim-16.1/Cryptlib/OpenSSL/Include/ -I/builddir/build/BUILD/shim-16.1/Cryptlib/OpenSSL/crypto -I/builddir/build/BUILD/shim-16.1/Cryptlib/Include -I/builddir/build/BUILD/shim-16.1/gnu-efi/inc -I/builddir/build/BUILD/shim-16.1/gnu-efi/inc/x86_64 -I/builddir/build/BUILD/shim-16.1/gnu-efi/inc/protocol -I/builddir/build/BUILD/shim-16.1/Cryptlib/OpenSSL/crypto/asn1 -I/builddir/build/BUILD/shim-16.1/Cryptlib/OpenSSL/crypto/evp -I/builddir/build/BUILD/shim-16.1/Cryptlib/OpenSSL/crypto/modes -I/builddir/build/BUILD/shim-16.1/Cryptlib/OpenSSL/crypto/include -isystem /builddir/build/BUILD/shim-16.1/include/system -isystem /usr/lib/gcc/x86_64-redhat-linux/11/include -DL_ENDIAN -D_CRT_SECURE_NO_DEPRECATE -D_CRT_NONSTDC_NO_DEPRECATE -DOPENSSL_SMALL_FOOTPRINT -DPEDANTIC -DMDE_CPU_X64   -c -o crypto/x509v3/pcy_node.o /builddir/build/BUILD/shim-16.1/Cryptlib/OpenSSL/crypto/x509v3/pcy_node.c
#13 170.9 gcc -std=gnu11 -ggdb -gdwarf-4 -gstrict-dwarf -ffreestanding -fmacro-prefix-map=/builddir/build/BUILD/shim-16.1/= -fno-stack-protector -fno-strict-aliasing -fpic -fshort-wchar -nostdinc -m64 -mno-mmx -mno-sse -mno-red-zone -maccumulate-outgoing-args -Os -Wall -Wextra -Wno-missing-field-initializers -Wno-empty-body -Wno-implicit-fallthrough -Wno-old-style-declaration -Wno-unused-but-set-variable -Wno-unused-parameter -Werror -Wno-error=unused-but-set-variable -Wno-error=unused-parameter -I/builddir/build/BUILD/shim-16.1/Cryptlib/OpenSSL -I/builddir/build/BUILD/shim-16.1/Cryptlib -I/builddir/build/BUILD/shim-16.1/Cryptlib/OpenSSL/Include/ -I/builddir/build/BUILD/shim-16.1/Cryptlib/OpenSSL/crypto -I/builddir/build/BUILD/shim-16.1/Cryptlib/Include -I/builddir/build/BUILD/shim-16.1/gnu-efi/inc -I/builddir/build/BUILD/shim-16.1/gnu-efi/inc/x86_64 -I/builddir/build/BUILD/shim-16.1/gnu-efi/inc/protocol -I/builddir/build/BUILD/shim-16.1/Cryptlib/OpenSSL/crypto/asn1 -I/builddir/build/BUILD/shim-16.1/Cryptlib/OpenSSL/crypto/evp -I/builddir/build/BUILD/shim-16.1/Cryptlib/OpenSSL/crypto/modes -I/builddir/build/BUILD/shim-16.1/Cryptlib/OpenSSL/crypto/include -isystem /builddir/build/BUILD/shim-16.1/include/system -isystem /usr/lib/gcc/x86_64-redhat-linux/11/include -DL_ENDIAN -D_CRT_SECURE_NO_DEPRECATE -D_CRT_NONSTDC_NO_DEPRECATE -DOPENSSL_SMALL_FOOTPRINT -DPEDANTIC -DMDE_CPU_X64   -c -o crypto/x509v3/pcy_data.o /builddir/build/BUILD/shim-16.1/Cryptlib/OpenSSL/crypto/x509v3/pcy_data.c
#13 171.3 gcc -std=gnu11 -ggdb -gdwarf-4 -gstrict-dwarf -ffreestanding -fmacro-prefix-map=/builddir/build/BUILD/shim-16.1/= -fno-stack-protector -fno-strict-aliasing -fpic -fshort-wchar -nostdinc -m64 -mno-mmx -mno-sse -mno-red-zone -maccumulate-outgoing-args -Os -Wall -Wextra -Wno-missing-field-initializers -Wno-empty-body -Wno-implicit-fallthrough -Wno-old-style-declaration -Wno-unused-but-set-variable -Wno-unused-parameter -Werror -Wno-error=unused-but-set-variable -Wno-error=unused-parameter -I/builddir/build/BUILD/shim-16.1/Cryptlib/OpenSSL -I/builddir/build/BUILD/shim-16.1/Cryptlib -I/builddir/build/BUILD/shim-16.1/Cryptlib/OpenSSL/Include/ -I/builddir/build/BUILD/shim-16.1/Cryptlib/OpenSSL/crypto -I/builddir/build/BUILD/shim-16.1/Cryptlib/Include -I/builddir/build/BUILD/shim-16.1/gnu-efi/inc -I/builddir/build/BUILD/shim-16.1/gnu-efi/inc/x86_64 -I/builddir/build/BUILD/shim-16.1/gnu-efi/inc/protocol -I/builddir/build/BUILD/shim-16.1/Cryptlib/OpenSSL/crypto/asn1 -I/builddir/build/BUILD/shim-16.1/Cryptlib/OpenSSL/crypto/evp -I/builddir/build/BUILD/shim-16.1/Cryptlib/OpenSSL/crypto/modes -I/builddir/build/BUILD/shim-16.1/Cryptlib/OpenSSL/crypto/include -isystem /builddir/build/BUILD/shim-16.1/include/system -isystem /usr/lib/gcc/x86_64-redhat-linux/11/include -DL_ENDIAN -D_CRT_SECURE_NO_DEPRECATE -D_CRT_NONSTDC_NO_DEPRECATE -DOPENSSL_SMALL_FOOTPRINT -DPEDANTIC -DMDE_CPU_X64   -c -o crypto/x509v3/pcy_map.o /builddir/build/BUILD/shim-16.1/Cryptlib/OpenSSL/crypto/x509v3/pcy_map.c
#13 171.7 gcc -std=gnu11 -ggdb -gdwarf-4 -gstrict-dwarf -ffreestanding -fmacro-prefix-map=/builddir/build/BUILD/shim-16.1/= -fno-stack-protector -fno-strict-aliasing -fpic -fshort-wchar -nostdinc -m64 -mno-mmx -mno-sse -mno-red-zone -maccumulate-outgoing-args -Os -Wall -Wextra -Wno-missing-field-initializers -Wno-empty-body -Wno-implicit-fallthrough -Wno-old-style-declaration -Wno-unused-but-set-variable -Wno-unused-parameter -Werror -Wno-error=unused-but-set-variable -Wno-error=unused-parameter -I/builddir/build/BUILD/shim-16.1/Cryptlib/OpenSSL -I/builddir/build/BUILD/shim-16.1/Cryptlib -I/builddir/build/BUILD/shim-16.1/Cryptlib/OpenSSL/Include/ -I/builddir/build/BUILD/shim-16.1/Cryptlib/OpenSSL/crypto -I/builddir/build/BUILD/shim-16.1/Cryptlib/Include -I/builddir/build/BUILD/shim-16.1/gnu-efi/inc -I/builddir/build/BUILD/shim-16.1/gnu-efi/inc/x86_64 -I/builddir/build/BUILD/shim-16.1/gnu-efi/inc/protocol -I/builddir/build/BUILD/shim-16.1/Cryptlib/OpenSSL/crypto/asn1 -I/builddir/build/BUILD/shim-16.1/Cryptlib/OpenSSL/crypto/evp -I/builddir/build/BUILD/shim-16.1/Cryptlib/OpenSSL/crypto/modes -I/builddir/build/BUILD/shim-16.1/Cryptlib/OpenSSL/crypto/include -isystem /builddir/build/BUILD/shim-16.1/include/system -isystem /usr/lib/gcc/x86_64-redhat-linux/11/include -DL_ENDIAN -D_CRT_SECURE_NO_DEPRECATE -D_CRT_NONSTDC_NO_DEPRECATE -DOPENSSL_SMALL_FOOTPRINT -DPEDANTIC -DMDE_CPU_X64   -c -o crypto/x509v3/pcy_tree.o /builddir/build/BUILD/shim-16.1/Cryptlib/OpenSSL/crypto/x509v3/pcy_tree.c
#13 172.3 gcc -std=gnu11 -ggdb -gdwarf-4 -gstrict-dwarf -ffreestanding -fmacro-prefix-map=/builddir/build/BUILD/shim-16.1/= -fno-stack-protector -fno-strict-aliasing -fpic -fshort-wchar -nostdinc -m64 -mno-mmx -mno-sse -mno-red-zone -maccumulate-outgoing-args -Os -Wall -Wextra -Wno-missing-field-initializers -Wno-empty-body -Wno-implicit-fallthrough -Wno-old-style-declaration -Wno-unused-but-set-variable -Wno-unused-parameter -Werror -Wno-error=unused-but-set-variable -Wno-error=unused-parameter -I/builddir/build/BUILD/shim-16.1/Cryptlib/OpenSSL -I/builddir/build/BUILD/shim-16.1/Cryptlib -I/builddir/build/BUILD/shim-16.1/Cryptlib/OpenSSL/Include/ -I/builddir/build/BUILD/shim-16.1/Cryptlib/OpenSSL/crypto -I/builddir/build/BUILD/shim-16.1/Cryptlib/Include -I/builddir/build/BUILD/shim-16.1/gnu-efi/inc -I/builddir/build/BUILD/shim-16.1/gnu-efi/inc/x86_64 -I/builddir/build/BUILD/shim-16.1/gnu-efi/inc/protocol -I/builddir/build/BUILD/shim-16.1/Cryptlib/OpenSSL/crypto/asn1 -I/builddir/build/BUILD/shim-16.1/Cryptlib/OpenSSL/crypto/evp -I/builddir/build/BUILD/shim-16.1/Cryptlib/OpenSSL/crypto/modes -I/builddir/build/BUILD/shim-16.1/Cryptlib/OpenSSL/crypto/include -isystem /builddir/build/BUILD/shim-16.1/include/system -isystem /usr/lib/gcc/x86_64-redhat-linux/11/include -DL_ENDIAN -D_CRT_SECURE_NO_DEPRECATE -D_CRT_NONSTDC_NO_DEPRECATE -DOPENSSL_SMALL_FOOTPRINT -DPEDANTIC -DMDE_CPU_X64   -c -o crypto/x509v3/pcy_lib.o /builddir/build/BUILD/shim-16.1/Cryptlib/OpenSSL/crypto/x509v3/pcy_lib.c
#13 172.7 gcc -std=gnu11 -ggdb -gdwarf-4 -gstrict-dwarf -ffreestanding -fmacro-prefix-map=/builddir/build/BUILD/shim-16.1/= -fno-stack-protector -fno-strict-aliasing -fpic -fshort-wchar -nostdinc -m64 -mno-mmx -mno-sse -mno-red-zone -maccumulate-outgoing-args -Os -Wall -Wextra -Wno-missing-field-initializers -Wno-empty-body -Wno-implicit-fallthrough -Wno-old-style-declaration -Wno-unused-but-set-variable -Wno-unused-parameter -Werror -Wno-error=unused-but-set-variable -Wno-error=unused-parameter -I/builddir/build/BUILD/shim-16.1/Cryptlib/OpenSSL -I/builddir/build/BUILD/shim-16.1/Cryptlib -I/builddir/build/BUILD/shim-16.1/Cryptlib/OpenSSL/Include/ -I/builddir/build/BUILD/shim-16.1/Cryptlib/OpenSSL/crypto -I/builddir/build/BUILD/shim-16.1/Cryptlib/Include -I/builddir/build/BUILD/shim-16.1/gnu-efi/inc -I/builddir/build/BUILD/shim-16.1/gnu-efi/inc/x86_64 -I/builddir/build/BUILD/shim-16.1/gnu-efi/inc/protocol -I/builddir/build/BUILD/shim-16.1/Cryptlib/OpenSSL/crypto/asn1 -I/builddir/build/BUILD/shim-16.1/Cryptlib/OpenSSL/crypto/evp -I/builddir/build/BUILD/shim-16.1/Cryptlib/OpenSSL/crypto/modes -I/builddir/build/BUILD/shim-16.1/Cryptlib/OpenSSL/crypto/include -isystem /builddir/build/BUILD/shim-16.1/include/system -isystem /usr/lib/gcc/x86_64-redhat-linux/11/include -DL_ENDIAN -D_CRT_SECURE_NO_DEPRECATE -D_CRT_NONSTDC_NO_DEPRECATE -DOPENSSL_SMALL_FOOTPRINT -DPEDANTIC -DMDE_CPU_X64   -c -o crypto/x509v3/v3_asid.o /builddir/build/BUILD/shim-16.1/Cryptlib/OpenSSL/crypto/x509v3/v3_asid.c
#13 172.9 gcc -std=gnu11 -ggdb -gdwarf-4 -gstrict-dwarf -ffreestanding -fmacro-prefix-map=/builddir/build/BUILD/shim-16.1/= -fno-stack-protector -fno-strict-aliasing -fpic -fshort-wchar -nostdinc -m64 -mno-mmx -mno-sse -mno-red-zone -maccumulate-outgoing-args -Os -Wall -Wextra -Wno-missing-field-initializers -Wno-empty-body -Wno-implicit-fallthrough -Wno-old-style-declaration -Wno-unused-but-set-variable -Wno-unused-parameter -Werror -Wno-error=unused-but-set-variable -Wno-error=unused-parameter -I/builddir/build/BUILD/shim-16.1/Cryptlib/OpenSSL -I/builddir/build/BUILD/shim-16.1/Cryptlib -I/builddir/build/BUILD/shim-16.1/Cryptlib/OpenSSL/Include/ -I/builddir/build/BUILD/shim-16.1/Cryptlib/OpenSSL/crypto -I/builddir/build/BUILD/shim-16.1/Cryptlib/Include -I/builddir/build/BUILD/shim-16.1/gnu-efi/inc -I/builddir/build/BUILD/shim-16.1/gnu-efi/inc/x86_64 -I/builddir/build/BUILD/shim-16.1/gnu-efi/inc/protocol -I/builddir/build/BUILD/shim-16.1/Cryptlib/OpenSSL/crypto/asn1 -I/builddir/build/BUILD/shim-16.1/Cryptlib/OpenSSL/crypto/evp -I/builddir/build/BUILD/shim-16.1/Cryptlib/OpenSSL/crypto/modes -I/builddir/build/BUILD/shim-16.1/Cryptlib/OpenSSL/crypto/include -isystem /builddir/build/BUILD/shim-16.1/include/system -isystem /usr/lib/gcc/x86_64-redhat-linux/11/include -DL_ENDIAN -D_CRT_SECURE_NO_DEPRECATE -D_CRT_NONSTDC_NO_DEPRECATE -DOPENSSL_SMALL_FOOTPRINT -DPEDANTIC -DMDE_CPU_X64   -c -o crypto/x509v3/v3_addr.o /builddir/build/BUILD/shim-16.1/Cryptlib/OpenSSL/crypto/x509v3/v3_addr.c
#13 173.1 gcc -std=gnu11 -ggdb -gdwarf-4 -gstrict-dwarf -ffreestanding -fmacro-prefix-map=/builddir/build/BUILD/shim-16.1/= -fno-stack-protector -fno-strict-aliasing -fpic -fshort-wchar -nostdinc -m64 -mno-mmx -mno-sse -mno-red-zone -maccumulate-outgoing-args -Os -Wall -Wextra -Wno-missing-field-initializers -Wno-empty-body -Wno-implicit-fallthrough -Wno-old-style-declaration -Wno-unused-but-set-variable -Wno-unused-parameter -Werror -Wno-error=unused-but-set-variable -Wno-error=unused-parameter -I/builddir/build/BUILD/shim-16.1/Cryptlib/OpenSSL -I/builddir/build/BUILD/shim-16.1/Cryptlib -I/builddir/build/BUILD/shim-16.1/Cryptlib/OpenSSL/Include/ -I/builddir/build/BUILD/shim-16.1/Cryptlib/OpenSSL/crypto -I/builddir/build/BUILD/shim-16.1/Cryptlib/Include -I/builddir/build/BUILD/shim-16.1/gnu-efi/inc -I/builddir/build/BUILD/shim-16.1/gnu-efi/inc/x86_64 -I/builddir/build/BUILD/shim-16.1/gnu-efi/inc/protocol -I/builddir/build/BUILD/shim-16.1/Cryptlib/OpenSSL/crypto/asn1 -I/builddir/build/BUILD/shim-16.1/Cryptlib/OpenSSL/crypto/evp -I/builddir/build/BUILD/shim-16.1/Cryptlib/OpenSSL/crypto/modes -I/builddir/build/BUILD/shim-16.1/Cryptlib/OpenSSL/crypto/include -isystem /builddir/build/BUILD/shim-16.1/include/system -isystem /usr/lib/gcc/x86_64-redhat-linux/11/include -DL_ENDIAN -D_CRT_SECURE_NO_DEPRECATE -D_CRT_NONSTDC_NO_DEPRECATE -DOPENSSL_SMALL_FOOTPRINT -DPEDANTIC -DMDE_CPU_X64   -c -o crypto/conf/conf_err.o /builddir/build/BUILD/shim-16.1/Cryptlib/OpenSSL/crypto/conf/conf_err.c
#13 173.4 gcc -std=gnu11 -ggdb -gdwarf-4 -gstrict-dwarf -ffreestanding -fmacro-prefix-map=/builddir/build/BUILD/shim-16.1/= -fno-stack-protector -fno-strict-aliasing -fpic -fshort-wchar -nostdinc -m64 -mno-mmx -mno-sse -mno-red-zone -maccumulate-outgoing-args -Os -Wall -Wextra -Wno-missing-field-initializers -Wno-empty-body -Wno-implicit-fallthrough -Wno-old-style-declaration -Wno-unused-but-set-variable -Wno-unused-parameter -Werror -Wno-error=unused-but-set-variable -Wno-error=unused-parameter -I/builddir/build/BUILD/shim-16.1/Cryptlib/OpenSSL -I/builddir/build/BUILD/shim-16.1/Cryptlib -I/builddir/build/BUILD/shim-16.1/Cryptlib/OpenSSL/Include/ -I/builddir/build/BUILD/shim-16.1/Cryptlib/OpenSSL/crypto -I/builddir/build/BUILD/shim-16.1/Cryptlib/Include -I/builddir/build/BUILD/shim-16.1/gnu-efi/inc -I/builddir/build/BUILD/shim-16.1/gnu-efi/inc/x86_64 -I/builddir/build/BUILD/shim-16.1/gnu-efi/inc/protocol -I/builddir/build/BUILD/shim-16.1/Cryptlib/OpenSSL/crypto/asn1 -I/builddir/build/BUILD/shim-16.1/Cryptlib/OpenSSL/crypto/evp -I/builddir/build/BUILD/shim-16.1/Cryptlib/OpenSSL/crypto/modes -I/builddir/build/BUILD/shim-16.1/Cryptlib/OpenSSL/crypto/include -isystem /builddir/build/BUILD/shim-16.1/include/system -isystem /usr/lib/gcc/x86_64-redhat-linux/11/include -DL_ENDIAN -D_CRT_SECURE_NO_DEPRECATE -D_CRT_NONSTDC_NO_DEPRECATE -DOPENSSL_SMALL_FOOTPRINT -DPEDANTIC -DMDE_CPU_X64   -c -o crypto/conf/conf_lib.o /builddir/build/BUILD/shim-16.1/Cryptlib/OpenSSL/crypto/conf/conf_lib.c
#13 173.8 gcc -std=gnu11 -ggdb -gdwarf-4 -gstrict-dwarf -ffreestanding -fmacro-prefix-map=/builddir/build/BUILD/shim-16.1/= -fno-stack-protector -fno-strict-aliasing -fpic -fshort-wchar -nostdinc -m64 -mno-mmx -mno-sse -mno-red-zone -maccumulate-outgoing-args -Os -Wall -Wextra -Wno-missing-field-initializers -Wno-empty-body -Wno-implicit-fallthrough -Wno-old-style-declaration -Wno-unused-but-set-variable -Wno-unused-parameter -Werror -Wno-error=unused-but-set-variable -Wno-error=unused-parameter -I/builddir/build/BUILD/shim-16.1/Cryptlib/OpenSSL -I/builddir/build/BUILD/shim-16.1/Cryptlib -I/builddir/build/BUILD/shim-16.1/Cryptlib/OpenSSL/Include/ -I/builddir/build/BUILD/shim-16.1/Cryptlib/OpenSSL/crypto -I/builddir/build/BUILD/shim-16.1/Cryptlib/Include -I/builddir/build/BUILD/shim-16.1/gnu-efi/inc -I/builddir/build/BUILD/shim-16.1/gnu-efi/inc/x86_64 -I/builddir/build/BUILD/shim-16.1/gnu-efi/inc/protocol -I/builddir/build/BUILD/shim-16.1/Cryptlib/OpenSSL/crypto/asn1 -I/builddir/build/BUILD/shim-16.1/Cryptlib/OpenSSL/crypto/evp -I/builddir/build/BUILD/shim-16.1/Cryptlib/OpenSSL/crypto/modes -I/builddir/build/BUILD/shim-16.1/Cryptlib/OpenSSL/crypto/include -isystem /builddir/build/BUILD/shim-16.1/include/system -isystem /usr/lib/gcc/x86_64-redhat-linux/11/include -DL_ENDIAN -D_CRT_SECURE_NO_DEPRECATE -D_CRT_NONSTDC_NO_DEPRECATE -DOPENSSL_SMALL_FOOTPRINT -DPEDANTIC -DMDE_CPU_X64   -c -o crypto/conf/conf_api.o /builddir/build/BUILD/shim-16.1/Cryptlib/OpenSSL/crypto/conf/conf_api.c
#13 174.3 gcc -std=gnu11 -ggdb -gdwarf-4 -gstrict-dwarf -ffreestanding -fmacro-prefix-map=/builddir/build/BUILD/shim-16.1/= -fno-stack-protector -fno-strict-aliasing -fpic -fshort-wchar -nostdinc -m64 -mno-mmx -mno-sse -mno-red-zone -maccumulate-outgoing-args -Os -Wall -Wextra -Wno-missing-field-initializers -Wno-empty-body -Wno-implicit-fallthrough -Wno-old-style-declaration -Wno-unused-but-set-variable -Wno-unused-parameter -Werror -Wno-error=unused-but-set-variable -Wno-error=unused-parameter -I/builddir/build/BUILD/shim-16.1/Cryptlib/OpenSSL -I/builddir/build/BUILD/shim-16.1/Cryptlib -I/builddir/build/BUILD/shim-16.1/Cryptlib/OpenSSL/Include/ -I/builddir/build/BUILD/shim-16.1/Cryptlib/OpenSSL/crypto -I/builddir/build/BUILD/shim-16.1/Cryptlib/Include -I/builddir/build/BUILD/shim-16.1/gnu-efi/inc -I/builddir/build/BUILD/shim-16.1/gnu-efi/inc/x86_64 -I/builddir/build/BUILD/shim-16.1/gnu-efi/inc/protocol -I/builddir/build/BUILD/shim-16.1/Cryptlib/OpenSSL/crypto/asn1 -I/builddir/build/BUILD/shim-16.1/Cryptlib/OpenSSL/crypto/evp -I/builddir/build/BUILD/shim-16.1/Cryptlib/OpenSSL/crypto/modes -I/builddir/build/BUILD/shim-16.1/Cryptlib/OpenSSL/crypto/include -isystem /builddir/build/BUILD/shim-16.1/include/system -isystem /usr/lib/gcc/x86_64-redhat-linux/11/include -DL_ENDIAN -D_CRT_SECURE_NO_DEPRECATE -D_CRT_NONSTDC_NO_DEPRECATE -DOPENSSL_SMALL_FOOTPRINT -DPEDANTIC -DMDE_CPU_X64   -c -o crypto/conf/conf_def.o /builddir/build/BUILD/shim-16.1/Cryptlib/OpenSSL/crypto/conf/conf_def.c
#13 174.9 gcc -std=gnu11 -ggdb -gdwarf-4 -gstrict-dwarf -ffreestanding -fmacro-prefix-map=/builddir/build/BUILD/shim-16.1/= -fno-stack-protector -fno-strict-aliasing -fpic -fshort-wchar -nostdinc -m64 -mno-mmx -mno-sse -mno-red-zone -maccumulate-outgoing-args -Os -Wall -Wextra -Wno-missing-field-initializers -Wno-empty-body -Wno-implicit-fallthrough -Wno-old-style-declaration -Wno-unused-but-set-variable -Wno-unused-parameter -Werror -Wno-error=unused-but-set-variable -Wno-error=unused-parameter -I/builddir/build/BUILD/shim-16.1/Cryptlib/OpenSSL -I/builddir/build/BUILD/shim-16.1/Cryptlib -I/builddir/build/BUILD/shim-16.1/Cryptlib/OpenSSL/Include/ -I/builddir/build/BUILD/shim-16.1/Cryptlib/OpenSSL/crypto -I/builddir/build/BUILD/shim-16.1/Cryptlib/Include -I/builddir/build/BUILD/shim-16.1/gnu-efi/inc -I/builddir/build/BUILD/shim-16.1/gnu-efi/inc/x86_64 -I/builddir/build/BUILD/shim-16.1/gnu-efi/inc/protocol -I/builddir/build/BUILD/shim-16.1/Cryptlib/OpenSSL/crypto/asn1 -I/builddir/build/BUILD/shim-16.1/Cryptlib/OpenSSL/crypto/evp -I/builddir/build/BUILD/shim-16.1/Cryptlib/OpenSSL/crypto/modes -I/builddir/build/BUILD/shim-16.1/Cryptlib/OpenSSL/crypto/include -isystem /builddir/build/BUILD/shim-16.1/include/system -isystem /usr/lib/gcc/x86_64-redhat-linux/11/include -DL_ENDIAN -D_CRT_SECURE_NO_DEPRECATE -D_CRT_NONSTDC_NO_DEPRECATE -DOPENSSL_SMALL_FOOTPRINT -DPEDANTIC -DMDE_CPU_X64   -c -o crypto/conf/conf_mod.o /builddir/build/BUILD/shim-16.1/Cryptlib/OpenSSL/crypto/conf/conf_mod.c
#13 175.4 gcc -std=gnu11 -ggdb -gdwarf-4 -gstrict-dwarf -ffreestanding -fmacro-prefix-map=/builddir/build/BUILD/shim-16.1/= -fno-stack-protector -fno-strict-aliasing -fpic -fshort-wchar -nostdinc -m64 -mno-mmx -mno-sse -mno-red-zone -maccumulate-outgoing-args -Os -Wall -Wextra -Wno-missing-field-initializers -Wno-empty-body -Wno-implicit-fallthrough -Wno-old-style-declaration -Wno-unused-but-set-variable -Wno-unused-parameter -Werror -Wno-error=unused-but-set-variable -Wno-error=unused-parameter -I/builddir/build/BUILD/shim-16.1/Cryptlib/OpenSSL -I/builddir/build/BUILD/shim-16.1/Cryptlib -I/builddir/build/BUILD/shim-16.1/Cryptlib/OpenSSL/Include/ -I/builddir/build/BUILD/shim-16.1/Cryptlib/OpenSSL/crypto -I/builddir/build/BUILD/shim-16.1/Cryptlib/Include -I/builddir/build/BUILD/shim-16.1/gnu-efi/inc -I/builddir/build/BUILD/shim-16.1/gnu-efi/inc/x86_64 -I/builddir/build/BUILD/shim-16.1/gnu-efi/inc/protocol -I/builddir/build/BUILD/shim-16.1/Cryptlib/OpenSSL/crypto/asn1 -I/builddir/build/BUILD/shim-16.1/Cryptlib/OpenSSL/crypto/evp -I/builddir/build/BUILD/shim-16.1/Cryptlib/OpenSSL/crypto/modes -I/builddir/build/BUILD/shim-16.1/Cryptlib/OpenSSL/crypto/include -isystem /builddir/build/BUILD/shim-16.1/include/system -isystem /usr/lib/gcc/x86_64-redhat-linux/11/include -DL_ENDIAN -D_CRT_SECURE_NO_DEPRECATE -D_CRT_NONSTDC_NO_DEPRECATE -DOPENSSL_SMALL_FOOTPRINT -DPEDANTIC -DMDE_CPU_X64   -c -o crypto/conf/conf_mall.o /builddir/build/BUILD/shim-16.1/Cryptlib/OpenSSL/crypto/conf/conf_mall.c
#13 175.7 gcc -std=gnu11 -ggdb -gdwarf-4 -gstrict-dwarf -ffreestanding -fmacro-prefix-map=/builddir/build/BUILD/shim-16.1/= -fno-stack-protector -fno-strict-aliasing -fpic -fshort-wchar -nostdinc -m64 -mno-mmx -mno-sse -mno-red-zone -maccumulate-outgoing-args -Os -Wall -Wextra -Wno-missing-field-initializers -Wno-empty-body -Wno-implicit-fallthrough -Wno-old-style-declaration -Wno-unused-but-set-variable -Wno-unused-parameter -Werror -Wno-error=unused-but-set-variable -Wno-error=unused-parameter -I/builddir/build/BUILD/shim-16.1/Cryptlib/OpenSSL -I/builddir/build/BUILD/shim-16.1/Cryptlib -I/builddir/build/BUILD/shim-16.1/Cryptlib/OpenSSL/Include/ -I/builddir/build/BUILD/shim-16.1/Cryptlib/OpenSSL/crypto -I/builddir/build/BUILD/shim-16.1/Cryptlib/Include -I/builddir/build/BUILD/shim-16.1/gnu-efi/inc -I/builddir/build/BUILD/shim-16.1/gnu-efi/inc/x86_64 -I/builddir/build/BUILD/shim-16.1/gnu-efi/inc/protocol -I/builddir/build/BUILD/shim-16.1/Cryptlib/OpenSSL/crypto/asn1 -I/builddir/build/BUILD/shim-16.1/Cryptlib/OpenSSL/crypto/evp -I/builddir/build/BUILD/shim-16.1/Cryptlib/OpenSSL/crypto/modes -I/builddir/build/BUILD/shim-16.1/Cryptlib/OpenSSL/crypto/include -isystem /builddir/build/BUILD/shim-16.1/include/system -isystem /usr/lib/gcc/x86_64-redhat-linux/11/include -DL_ENDIAN -D_CRT_SECURE_NO_DEPRECATE -D_CRT_NONSTDC_NO_DEPRECATE -DOPENSSL_SMALL_FOOTPRINT -DPEDANTIC -DMDE_CPU_X64   -c -o crypto/conf/conf_sap.o /builddir/build/BUILD/shim-16.1/Cryptlib/OpenSSL/crypto/conf/conf_sap.c
#13 176.1 gcc -std=gnu11 -ggdb -gdwarf-4 -gstrict-dwarf -ffreestanding -fmacro-prefix-map=/builddir/build/BUILD/shim-16.1/= -fno-stack-protector -fno-strict-aliasing -fpic -fshort-wchar -nostdinc -m64 -mno-mmx -mno-sse -mno-red-zone -maccumulate-outgoing-args -Os -Wall -Wextra -Wno-missing-field-initializers -Wno-empty-body -Wno-implicit-fallthrough -Wno-old-style-declaration -Wno-unused-but-set-variable -Wno-unused-parameter -Werror -Wno-error=unused-but-set-variable -Wno-error=unused-parameter -I/builddir/build/BUILD/shim-16.1/Cryptlib/OpenSSL -I/builddir/build/BUILD/shim-16.1/Cryptlib -I/builddir/build/BUILD/shim-16.1/Cryptlib/OpenSSL/Include/ -I/builddir/build/BUILD/shim-16.1/Cryptlib/OpenSSL/crypto -I/builddir/build/BUILD/shim-16.1/Cryptlib/Include -I/builddir/build/BUILD/shim-16.1/gnu-efi/inc -I/builddir/build/BUILD/shim-16.1/gnu-efi/inc/x86_64 -I/builddir/build/BUILD/shim-16.1/gnu-efi/inc/protocol -I/builddir/build/BUILD/shim-16.1/Cryptlib/OpenSSL/crypto/asn1 -I/builddir/build/BUILD/shim-16.1/Cryptlib/OpenSSL/crypto/evp -I/builddir/build/BUILD/shim-16.1/Cryptlib/OpenSSL/crypto/modes -I/builddir/build/BUILD/shim-16.1/Cryptlib/OpenSSL/crypto/include -isystem /builddir/build/BUILD/shim-16.1/include/system -isystem /usr/lib/gcc/x86_64-redhat-linux/11/include -DL_ENDIAN -D_CRT_SECURE_NO_DEPRECATE -D_CRT_NONSTDC_NO_DEPRECATE -DOPENSSL_SMALL_FOOTPRINT -DPEDANTIC -DMDE_CPU_X64   -c -o crypto/txt_db/txt_db.o /builddir/build/BUILD/shim-16.1/Cryptlib/OpenSSL/crypto/txt_db/txt_db.c
#13 176.6 gcc -std=gnu11 -ggdb -gdwarf-4 -gstrict-dwarf -ffreestanding -fmacro-prefix-map=/builddir/build/BUILD/shim-16.1/= -fno-stack-protector -fno-strict-aliasing -fpic -fshort-wchar -nostdinc -m64 -mno-mmx -mno-sse -mno-red-zone -maccumulate-outgoing-args -Os -Wall -Wextra -Wno-missing-field-initializers -Wno-empty-body -Wno-implicit-fallthrough -Wno-old-style-declaration -Wno-unused-but-set-variable -Wno-unused-parameter -Werror -Wno-error=unused-but-set-variable -Wno-error=unused-parameter -I/builddir/build/BUILD/shim-16.1/Cryptlib/OpenSSL -I/builddir/build/BUILD/shim-16.1/Cryptlib -I/builddir/build/BUILD/shim-16.1/Cryptlib/OpenSSL/Include/ -I/builddir/build/BUILD/shim-16.1/Cryptlib/OpenSSL/crypto -I/builddir/build/BUILD/shim-16.1/Cryptlib/Include -I/builddir/build/BUILD/shim-16.1/gnu-efi/inc -I/builddir/build/BUILD/shim-16.1/gnu-efi/inc/x86_64 -I/builddir/build/BUILD/shim-16.1/gnu-efi/inc/protocol -I/builddir/build/BUILD/shim-16.1/Cryptlib/OpenSSL/crypto/asn1 -I/builddir/build/BUILD/shim-16.1/Cryptlib/OpenSSL/crypto/evp -I/builddir/build/BUILD/shim-16.1/Cryptlib/OpenSSL/crypto/modes -I/builddir/build/BUILD/shim-16.1/Cryptlib/OpenSSL/crypto/include -isystem /builddir/build/BUILD/shim-16.1/include/system -isystem /usr/lib/gcc/x86_64-redhat-linux/11/include -DL_ENDIAN -D_CRT_SECURE_NO_DEPRECATE -D_CRT_NONSTDC_NO_DEPRECATE -DOPENSSL_SMALL_FOOTPRINT -DPEDANTIC -DMDE_CPU_X64   -c -o crypto/pkcs7/pk7_asn1.o /builddir/build/BUILD/shim-16.1/Cryptlib/OpenSSL/crypto/pkcs7/pk7_asn1.c
#13 177.0 gcc -std=gnu11 -ggdb -gdwarf-4 -gstrict-dwarf -ffreestanding -fmacro-prefix-map=/builddir/build/BUILD/shim-16.1/= -fno-stack-protector -fno-strict-aliasing -fpic -fshort-wchar -nostdinc -m64 -mno-mmx -mno-sse -mno-red-zone -maccumulate-outgoing-args -Os -Wall -Wextra -Wno-missing-field-initializers -Wno-empty-body -Wno-implicit-fallthrough -Wno-old-style-declaration -Wno-unused-but-set-variable -Wno-unused-parameter -Werror -Wno-error=unused-but-set-variable -Wno-error=unused-parameter -I/builddir/build/BUILD/shim-16.1/Cryptlib/OpenSSL -I/builddir/build/BUILD/shim-16.1/Cryptlib -I/builddir/build/BUILD/shim-16.1/Cryptlib/OpenSSL/Include/ -I/builddir/build/BUILD/shim-16.1/Cryptlib/OpenSSL/crypto -I/builddir/build/BUILD/shim-16.1/Cryptlib/Include -I/builddir/build/BUILD/shim-16.1/gnu-efi/inc -I/builddir/build/BUILD/shim-16.1/gnu-efi/inc/x86_64 -I/builddir/build/BUILD/shim-16.1/gnu-efi/inc/protocol -I/builddir/build/BUILD/shim-16.1/Cryptlib/OpenSSL/crypto/asn1 -I/builddir/build/BUILD/shim-16.1/Cryptlib/OpenSSL/crypto/evp -I/builddir/build/BUILD/shim-16.1/Cryptlib/OpenSSL/crypto/modes -I/builddir/build/BUILD/shim-16.1/Cryptlib/OpenSSL/crypto/include -isystem /builddir/build/BUILD/shim-16.1/include/system -isystem /usr/lib/gcc/x86_64-redhat-linux/11/include -DL_ENDIAN -D_CRT_SECURE_NO_DEPRECATE -D_CRT_NONSTDC_NO_DEPRECATE -DOPENSSL_SMALL_FOOTPRINT -DPEDANTIC -DMDE_CPU_X64   -c -o crypto/pkcs7/pk7_lib.o /builddir/build/BUILD/shim-16.1/Cryptlib/OpenSSL/crypto/pkcs7/pk7_lib.c
#13 177.6 gcc -std=gnu11 -ggdb -gdwarf-4 -gstrict-dwarf -ffreestanding -fmacro-prefix-map=/builddir/build/BUILD/shim-16.1/= -fno-stack-protector -fno-strict-aliasing -fpic -fshort-wchar -nostdinc -m64 -mno-mmx -mno-sse -mno-red-zone -maccumulate-outgoing-args -Os -Wall -Wextra -Wno-missing-field-initializers -Wno-empty-body -Wno-implicit-fallthrough -Wno-old-style-declaration -Wno-unused-but-set-variable -Wno-unused-parameter -Werror -Wno-error=unused-but-set-variable -Wno-error=unused-parameter -I/builddir/build/BUILD/shim-16.1/Cryptlib/OpenSSL -I/builddir/build/BUILD/shim-16.1/Cryptlib -I/builddir/build/BUILD/shim-16.1/Cryptlib/OpenSSL/Include/ -I/builddir/build/BUILD/shim-16.1/Cryptlib/OpenSSL/crypto -I/builddir/build/BUILD/shim-16.1/Cryptlib/Include -I/builddir/build/BUILD/shim-16.1/gnu-efi/inc -I/builddir/build/BUILD/shim-16.1/gnu-efi/inc/x86_64 -I/builddir/build/BUILD/shim-16.1/gnu-efi/inc/protocol -I/builddir/build/BUILD/shim-16.1/Cryptlib/OpenSSL/crypto/asn1 -I/builddir/build/BUILD/shim-16.1/Cryptlib/OpenSSL/crypto/evp -I/builddir/build/BUILD/shim-16.1/Cryptlib/OpenSSL/crypto/modes -I/builddir/build/BUILD/shim-16.1/Cryptlib/OpenSSL/crypto/include -isystem /builddir/build/BUILD/shim-16.1/include/system -isystem /usr/lib/gcc/x86_64-redhat-linux/11/include -DL_ENDIAN -D_CRT_SECURE_NO_DEPRECATE -D_CRT_NONSTDC_NO_DEPRECATE -DOPENSSL_SMALL_FOOTPRINT -DPEDANTIC -DMDE_CPU_X64   -c -o crypto/pkcs7/pkcs7err.o /builddir/build/BUILD/shim-16.1/Cryptlib/OpenSSL/crypto/pkcs7/pkcs7err.c
#13 177.8 gcc -std=gnu11 -ggdb -gdwarf-4 -gstrict-dwarf -ffreestanding -fmacro-prefix-map=/builddir/build/BUILD/shim-16.1/= -fno-stack-protector -fno-strict-aliasing -fpic -fshort-wchar -nostdinc -m64 -mno-mmx -mno-sse -mno-red-zone -maccumulate-outgoing-args -Os -Wall -Wextra -Wno-missing-field-initializers -Wno-empty-body -Wno-implicit-fallthrough -Wno-old-style-declaration -Wno-unused-but-set-variable -Wno-unused-parameter -Werror -Wno-error=unused-but-set-variable -Wno-error=unused-parameter -I/builddir/build/BUILD/shim-16.1/Cryptlib/OpenSSL -I/builddir/build/BUILD/shim-16.1/Cryptlib -I/builddir/build/BUILD/shim-16.1/Cryptlib/OpenSSL/Include/ -I/builddir/build/BUILD/shim-16.1/Cryptlib/OpenSSL/crypto -I/builddir/build/BUILD/shim-16.1/Cryptlib/Include -I/builddir/build/BUILD/shim-16.1/gnu-efi/inc -I/builddir/build/BUILD/shim-16.1/gnu-efi/inc/x86_64 -I/builddir/build/BUILD/shim-16.1/gnu-efi/inc/protocol -I/builddir/build/BUILD/shim-16.1/Cryptlib/OpenSSL/crypto/asn1 -I/builddir/build/BUILD/shim-16.1/Cryptlib/OpenSSL/crypto/evp -I/builddir/build/BUILD/shim-16.1/Cryptlib/OpenSSL/crypto/modes -I/builddir/build/BUILD/shim-16.1/Cryptlib/OpenSSL/crypto/include -isystem /builddir/build/BUILD/shim-16.1/include/system -isystem /usr/lib/gcc/x86_64-redhat-linux/11/include -DL_ENDIAN -D_CRT_SECURE_NO_DEPRECATE -D_CRT_NONSTDC_NO_DEPRECATE -DOPENSSL_SMALL_FOOTPRINT -DPEDANTIC -DMDE_CPU_X64   -c -o crypto/pkcs7/pk7_doit.o /builddir/build/BUILD/shim-16.1/Cryptlib/OpenSSL/crypto/pkcs7/pk7_doit.c
#13 178.5 gcc -std=gnu11 -ggdb -gdwarf-4 -gstrict-dwarf -ffreestanding -fmacro-prefix-map=/builddir/build/BUILD/shim-16.1/= -fno-stack-protector -fno-strict-aliasing -fpic -fshort-wchar -nostdinc -m64 -mno-mmx -mno-sse -mno-red-zone -maccumulate-outgoing-args -Os -Wall -Wextra -Wno-missing-field-initializers -Wno-empty-body -Wno-implicit-fallthrough -Wno-old-style-declaration -Wno-unused-but-set-variable -Wno-unused-parameter -Werror -Wno-error=unused-but-set-variable -Wno-error=unused-parameter -I/builddir/build/BUILD/shim-16.1/Cryptlib/OpenSSL -I/builddir/build/BUILD/shim-16.1/Cryptlib -I/builddir/build/BUILD/shim-16.1/Cryptlib/OpenSSL/Include/ -I/builddir/build/BUILD/shim-16.1/Cryptlib/OpenSSL/crypto -I/builddir/build/BUILD/shim-16.1/Cryptlib/Include -I/builddir/build/BUILD/shim-16.1/gnu-efi/inc -I/builddir/build/BUILD/shim-16.1/gnu-efi/inc/x86_64 -I/builddir/build/BUILD/shim-16.1/gnu-efi/inc/protocol -I/builddir/build/BUILD/shim-16.1/Cryptlib/OpenSSL/crypto/asn1 -I/builddir/build/BUILD/shim-16.1/Cryptlib/OpenSSL/crypto/evp -I/builddir/build/BUILD/shim-16.1/Cryptlib/OpenSSL/crypto/modes -I/builddir/build/BUILD/shim-16.1/Cryptlib/OpenSSL/crypto/include -isystem /builddir/build/BUILD/shim-16.1/include/system -isystem /usr/lib/gcc/x86_64-redhat-linux/11/include -DL_ENDIAN -D_CRT_SECURE_NO_DEPRECATE -D_CRT_NONSTDC_NO_DEPRECATE -DOPENSSL_SMALL_FOOTPRINT -DPEDANTIC -DMDE_CPU_X64   -c -o crypto/pkcs7/pk7_smime.o /builddir/build/BUILD/shim-16.1/Cryptlib/OpenSSL/crypto/pkcs7/pk7_smime.c
#13 179.0 gcc -std=gnu11 -ggdb -gdwarf-4 -gstrict-dwarf -ffreestanding -fmacro-prefix-map=/builddir/build/BUILD/shim-16.1/= -fno-stack-protector -fno-strict-aliasing -fpic -fshort-wchar -nostdinc -m64 -mno-mmx -mno-sse -mno-red-zone -maccumulate-outgoing-args -Os -Wall -Wextra -Wno-missing-field-initializers -Wno-empty-body -Wno-implicit-fallthrough -Wno-old-style-declaration -Wno-unused-but-set-variable -Wno-unused-parameter -Werror -Wno-error=unused-but-set-variable -Wno-error=unused-parameter -I/builddir/build/BUILD/shim-16.1/Cryptlib/OpenSSL -I/builddir/build/BUILD/shim-16.1/Cryptlib -I/builddir/build/BUILD/shim-16.1/Cryptlib/OpenSSL/Include/ -I/builddir/build/BUILD/shim-16.1/Cryptlib/OpenSSL/crypto -I/builddir/build/BUILD/shim-16.1/Cryptlib/Include -I/builddir/build/BUILD/shim-16.1/gnu-efi/inc -I/builddir/build/BUILD/shim-16.1/gnu-efi/inc/x86_64 -I/builddir/build/BUILD/shim-16.1/gnu-efi/inc/protocol -I/builddir/build/BUILD/shim-16.1/Cryptlib/OpenSSL/crypto/asn1 -I/builddir/build/BUILD/shim-16.1/Cryptlib/OpenSSL/crypto/evp -I/builddir/build/BUILD/shim-16.1/Cryptlib/OpenSSL/crypto/modes -I/builddir/build/BUILD/shim-16.1/Cryptlib/OpenSSL/crypto/include -isystem /builddir/build/BUILD/shim-16.1/include/system -isystem /usr/lib/gcc/x86_64-redhat-linux/11/include -DL_ENDIAN -D_CRT_SECURE_NO_DEPRECATE -D_CRT_NONSTDC_NO_DEPRECATE -DOPENSSL_SMALL_FOOTPRINT -DPEDANTIC -DMDE_CPU_X64   -c -o crypto/pkcs7/pk7_attr.o /builddir/build/BUILD/shim-16.1/Cryptlib/OpenSSL/crypto/pkcs7/pk7_attr.c
#13 179.4 gcc -std=gnu11 -ggdb -gdwarf-4 -gstrict-dwarf -ffreestanding -fmacro-prefix-map=/builddir/build/BUILD/shim-16.1/= -fno-stack-protector -fno-strict-aliasing -fpic -fshort-wchar -nostdinc -m64 -mno-mmx -mno-sse -mno-red-zone -maccumulate-outgoing-args -Os -Wall -Wextra -Wno-missing-field-initializers -Wno-empty-body -Wno-implicit-fallthrough -Wno-old-style-declaration -Wno-unused-but-set-variable -Wno-unused-parameter -Werror -Wno-error=unused-but-set-variable -Wno-error=unused-parameter -I/builddir/build/BUILD/shim-16.1/Cryptlib/OpenSSL -I/builddir/build/BUILD/shim-16.1/Cryptlib -I/builddir/build/BUILD/shim-16.1/Cryptlib/OpenSSL/Include/ -I/builddir/build/BUILD/shim-16.1/Cryptlib/OpenSSL/crypto -I/builddir/build/BUILD/shim-16.1/Cryptlib/Include -I/builddir/build/BUILD/shim-16.1/gnu-efi/inc -I/builddir/build/BUILD/shim-16.1/gnu-efi/inc/x86_64 -I/builddir/build/BUILD/shim-16.1/gnu-efi/inc/protocol -I/builddir/build/BUILD/shim-16.1/Cryptlib/OpenSSL/crypto/asn1 -I/builddir/build/BUILD/shim-16.1/Cryptlib/OpenSSL/crypto/evp -I/builddir/build/BUILD/shim-16.1/Cryptlib/OpenSSL/crypto/modes -I/builddir/build/BUILD/shim-16.1/Cryptlib/OpenSSL/crypto/include -isystem /builddir/build/BUILD/shim-16.1/include/system -isystem /usr/lib/gcc/x86_64-redhat-linux/11/include -DL_ENDIAN -D_CRT_SECURE_NO_DEPRECATE -D_CRT_NONSTDC_NO_DEPRECATE -DOPENSSL_SMALL_FOOTPRINT -DPEDANTIC -DMDE_CPU_X64   -c -o crypto/pkcs7/pk7_mime.o /builddir/build/BUILD/shim-16.1/Cryptlib/OpenSSL/crypto/pkcs7/pk7_mime.c
#13 179.8 gcc -std=gnu11 -ggdb -gdwarf-4 -gstrict-dwarf -ffreestanding -fmacro-prefix-map=/builddir/build/BUILD/shim-16.1/= -fno-stack-protector -fno-strict-aliasing -fpic -fshort-wchar -nostdinc -m64 -mno-mmx -mno-sse -mno-red-zone -maccumulate-outgoing-args -Os -Wall -Wextra -Wno-missing-field-initializers -Wno-empty-body -Wno-implicit-fallthrough -Wno-old-style-declaration -Wno-unused-but-set-variable -Wno-unused-parameter -Werror -Wno-error=unused-but-set-variable -Wno-error=unused-parameter -I/builddir/build/BUILD/shim-16.1/Cryptlib/OpenSSL -I/builddir/build/BUILD/shim-16.1/Cryptlib -I/builddir/build/BUILD/shim-16.1/Cryptlib/OpenSSL/Include/ -I/builddir/build/BUILD/shim-16.1/Cryptlib/OpenSSL/crypto -I/builddir/build/BUILD/shim-16.1/Cryptlib/Include -I/builddir/build/BUILD/shim-16.1/gnu-efi/inc -I/builddir/build/BUILD/shim-16.1/gnu-efi/inc/x86_64 -I/builddir/build/BUILD/shim-16.1/gnu-efi/inc/protocol -I/builddir/build/BUILD/shim-16.1/Cryptlib/OpenSSL/crypto/asn1 -I/builddir/build/BUILD/shim-16.1/Cryptlib/OpenSSL/crypto/evp -I/builddir/build/BUILD/shim-16.1/Cryptlib/OpenSSL/crypto/modes -I/builddir/build/BUILD/shim-16.1/Cryptlib/OpenSSL/crypto/include -isystem /builddir/build/BUILD/shim-16.1/include/system -isystem /usr/lib/gcc/x86_64-redhat-linux/11/include -DL_ENDIAN -D_CRT_SECURE_NO_DEPRECATE -D_CRT_NONSTDC_NO_DEPRECATE -DOPENSSL_SMALL_FOOTPRINT -DPEDANTIC -DMDE_CPU_X64   -c -o crypto/pkcs7/bio_pk7.o /builddir/build/BUILD/shim-16.1/Cryptlib/OpenSSL/crypto/pkcs7/bio_pk7.c
#13 180.1 gcc -std=gnu11 -ggdb -gdwarf-4 -gstrict-dwarf -ffreestanding -fmacro-prefix-map=/builddir/build/BUILD/shim-16.1/= -fno-stack-protector -fno-strict-aliasing -fpic -fshort-wchar -nostdinc -m64 -mno-mmx -mno-sse -mno-red-zone -maccumulate-outgoing-args -Os -Wall -Wextra -Wno-missing-field-initializers -Wno-empty-body -Wno-implicit-fallthrough -Wno-old-style-declaration -Wno-unused-but-set-variable -Wno-unused-parameter -Werror -Wno-error=unused-but-set-variable -Wno-error=unused-parameter -I/builddir/build/BUILD/shim-16.1/Cryptlib/OpenSSL -I/builddir/build/BUILD/shim-16.1/Cryptlib -I/builddir/build/BUILD/shim-16.1/Cryptlib/OpenSSL/Include/ -I/builddir/build/BUILD/shim-16.1/Cryptlib/OpenSSL/crypto -I/builddir/build/BUILD/shim-16.1/Cryptlib/Include -I/builddir/build/BUILD/shim-16.1/gnu-efi/inc -I/builddir/build/BUILD/shim-16.1/gnu-efi/inc/x86_64 -I/builddir/build/BUILD/shim-16.1/gnu-efi/inc/protocol -I/builddir/build/BUILD/shim-16.1/Cryptlib/OpenSSL/crypto/asn1 -I/builddir/build/BUILD/shim-16.1/Cryptlib/OpenSSL/crypto/evp -I/builddir/build/BUILD/shim-16.1/Cryptlib/OpenSSL/crypto/modes -I/builddir/build/BUILD/shim-16.1/Cryptlib/OpenSSL/crypto/include -isystem /builddir/build/BUILD/shim-16.1/include/system -isystem /usr/lib/gcc/x86_64-redhat-linux/11/include -DL_ENDIAN -D_CRT_SECURE_NO_DEPRECATE -D_CRT_NONSTDC_NO_DEPRECATE -DOPENSSL_SMALL_FOOTPRINT -DPEDANTIC -DMDE_CPU_X64   -c -o crypto/pkcs12/p12_add.o /builddir/build/BUILD/shim-16.1/Cryptlib/OpenSSL/crypto/pkcs12/p12_add.c
#13 180.6 gcc -std=gnu11 -ggdb -gdwarf-4 -gstrict-dwarf -ffreestanding -fmacro-prefix-map=/builddir/build/BUILD/shim-16.1/= -fno-stack-protector -fno-strict-aliasing -fpic -fshort-wchar -nostdinc -m64 -mno-mmx -mno-sse -mno-red-zone -maccumulate-outgoing-args -Os -Wall -Wextra -Wno-missing-field-initializers -Wno-empty-body -Wno-implicit-fallthrough -Wno-old-style-declaration -Wno-unused-but-set-variable -Wno-unused-parameter -Werror -Wno-error=unused-but-set-variable -Wno-error=unused-parameter -I/builddir/build/BUILD/shim-16.1/Cryptlib/OpenSSL -I/builddir/build/BUILD/shim-16.1/Cryptlib -I/builddir/build/BUILD/shim-16.1/Cryptlib/OpenSSL/Include/ -I/builddir/build/BUILD/shim-16.1/Cryptlib/OpenSSL/crypto -I/builddir/build/BUILD/shim-16.1/Cryptlib/Include -I/builddir/build/BUILD/shim-16.1/gnu-efi/inc -I/builddir/build/BUILD/shim-16.1/gnu-efi/inc/x86_64 -I/builddir/build/BUILD/shim-16.1/gnu-efi/inc/protocol -I/builddir/build/BUILD/shim-16.1/Cryptlib/OpenSSL/crypto/asn1 -I/builddir/build/BUILD/shim-16.1/Cryptlib/OpenSSL/crypto/evp -I/builddir/build/BUILD/shim-16.1/Cryptlib/OpenSSL/crypto/modes -I/builddir/build/BUILD/shim-16.1/Cryptlib/OpenSSL/crypto/include -isystem /builddir/build/BUILD/shim-16.1/include/system -isystem /usr/lib/gcc/x86_64-redhat-linux/11/include -DL_ENDIAN -D_CRT_SECURE_NO_DEPRECATE -D_CRT_NONSTDC_NO_DEPRECATE -DOPENSSL_SMALL_FOOTPRINT -DPEDANTIC -DMDE_CPU_X64   -c -o crypto/pkcs12/p12_asn.o /builddir/build/BUILD/shim-16.1/Cryptlib/OpenSSL/crypto/pkcs12/p12_asn.c
#13 180.9 gcc -std=gnu11 -ggdb -gdwarf-4 -gstrict-dwarf -ffreestanding -fmacro-prefix-map=/builddir/build/BUILD/shim-16.1/= -fno-stack-protector -fno-strict-aliasing -fpic -fshort-wchar -nostdinc -m64 -mno-mmx -mno-sse -mno-red-zone -maccumulate-outgoing-args -Os -Wall -Wextra -Wno-missing-field-initializers -Wno-empty-body -Wno-implicit-fallthrough -Wno-old-style-declaration -Wno-unused-but-set-variable -Wno-unused-parameter -Werror -Wno-error=unused-but-set-variable -Wno-error=unused-parameter -I/builddir/build/BUILD/shim-16.1/Cryptlib/OpenSSL -I/builddir/build/BUILD/shim-16.1/Cryptlib -I/builddir/build/BUILD/shim-16.1/Cryptlib/OpenSSL/Include/ -I/builddir/build/BUILD/shim-16.1/Cryptlib/OpenSSL/crypto -I/builddir/build/BUILD/shim-16.1/Cryptlib/Include -I/builddir/build/BUILD/shim-16.1/gnu-efi/inc -I/builddir/build/BUILD/shim-16.1/gnu-efi/inc/x86_64 -I/builddir/build/BUILD/shim-16.1/gnu-efi/inc/protocol -I/builddir/build/BUILD/shim-16.1/Cryptlib/OpenSSL/crypto/asn1 -I/builddir/build/BUILD/shim-16.1/Cryptlib/OpenSSL/crypto/evp -I/builddir/build/BUILD/shim-16.1/Cryptlib/OpenSSL/crypto/modes -I/builddir/build/BUILD/shim-16.1/Cryptlib/OpenSSL/crypto/include -isystem /builddir/build/BUILD/shim-16.1/include/system -isystem /usr/lib/gcc/x86_64-redhat-linux/11/include -DL_ENDIAN -D_CRT_SECURE_NO_DEPRECATE -D_CRT_NONSTDC_NO_DEPRECATE -DOPENSSL_SMALL_FOOTPRINT -DPEDANTIC -DMDE_CPU_X64   -c -o crypto/pkcs12/p12_attr.o /builddir/build/BUILD/shim-16.1/Cryptlib/OpenSSL/crypto/pkcs12/p12_attr.c
#13 181.4 gcc -std=gnu11 -ggdb -gdwarf-4 -gstrict-dwarf -ffreestanding -fmacro-prefix-map=/builddir/build/BUILD/shim-16.1/= -fno-stack-protector -fno-strict-aliasing -fpic -fshort-wchar -nostdinc -m64 -mno-mmx -mno-sse -mno-red-zone -maccumulate-outgoing-args -Os -Wall -Wextra -Wno-missing-field-initializers -Wno-empty-body -Wno-implicit-fallthrough -Wno-old-style-declaration -Wno-unused-but-set-variable -Wno-unused-parameter -Werror -Wno-error=unused-but-set-variable -Wno-error=unused-parameter -I/builddir/build/BUILD/shim-16.1/Cryptlib/OpenSSL -I/builddir/build/BUILD/shim-16.1/Cryptlib -I/builddir/build/BUILD/shim-16.1/Cryptlib/OpenSSL/Include/ -I/builddir/build/BUILD/shim-16.1/Cryptlib/OpenSSL/crypto -I/builddir/build/BUILD/shim-16.1/Cryptlib/Include -I/builddir/build/BUILD/shim-16.1/gnu-efi/inc -I/builddir/build/BUILD/shim-16.1/gnu-efi/inc/x86_64 -I/builddir/build/BUILD/shim-16.1/gnu-efi/inc/protocol -I/builddir/build/BUILD/shim-16.1/Cryptlib/OpenSSL/crypto/asn1 -I/builddir/build/BUILD/shim-16.1/Cryptlib/OpenSSL/crypto/evp -I/builddir/build/BUILD/shim-16.1/Cryptlib/OpenSSL/crypto/modes -I/builddir/build/BUILD/shim-16.1/Cryptlib/OpenSSL/crypto/include -isystem /builddir/build/BUILD/shim-16.1/include/system -isystem /usr/lib/gcc/x86_64-redhat-linux/11/include -DL_ENDIAN -D_CRT_SECURE_NO_DEPRECATE -D_CRT_NONSTDC_NO_DEPRECATE -DOPENSSL_SMALL_FOOTPRINT -DPEDANTIC -DMDE_CPU_X64   -c -o crypto/pkcs12/p12_crpt.o /builddir/build/BUILD/shim-16.1/Cryptlib/OpenSSL/crypto/pkcs12/p12_crpt.c
#13 181.8 gcc -std=gnu11 -ggdb -gdwarf-4 -gstrict-dwarf -ffreestanding -fmacro-prefix-map=/builddir/build/BUILD/shim-16.1/= -fno-stack-protector -fno-strict-aliasing -fpic -fshort-wchar -nostdinc -m64 -mno-mmx -mno-sse -mno-red-zone -maccumulate-outgoing-args -Os -Wall -Wextra -Wno-missing-field-initializers -Wno-empty-body -Wno-implicit-fallthrough -Wno-old-style-declaration -Wno-unused-but-set-variable -Wno-unused-parameter -Werror -Wno-error=unused-but-set-variable -Wno-error=unused-parameter -I/builddir/build/BUILD/shim-16.1/Cryptlib/OpenSSL -I/builddir/build/BUILD/shim-16.1/Cryptlib -I/builddir/build/BUILD/shim-16.1/Cryptlib/OpenSSL/Include/ -I/builddir/build/BUILD/shim-16.1/Cryptlib/OpenSSL/crypto -I/builddir/build/BUILD/shim-16.1/Cryptlib/Include -I/builddir/build/BUILD/shim-16.1/gnu-efi/inc -I/builddir/build/BUILD/shim-16.1/gnu-efi/inc/x86_64 -I/builddir/build/BUILD/shim-16.1/gnu-efi/inc/protocol -I/builddir/build/BUILD/shim-16.1/Cryptlib/OpenSSL/crypto/asn1 -I/builddir/build/BUILD/shim-16.1/Cryptlib/OpenSSL/crypto/evp -I/builddir/build/BUILD/shim-16.1/Cryptlib/OpenSSL/crypto/modes -I/builddir/build/BUILD/shim-16.1/Cryptlib/OpenSSL/crypto/include -isystem /builddir/build/BUILD/shim-16.1/include/system -isystem /usr/lib/gcc/x86_64-redhat-linux/11/include -DL_ENDIAN -D_CRT_SECURE_NO_DEPRECATE -D_CRT_NONSTDC_NO_DEPRECATE -DOPENSSL_SMALL_FOOTPRINT -DPEDANTIC -DMDE_CPU_X64   -c -o crypto/pkcs12/p12_crt.o /builddir/build/BUILD/shim-16.1/Cryptlib/OpenSSL/crypto/pkcs12/p12_crt.c
#13 182.3 gcc -std=gnu11 -ggdb -gdwarf-4 -gstrict-dwarf -ffreestanding -fmacro-prefix-map=/builddir/build/BUILD/shim-16.1/= -fno-stack-protector -fno-strict-aliasing -fpic -fshort-wchar -nostdinc -m64 -mno-mmx -mno-sse -mno-red-zone -maccumulate-outgoing-args -Os -Wall -Wextra -Wno-missing-field-initializers -Wno-empty-body -Wno-implicit-fallthrough -Wno-old-style-declaration -Wno-unused-but-set-variable -Wno-unused-parameter -Werror -Wno-error=unused-but-set-variable -Wno-error=unused-parameter -I/builddir/build/BUILD/shim-16.1/Cryptlib/OpenSSL -I/builddir/build/BUILD/shim-16.1/Cryptlib -I/builddir/build/BUILD/shim-16.1/Cryptlib/OpenSSL/Include/ -I/builddir/build/BUILD/shim-16.1/Cryptlib/OpenSSL/crypto -I/builddir/build/BUILD/shim-16.1/Cryptlib/Include -I/builddir/build/BUILD/shim-16.1/gnu-efi/inc -I/builddir/build/BUILD/shim-16.1/gnu-efi/inc/x86_64 -I/builddir/build/BUILD/shim-16.1/gnu-efi/inc/protocol -I/builddir/build/BUILD/shim-16.1/Cryptlib/OpenSSL/crypto/asn1 -I/builddir/build/BUILD/shim-16.1/Cryptlib/OpenSSL/crypto/evp -I/builddir/build/BUILD/shim-16.1/Cryptlib/OpenSSL/crypto/modes -I/builddir/build/BUILD/shim-16.1/Cryptlib/OpenSSL/crypto/include -isystem /builddir/build/BUILD/shim-16.1/include/system -isystem /usr/lib/gcc/x86_64-redhat-linux/11/include -DL_ENDIAN -D_CRT_SECURE_NO_DEPRECATE -D_CRT_NONSTDC_NO_DEPRECATE -DOPENSSL_SMALL_FOOTPRINT -DPEDANTIC -DMDE_CPU_X64   -c -o crypto/pkcs12/p12_decr.o /builddir/build/BUILD/shim-16.1/Cryptlib/OpenSSL/crypto/pkcs12/p12_decr.c
#13 182.7 gcc -std=gnu11 -ggdb -gdwarf-4 -gstrict-dwarf -ffreestanding -fmacro-prefix-map=/builddir/build/BUILD/shim-16.1/= -fno-stack-protector -fno-strict-aliasing -fpic -fshort-wchar -nostdinc -m64 -mno-mmx -mno-sse -mno-red-zone -maccumulate-outgoing-args -Os -Wall -Wextra -Wno-missing-field-initializers -Wno-empty-body -Wno-implicit-fallthrough -Wno-old-style-declaration -Wno-unused-but-set-variable -Wno-unused-parameter -Werror -Wno-error=unused-but-set-variable -Wno-error=unused-parameter -I/builddir/build/BUILD/shim-16.1/Cryptlib/OpenSSL -I/builddir/build/BUILD/shim-16.1/Cryptlib -I/builddir/build/BUILD/shim-16.1/Cryptlib/OpenSSL/Include/ -I/builddir/build/BUILD/shim-16.1/Cryptlib/OpenSSL/crypto -I/builddir/build/BUILD/shim-16.1/Cryptlib/Include -I/builddir/build/BUILD/shim-16.1/gnu-efi/inc -I/builddir/build/BUILD/shim-16.1/gnu-efi/inc/x86_64 -I/builddir/build/BUILD/shim-16.1/gnu-efi/inc/protocol -I/builddir/build/BUILD/shim-16.1/Cryptlib/OpenSSL/crypto/asn1 -I/builddir/build/BUILD/shim-16.1/Cryptlib/OpenSSL/crypto/evp -I/builddir/build/BUILD/shim-16.1/Cryptlib/OpenSSL/crypto/modes -I/builddir/build/BUILD/shim-16.1/Cryptlib/OpenSSL/crypto/include -isystem /builddir/build/BUILD/shim-16.1/include/system -isystem /usr/lib/gcc/x86_64-redhat-linux/11/include -DL_ENDIAN -D_CRT_SECURE_NO_DEPRECATE -D_CRT_NONSTDC_NO_DEPRECATE -DOPENSSL_SMALL_FOOTPRINT -DPEDANTIC -DMDE_CPU_X64   -c -o crypto/pkcs12/p12_init.o /builddir/build/BUILD/shim-16.1/Cryptlib/OpenSSL/crypto/pkcs12/p12_init.c
#13 183.1 gcc -std=gnu11 -ggdb -gdwarf-4 -gstrict-dwarf -ffreestanding -fmacro-prefix-map=/builddir/build/BUILD/shim-16.1/= -fno-stack-protector -fno-strict-aliasing -fpic -fshort-wchar -nostdinc -m64 -mno-mmx -mno-sse -mno-red-zone -maccumulate-outgoing-args -Os -Wall -Wextra -Wno-missing-field-initializers -Wno-empty-body -Wno-implicit-fallthrough -Wno-old-style-declaration -Wno-unused-but-set-variable -Wno-unused-parameter -Werror -Wno-error=unused-but-set-variable -Wno-error=unused-parameter -I/builddir/build/BUILD/shim-16.1/Cryptlib/OpenSSL -I/builddir/build/BUILD/shim-16.1/Cryptlib -I/builddir/build/BUILD/shim-16.1/Cryptlib/OpenSSL/Include/ -I/builddir/build/BUILD/shim-16.1/Cryptlib/OpenSSL/crypto -I/builddir/build/BUILD/shim-16.1/Cryptlib/Include -I/builddir/build/BUILD/shim-16.1/gnu-efi/inc -I/builddir/build/BUILD/shim-16.1/gnu-efi/inc/x86_64 -I/builddir/build/BUILD/shim-16.1/gnu-efi/inc/protocol -I/builddir/build/BUILD/shim-16.1/Cryptlib/OpenSSL/crypto/asn1 -I/builddir/build/BUILD/shim-16.1/Cryptlib/OpenSSL/crypto/evp -I/builddir/build/BUILD/shim-16.1/Cryptlib/OpenSSL/crypto/modes -I/builddir/build/BUILD/shim-16.1/Cryptlib/OpenSSL/crypto/include -isystem /builddir/build/BUILD/shim-16.1/include/system -isystem /usr/lib/gcc/x86_64-redhat-linux/11/include -DL_ENDIAN -D_CRT_SECURE_NO_DEPRECATE -D_CRT_NONSTDC_NO_DEPRECATE -DOPENSSL_SMALL_FOOTPRINT -DPEDANTIC -DMDE_CPU_X64   -c -o crypto/pkcs12/p12_key.o /builddir/build/BUILD/shim-16.1/Cryptlib/OpenSSL/crypto/pkcs12/p12_key.c
#13 183.6 gcc -std=gnu11 -ggdb -gdwarf-4 -gstrict-dwarf -ffreestanding -fmacro-prefix-map=/builddir/build/BUILD/shim-16.1/= -fno-stack-protector -fno-strict-aliasing -fpic -fshort-wchar -nostdinc -m64 -mno-mmx -mno-sse -mno-red-zone -maccumulate-outgoing-args -Os -Wall -Wextra -Wno-missing-field-initializers -Wno-empty-body -Wno-implicit-fallthrough -Wno-old-style-declaration -Wno-unused-but-set-variable -Wno-unused-parameter -Werror -Wno-error=unused-but-set-variable -Wno-error=unused-parameter -I/builddir/build/BUILD/shim-16.1/Cryptlib/OpenSSL -I/builddir/build/BUILD/shim-16.1/Cryptlib -I/builddir/build/BUILD/shim-16.1/Cryptlib/OpenSSL/Include/ -I/builddir/build/BUILD/shim-16.1/Cryptlib/OpenSSL/crypto -I/builddir/build/BUILD/shim-16.1/Cryptlib/Include -I/builddir/build/BUILD/shim-16.1/gnu-efi/inc -I/builddir/build/BUILD/shim-16.1/gnu-efi/inc/x86_64 -I/builddir/build/BUILD/shim-16.1/gnu-efi/inc/protocol -I/builddir/build/BUILD/shim-16.1/Cryptlib/OpenSSL/crypto/asn1 -I/builddir/build/BUILD/shim-16.1/Cryptlib/OpenSSL/crypto/evp -I/builddir/build/BUILD/shim-16.1/Cryptlib/OpenSSL/crypto/modes -I/builddir/build/BUILD/shim-16.1/Cryptlib/OpenSSL/crypto/include -isystem /builddir/build/BUILD/shim-16.1/include/system -isystem /usr/lib/gcc/x86_64-redhat-linux/11/include -DL_ENDIAN -D_CRT_SECURE_NO_DEPRECATE -D_CRT_NONSTDC_NO_DEPRECATE -DOPENSSL_SMALL_FOOTPRINT -DPEDANTIC -DMDE_CPU_X64   -c -o crypto/pkcs12/p12_kiss.o /builddir/build/BUILD/shim-16.1/Cryptlib/OpenSSL/crypto/pkcs12/p12_kiss.c
#13 184.0 gcc -std=gnu11 -ggdb -gdwarf-4 -gstrict-dwarf -ffreestanding -fmacro-prefix-map=/builddir/build/BUILD/shim-16.1/= -fno-stack-protector -fno-strict-aliasing -fpic -fshort-wchar -nostdinc -m64 -mno-mmx -mno-sse -mno-red-zone -maccumulate-outgoing-args -Os -Wall -Wextra -Wno-missing-field-initializers -Wno-empty-body -Wno-implicit-fallthrough -Wno-old-style-declaration -Wno-unused-but-set-variable -Wno-unused-parameter -Werror -Wno-error=unused-but-set-variable -Wno-error=unused-parameter -I/builddir/build/BUILD/shim-16.1/Cryptlib/OpenSSL -I/builddir/build/BUILD/shim-16.1/Cryptlib -I/builddir/build/BUILD/shim-16.1/Cryptlib/OpenSSL/Include/ -I/builddir/build/BUILD/shim-16.1/Cryptlib/OpenSSL/crypto -I/builddir/build/BUILD/shim-16.1/Cryptlib/Include -I/builddir/build/BUILD/shim-16.1/gnu-efi/inc -I/builddir/build/BUILD/shim-16.1/gnu-efi/inc/x86_64 -I/builddir/build/BUILD/shim-16.1/gnu-efi/inc/protocol -I/builddir/build/BUILD/shim-16.1/Cryptlib/OpenSSL/crypto/asn1 -I/builddir/build/BUILD/shim-16.1/Cryptlib/OpenSSL/crypto/evp -I/builddir/build/BUILD/shim-16.1/Cryptlib/OpenSSL/crypto/modes -I/builddir/build/BUILD/shim-16.1/Cryptlib/OpenSSL/crypto/include -isystem /builddir/build/BUILD/shim-16.1/include/system -isystem /usr/lib/gcc/x86_64-redhat-linux/11/include -DL_ENDIAN -D_CRT_SECURE_NO_DEPRECATE -D_CRT_NONSTDC_NO_DEPRECATE -DOPENSSL_SMALL_FOOTPRINT -DPEDANTIC -DMDE_CPU_X64   -c -o crypto/pkcs12/p12_mutl.o /builddir/build/BUILD/shim-16.1/Cryptlib/OpenSSL/crypto/pkcs12/p12_mutl.c
#13 184.5 gcc -std=gnu11 -ggdb -gdwarf-4 -gstrict-dwarf -ffreestanding -fmacro-prefix-map=/builddir/build/BUILD/shim-16.1/= -fno-stack-protector -fno-strict-aliasing -fpic -fshort-wchar -nostdinc -m64 -mno-mmx -mno-sse -mno-red-zone -maccumulate-outgoing-args -Os -Wall -Wextra -Wno-missing-field-initializers -Wno-empty-body -Wno-implicit-fallthrough -Wno-old-style-declaration -Wno-unused-but-set-variable -Wno-unused-parameter -Werror -Wno-error=unused-but-set-variable -Wno-error=unused-parameter -I/builddir/build/BUILD/shim-16.1/Cryptlib/OpenSSL -I/builddir/build/BUILD/shim-16.1/Cryptlib -I/builddir/build/BUILD/shim-16.1/Cryptlib/OpenSSL/Include/ -I/builddir/build/BUILD/shim-16.1/Cryptlib/OpenSSL/crypto -I/builddir/build/BUILD/shim-16.1/Cryptlib/Include -I/builddir/build/BUILD/shim-16.1/gnu-efi/inc -I/builddir/build/BUILD/shim-16.1/gnu-efi/inc/x86_64 -I/builddir/build/BUILD/shim-16.1/gnu-efi/inc/protocol -I/builddir/build/BUILD/shim-16.1/Cryptlib/OpenSSL/crypto/asn1 -I/builddir/build/BUILD/shim-16.1/Cryptlib/OpenSSL/crypto/evp -I/builddir/build/BUILD/shim-16.1/Cryptlib/OpenSSL/crypto/modes -I/builddir/build/BUILD/shim-16.1/Cryptlib/OpenSSL/crypto/include -isystem /builddir/build/BUILD/shim-16.1/include/system -isystem /usr/lib/gcc/x86_64-redhat-linux/11/include -DL_ENDIAN -D_CRT_SECURE_NO_DEPRECATE -D_CRT_NONSTDC_NO_DEPRECATE -DOPENSSL_SMALL_FOOTPRINT -DPEDANTIC -DMDE_CPU_X64   -c -o crypto/pkcs12/p12_utl.o /builddir/build/BUILD/shim-16.1/Cryptlib/OpenSSL/crypto/pkcs12/p12_utl.c
#13 185.0 gcc -std=gnu11 -ggdb -gdwarf-4 -gstrict-dwarf -ffreestanding -fmacro-prefix-map=/builddir/build/BUILD/shim-16.1/= -fno-stack-protector -fno-strict-aliasing -fpic -fshort-wchar -nostdinc -m64 -mno-mmx -mno-sse -mno-red-zone -maccumulate-outgoing-args -Os -Wall -Wextra -Wno-missing-field-initializers -Wno-empty-body -Wno-implicit-fallthrough -Wno-old-style-declaration -Wno-unused-but-set-variable -Wno-unused-parameter -Werror -Wno-error=unused-but-set-variable -Wno-error=unused-parameter -I/builddir/build/BUILD/shim-16.1/Cryptlib/OpenSSL -I/builddir/build/BUILD/shim-16.1/Cryptlib -I/builddir/build/BUILD/shim-16.1/Cryptlib/OpenSSL/Include/ -I/builddir/build/BUILD/shim-16.1/Cryptlib/OpenSSL/crypto -I/builddir/build/BUILD/shim-16.1/Cryptlib/Include -I/builddir/build/BUILD/shim-16.1/gnu-efi/inc -I/builddir/build/BUILD/shim-16.1/gnu-efi/inc/x86_64 -I/builddir/build/BUILD/shim-16.1/gnu-efi/inc/protocol -I/builddir/build/BUILD/shim-16.1/Cryptlib/OpenSSL/crypto/asn1 -I/builddir/build/BUILD/shim-16.1/Cryptlib/OpenSSL/crypto/evp -I/builddir/build/BUILD/shim-16.1/Cryptlib/OpenSSL/crypto/modes -I/builddir/build/BUILD/shim-16.1/Cryptlib/OpenSSL/crypto/include -isystem /builddir/build/BUILD/shim-16.1/include/system -isystem /usr/lib/gcc/x86_64-redhat-linux/11/include -DL_ENDIAN -D_CRT_SECURE_NO_DEPRECATE -D_CRT_NONSTDC_NO_DEPRECATE -DOPENSSL_SMALL_FOOTPRINT -DPEDANTIC -DMDE_CPU_X64   -c -o crypto/pkcs12/p12_npas.o /builddir/build/BUILD/shim-16.1/Cryptlib/OpenSSL/crypto/pkcs12/p12_npas.c
#13 185.4 gcc -std=gnu11 -ggdb -gdwarf-4 -gstrict-dwarf -ffreestanding -fmacro-prefix-map=/builddir/build/BUILD/shim-16.1/= -fno-stack-protector -fno-strict-aliasing -fpic -fshort-wchar -nostdinc -m64 -mno-mmx -mno-sse -mno-red-zone -maccumulate-outgoing-args -Os -Wall -Wextra -Wno-missing-field-initializers -Wno-empty-body -Wno-implicit-fallthrough -Wno-old-style-declaration -Wno-unused-but-set-variable -Wno-unused-parameter -Werror -Wno-error=unused-but-set-variable -Wno-error=unused-parameter -I/builddir/build/BUILD/shim-16.1/Cryptlib/OpenSSL -I/builddir/build/BUILD/shim-16.1/Cryptlib -I/builddir/build/BUILD/shim-16.1/Cryptlib/OpenSSL/Include/ -I/builddir/build/BUILD/shim-16.1/Cryptlib/OpenSSL/crypto -I/builddir/build/BUILD/shim-16.1/Cryptlib/Include -I/builddir/build/BUILD/shim-16.1/gnu-efi/inc -I/builddir/build/BUILD/shim-16.1/gnu-efi/inc/x86_64 -I/builddir/build/BUILD/shim-16.1/gnu-efi/inc/protocol -I/builddir/build/BUILD/shim-16.1/Cryptlib/OpenSSL/crypto/asn1 -I/builddir/build/BUILD/shim-16.1/Cryptlib/OpenSSL/crypto/evp -I/builddir/build/BUILD/shim-16.1/Cryptlib/OpenSSL/crypto/modes -I/builddir/build/BUILD/shim-16.1/Cryptlib/OpenSSL/crypto/include -isystem /builddir/build/BUILD/shim-16.1/include/system -isystem /usr/lib/gcc/x86_64-redhat-linux/11/include -DL_ENDIAN -D_CRT_SECURE_NO_DEPRECATE -D_CRT_NONSTDC_NO_DEPRECATE -DOPENSSL_SMALL_FOOTPRINT -DPEDANTIC -DMDE_CPU_X64   -c -o crypto/pkcs12/pk12err.o /builddir/build/BUILD/shim-16.1/Cryptlib/OpenSSL/crypto/pkcs12/pk12err.c
#13 185.7 gcc -std=gnu11 -ggdb -gdwarf-4 -gstrict-dwarf -ffreestanding -fmacro-prefix-map=/builddir/build/BUILD/shim-16.1/= -fno-stack-protector -fno-strict-aliasing -fpic -fshort-wchar -nostdinc -m64 -mno-mmx -mno-sse -mno-red-zone -maccumulate-outgoing-args -Os -Wall -Wextra -Wno-missing-field-initializers -Wno-empty-body -Wno-implicit-fallthrough -Wno-old-style-declaration -Wno-unused-but-set-variable -Wno-unused-parameter -Werror -Wno-error=unused-but-set-variable -Wno-error=unused-parameter -I/builddir/build/BUILD/shim-16.1/Cryptlib/OpenSSL -I/builddir/build/BUILD/shim-16.1/Cryptlib -I/builddir/build/BUILD/shim-16.1/Cryptlib/OpenSSL/Include/ -I/builddir/build/BUILD/shim-16.1/Cryptlib/OpenSSL/crypto -I/builddir/build/BUILD/shim-16.1/Cryptlib/Include -I/builddir/build/BUILD/shim-16.1/gnu-efi/inc -I/builddir/build/BUILD/shim-16.1/gnu-efi/inc/x86_64 -I/builddir/build/BUILD/shim-16.1/gnu-efi/inc/protocol -I/builddir/build/BUILD/shim-16.1/Cryptlib/OpenSSL/crypto/asn1 -I/builddir/build/BUILD/shim-16.1/Cryptlib/OpenSSL/crypto/evp -I/builddir/build/BUILD/shim-16.1/Cryptlib/OpenSSL/crypto/modes -I/builddir/build/BUILD/shim-16.1/Cryptlib/OpenSSL/crypto/include -isystem /builddir/build/BUILD/shim-16.1/include/system -isystem /usr/lib/gcc/x86_64-redhat-linux/11/include -DL_ENDIAN -D_CRT_SECURE_NO_DEPRECATE -D_CRT_NONSTDC_NO_DEPRECATE -DOPENSSL_SMALL_FOOTPRINT -DPEDANTIC -DMDE_CPU_X64   -c -o crypto/pkcs12/p12_p8d.o /builddir/build/BUILD/shim-16.1/Cryptlib/OpenSSL/crypto/pkcs12/p12_p8d.c
#13 186.0 gcc -std=gnu11 -ggdb -gdwarf-4 -gstrict-dwarf -ffreestanding -fmacro-prefix-map=/builddir/build/BUILD/shim-16.1/= -fno-stack-protector -fno-strict-aliasing -fpic -fshort-wchar -nostdinc -m64 -mno-mmx -mno-sse -mno-red-zone -maccumulate-outgoing-args -Os -Wall -Wextra -Wno-missing-field-initializers -Wno-empty-body -Wno-implicit-fallthrough -Wno-old-style-declaration -Wno-unused-but-set-variable -Wno-unused-parameter -Werror -Wno-error=unused-but-set-variable -Wno-error=unused-parameter -I/builddir/build/BUILD/shim-16.1/Cryptlib/OpenSSL -I/builddir/build/BUILD/shim-16.1/Cryptlib -I/builddir/build/BUILD/shim-16.1/Cryptlib/OpenSSL/Include/ -I/builddir/build/BUILD/shim-16.1/Cryptlib/OpenSSL/crypto -I/builddir/build/BUILD/shim-16.1/Cryptlib/Include -I/builddir/build/BUILD/shim-16.1/gnu-efi/inc -I/builddir/build/BUILD/shim-16.1/gnu-efi/inc/x86_64 -I/builddir/build/BUILD/shim-16.1/gnu-efi/inc/protocol -I/builddir/build/BUILD/shim-16.1/Cryptlib/OpenSSL/crypto/asn1 -I/builddir/build/BUILD/shim-16.1/Cryptlib/OpenSSL/crypto/evp -I/builddir/build/BUILD/shim-16.1/Cryptlib/OpenSSL/crypto/modes -I/builddir/build/BUILD/shim-16.1/Cryptlib/OpenSSL/crypto/include -isystem /builddir/build/BUILD/shim-16.1/include/system -isystem /usr/lib/gcc/x86_64-redhat-linux/11/include -DL_ENDIAN -D_CRT_SECURE_NO_DEPRECATE -D_CRT_NONSTDC_NO_DEPRECATE -DOPENSSL_SMALL_FOOTPRINT -DPEDANTIC -DMDE_CPU_X64   -c -o crypto/pkcs12/p12_p8e.o /builddir/build/BUILD/shim-16.1/Cryptlib/OpenSSL/crypto/pkcs12/p12_p8e.c
#13 186.4 gcc -std=gnu11 -ggdb -gdwarf-4 -gstrict-dwarf -ffreestanding -fmacro-prefix-map=/builddir/build/BUILD/shim-16.1/= -fno-stack-protector -fno-strict-aliasing -fpic -fshort-wchar -nostdinc -m64 -mno-mmx -mno-sse -mno-red-zone -maccumulate-outgoing-args -Os -Wall -Wextra -Wno-missing-field-initializers -Wno-empty-body -Wno-implicit-fallthrough -Wno-old-style-declaration -Wno-unused-but-set-variable -Wno-unused-parameter -Werror -Wno-error=unused-but-set-variable -Wno-error=unused-parameter -I/builddir/build/BUILD/shim-16.1/Cryptlib/OpenSSL -I/builddir/build/BUILD/shim-16.1/Cryptlib -I/builddir/build/BUILD/shim-16.1/Cryptlib/OpenSSL/Include/ -I/builddir/build/BUILD/shim-16.1/Cryptlib/OpenSSL/crypto -I/builddir/build/BUILD/shim-16.1/Cryptlib/Include -I/builddir/build/BUILD/shim-16.1/gnu-efi/inc -I/builddir/build/BUILD/shim-16.1/gnu-efi/inc/x86_64 -I/builddir/build/BUILD/shim-16.1/gnu-efi/inc/protocol -I/builddir/build/BUILD/shim-16.1/Cryptlib/OpenSSL/crypto/asn1 -I/builddir/build/BUILD/shim-16.1/Cryptlib/OpenSSL/crypto/evp -I/builddir/build/BUILD/shim-16.1/Cryptlib/OpenSSL/crypto/modes -I/builddir/build/BUILD/shim-16.1/Cryptlib/OpenSSL/crypto/include -isystem /builddir/build/BUILD/shim-16.1/include/system -isystem /usr/lib/gcc/x86_64-redhat-linux/11/include -DL_ENDIAN -D_CRT_SECURE_NO_DEPRECATE -D_CRT_NONSTDC_NO_DEPRECATE -DOPENSSL_SMALL_FOOTPRINT -DPEDANTIC -DMDE_CPU_X64   -c -o crypto/comp/comp_lib.o /builddir/build/BUILD/shim-16.1/Cryptlib/OpenSSL/crypto/comp/comp_lib.c
#13 186.9 gcc -std=gnu11 -ggdb -gdwarf-4 -gstrict-dwarf -ffreestanding -fmacro-prefix-map=/builddir/build/BUILD/shim-16.1/= -fno-stack-protector -fno-strict-aliasing -fpic -fshort-wchar -nostdinc -m64 -mno-mmx -mno-sse -mno-red-zone -maccumulate-outgoing-args -Os -Wall -Wextra -Wno-missing-field-initializers -Wno-empty-body -Wno-implicit-fallthrough -Wno-old-style-declaration -Wno-unused-but-set-variable -Wno-unused-parameter -Werror -Wno-error=unused-but-set-variable -Wno-error=unused-parameter -I/builddir/build/BUILD/shim-16.1/Cryptlib/OpenSSL -I/builddir/build/BUILD/shim-16.1/Cryptlib -I/builddir/build/BUILD/shim-16.1/Cryptlib/OpenSSL/Include/ -I/builddir/build/BUILD/shim-16.1/Cryptlib/OpenSSL/crypto -I/builddir/build/BUILD/shim-16.1/Cryptlib/Include -I/builddir/build/BUILD/shim-16.1/gnu-efi/inc -I/builddir/build/BUILD/shim-16.1/gnu-efi/inc/x86_64 -I/builddir/build/BUILD/shim-16.1/gnu-efi/inc/protocol -I/builddir/build/BUILD/shim-16.1/Cryptlib/OpenSSL/crypto/asn1 -I/builddir/build/BUILD/shim-16.1/Cryptlib/OpenSSL/crypto/evp -I/builddir/build/BUILD/shim-16.1/Cryptlib/OpenSSL/crypto/modes -I/builddir/build/BUILD/shim-16.1/Cryptlib/OpenSSL/crypto/include -isystem /builddir/build/BUILD/shim-16.1/include/system -isystem /usr/lib/gcc/x86_64-redhat-linux/11/include -DL_ENDIAN -D_CRT_SECURE_NO_DEPRECATE -D_CRT_NONSTDC_NO_DEPRECATE -DOPENSSL_SMALL_FOOTPRINT -DPEDANTIC -DMDE_CPU_X64   -c -o crypto/comp/comp_err.o /builddir/build/BUILD/shim-16.1/Cryptlib/OpenSSL/crypto/comp/comp_err.c
#13 187.1 gcc -std=gnu11 -ggdb -gdwarf-4 -gstrict-dwarf -ffreestanding -fmacro-prefix-map=/builddir/build/BUILD/shim-16.1/= -fno-stack-protector -fno-strict-aliasing -fpic -fshort-wchar -nostdinc -m64 -mno-mmx -mno-sse -mno-red-zone -maccumulate-outgoing-args -Os -Wall -Wextra -Wno-missing-field-initializers -Wno-empty-body -Wno-implicit-fallthrough -Wno-old-style-declaration -Wno-unused-but-set-variable -Wno-unused-parameter -Werror -Wno-error=unused-but-set-variable -Wno-error=unused-parameter -I/builddir/build/BUILD/shim-16.1/Cryptlib/OpenSSL -I/builddir/build/BUILD/shim-16.1/Cryptlib -I/builddir/build/BUILD/shim-16.1/Cryptlib/OpenSSL/Include/ -I/builddir/build/BUILD/shim-16.1/Cryptlib/OpenSSL/crypto -I/builddir/build/BUILD/shim-16.1/Cryptlib/Include -I/builddir/build/BUILD/shim-16.1/gnu-efi/inc -I/builddir/build/BUILD/shim-16.1/gnu-efi/inc/x86_64 -I/builddir/build/BUILD/shim-16.1/gnu-efi/inc/protocol -I/builddir/build/BUILD/shim-16.1/Cryptlib/OpenSSL/crypto/asn1 -I/builddir/build/BUILD/shim-16.1/Cryptlib/OpenSSL/crypto/evp -I/builddir/build/BUILD/shim-16.1/Cryptlib/OpenSSL/crypto/modes -I/builddir/build/BUILD/shim-16.1/Cryptlib/OpenSSL/crypto/include -isystem /builddir/build/BUILD/shim-16.1/include/system -isystem /usr/lib/gcc/x86_64-redhat-linux/11/include -DL_ENDIAN -D_CRT_SECURE_NO_DEPRECATE -D_CRT_NONSTDC_NO_DEPRECATE -DOPENSSL_SMALL_FOOTPRINT -DPEDANTIC -DMDE_CPU_X64   -c -o crypto/comp/c_rle.o /builddir/build/BUILD/shim-16.1/Cryptlib/OpenSSL/crypto/comp/c_rle.c
#13 187.5 gcc -std=gnu11 -ggdb -gdwarf-4 -gstrict-dwarf -ffreestanding -fmacro-prefix-map=/builddir/build/BUILD/shim-16.1/= -fno-stack-protector -fno-strict-aliasing -fpic -fshort-wchar -nostdinc -m64 -mno-mmx -mno-sse -mno-red-zone -maccumulate-outgoing-args -Os -Wall -Wextra -Wno-missing-field-initializers -Wno-empty-body -Wno-implicit-fallthrough -Wno-old-style-declaration -Wno-unused-but-set-variable -Wno-unused-parameter -Werror -Wno-error=unused-but-set-variable -Wno-error=unused-parameter -I/builddir/build/BUILD/shim-16.1/Cryptlib/OpenSSL -I/builddir/build/BUILD/shim-16.1/Cryptlib -I/builddir/build/BUILD/shim-16.1/Cryptlib/OpenSSL/Include/ -I/builddir/build/BUILD/shim-16.1/Cryptlib/OpenSSL/crypto -I/builddir/build/BUILD/shim-16.1/Cryptlib/Include -I/builddir/build/BUILD/shim-16.1/gnu-efi/inc -I/builddir/build/BUILD/shim-16.1/gnu-efi/inc/x86_64 -I/builddir/build/BUILD/shim-16.1/gnu-efi/inc/protocol -I/builddir/build/BUILD/shim-16.1/Cryptlib/OpenSSL/crypto/asn1 -I/builddir/build/BUILD/shim-16.1/Cryptlib/OpenSSL/crypto/evp -I/builddir/build/BUILD/shim-16.1/Cryptlib/OpenSSL/crypto/modes -I/builddir/build/BUILD/shim-16.1/Cryptlib/OpenSSL/crypto/include -isystem /builddir/build/BUILD/shim-16.1/include/system -isystem /usr/lib/gcc/x86_64-redhat-linux/11/include -DL_ENDIAN -D_CRT_SECURE_NO_DEPRECATE -D_CRT_NONSTDC_NO_DEPRECATE -DOPENSSL_SMALL_FOOTPRINT -DPEDANTIC -DMDE_CPU_X64   -c -o crypto/comp/c_zlib.o /builddir/build/BUILD/shim-16.1/Cryptlib/OpenSSL/crypto/comp/c_zlib.c
#13 187.8 gcc -std=gnu11 -ggdb -gdwarf-4 -gstrict-dwarf -ffreestanding -fmacro-prefix-map=/builddir/build/BUILD/shim-16.1/= -fno-stack-protector -fno-strict-aliasing -fpic -fshort-wchar -nostdinc -m64 -mno-mmx -mno-sse -mno-red-zone -maccumulate-outgoing-args -Os -Wall -Wextra -Wno-missing-field-initializers -Wno-empty-body -Wno-implicit-fallthrough -Wno-old-style-declaration -Wno-unused-but-set-variable -Wno-unused-parameter -Werror -Wno-error=unused-but-set-variable -Wno-error=unused-parameter -I/builddir/build/BUILD/shim-16.1/Cryptlib/OpenSSL -I/builddir/build/BUILD/shim-16.1/Cryptlib -I/builddir/build/BUILD/shim-16.1/Cryptlib/OpenSSL/Include/ -I/builddir/build/BUILD/shim-16.1/Cryptlib/OpenSSL/crypto -I/builddir/build/BUILD/shim-16.1/Cryptlib/Include -I/builddir/build/BUILD/shim-16.1/gnu-efi/inc -I/builddir/build/BUILD/shim-16.1/gnu-efi/inc/x86_64 -I/builddir/build/BUILD/shim-16.1/gnu-efi/inc/protocol -I/builddir/build/BUILD/shim-16.1/Cryptlib/OpenSSL/crypto/asn1 -I/builddir/build/BUILD/shim-16.1/Cryptlib/OpenSSL/crypto/evp -I/builddir/build/BUILD/shim-16.1/Cryptlib/OpenSSL/crypto/modes -I/builddir/build/BUILD/shim-16.1/Cryptlib/OpenSSL/crypto/include -isystem /builddir/build/BUILD/shim-16.1/include/system -isystem /usr/lib/gcc/x86_64-redhat-linux/11/include -DL_ENDIAN -D_CRT_SECURE_NO_DEPRECATE -D_CRT_NONSTDC_NO_DEPRECATE -DOPENSSL_SMALL_FOOTPRINT -DPEDANTIC -DMDE_CPU_X64   -c -o crypto/ocsp/ocsp_asn.o /builddir/build/BUILD/shim-16.1/Cryptlib/OpenSSL/crypto/ocsp/ocsp_asn.c
#13 188.2 gcc -std=gnu11 -ggdb -gdwarf-4 -gstrict-dwarf -ffreestanding -fmacro-prefix-map=/builddir/build/BUILD/shim-16.1/= -fno-stack-protector -fno-strict-aliasing -fpic -fshort-wchar -nostdinc -m64 -mno-mmx -mno-sse -mno-red-zone -maccumulate-outgoing-args -Os -Wall -Wextra -Wno-missing-field-initializers -Wno-empty-body -Wno-implicit-fallthrough -Wno-old-style-declaration -Wno-unused-but-set-variable -Wno-unused-parameter -Werror -Wno-error=unused-but-set-variable -Wno-error=unused-parameter -I/builddir/build/BUILD/shim-16.1/Cryptlib/OpenSSL -I/builddir/build/BUILD/shim-16.1/Cryptlib -I/builddir/build/BUILD/shim-16.1/Cryptlib/OpenSSL/Include/ -I/builddir/build/BUILD/shim-16.1/Cryptlib/OpenSSL/crypto -I/builddir/build/BUILD/shim-16.1/Cryptlib/Include -I/builddir/build/BUILD/shim-16.1/gnu-efi/inc -I/builddir/build/BUILD/shim-16.1/gnu-efi/inc/x86_64 -I/builddir/build/BUILD/shim-16.1/gnu-efi/inc/protocol -I/builddir/build/BUILD/shim-16.1/Cryptlib/OpenSSL/crypto/asn1 -I/builddir/build/BUILD/shim-16.1/Cryptlib/OpenSSL/crypto/evp -I/builddir/build/BUILD/shim-16.1/Cryptlib/OpenSSL/crypto/modes -I/builddir/build/BUILD/shim-16.1/Cryptlib/OpenSSL/crypto/include -isystem /builddir/build/BUILD/shim-16.1/include/system -isystem /usr/lib/gcc/x86_64-redhat-linux/11/include -DL_ENDIAN -D_CRT_SECURE_NO_DEPRECATE -D_CRT_NONSTDC_NO_DEPRECATE -DOPENSSL_SMALL_FOOTPRINT -DPEDANTIC -DMDE_CPU_X64   -c -o crypto/ocsp/ocsp_ext.o /builddir/build/BUILD/shim-16.1/Cryptlib/OpenSSL/crypto/ocsp/ocsp_ext.c
#13 188.7 gcc -std=gnu11 -ggdb -gdwarf-4 -gstrict-dwarf -ffreestanding -fmacro-prefix-map=/builddir/build/BUILD/shim-16.1/= -fno-stack-protector -fno-strict-aliasing -fpic -fshort-wchar -nostdinc -m64 -mno-mmx -mno-sse -mno-red-zone -maccumulate-outgoing-args -Os -Wall -Wextra -Wno-missing-field-initializers -Wno-empty-body -Wno-implicit-fallthrough -Wno-old-style-declaration -Wno-unused-but-set-variable -Wno-unused-parameter -Werror -Wno-error=unused-but-set-variable -Wno-error=unused-parameter -I/builddir/build/BUILD/shim-16.1/Cryptlib/OpenSSL -I/builddir/build/BUILD/shim-16.1/Cryptlib -I/builddir/build/BUILD/shim-16.1/Cryptlib/OpenSSL/Include/ -I/builddir/build/BUILD/shim-16.1/Cryptlib/OpenSSL/crypto -I/builddir/build/BUILD/shim-16.1/Cryptlib/Include -I/builddir/build/BUILD/shim-16.1/gnu-efi/inc -I/builddir/build/BUILD/shim-16.1/gnu-efi/inc/x86_64 -I/builddir/build/BUILD/shim-16.1/gnu-efi/inc/protocol -I/builddir/build/BUILD/shim-16.1/Cryptlib/OpenSSL/crypto/asn1 -I/builddir/build/BUILD/shim-16.1/Cryptlib/OpenSSL/crypto/evp -I/builddir/build/BUILD/shim-16.1/Cryptlib/OpenSSL/crypto/modes -I/builddir/build/BUILD/shim-16.1/Cryptlib/OpenSSL/crypto/include -isystem /builddir/build/BUILD/shim-16.1/include/system -isystem /usr/lib/gcc/x86_64-redhat-linux/11/include -DL_ENDIAN -D_CRT_SECURE_NO_DEPRECATE -D_CRT_NONSTDC_NO_DEPRECATE -DOPENSSL_SMALL_FOOTPRINT -DPEDANTIC -DMDE_CPU_X64   -c -o crypto/ocsp/ocsp_ht.o /builddir/build/BUILD/shim-16.1/Cryptlib/OpenSSL/crypto/ocsp/ocsp_ht.c
#13 189.2 gcc -std=gnu11 -ggdb -gdwarf-4 -gstrict-dwarf -ffreestanding -fmacro-prefix-map=/builddir/build/BUILD/shim-16.1/= -fno-stack-protector -fno-strict-aliasing -fpic -fshort-wchar -nostdinc -m64 -mno-mmx -mno-sse -mno-red-zone -maccumulate-outgoing-args -Os -Wall -Wextra -Wno-missing-field-initializers -Wno-empty-body -Wno-implicit-fallthrough -Wno-old-style-declaration -Wno-unused-but-set-variable -Wno-unused-parameter -Werror -Wno-error=unused-but-set-variable -Wno-error=unused-parameter -I/builddir/build/BUILD/shim-16.1/Cryptlib/OpenSSL -I/builddir/build/BUILD/shim-16.1/Cryptlib -I/builddir/build/BUILD/shim-16.1/Cryptlib/OpenSSL/Include/ -I/builddir/build/BUILD/shim-16.1/Cryptlib/OpenSSL/crypto -I/builddir/build/BUILD/shim-16.1/Cryptlib/Include -I/builddir/build/BUILD/shim-16.1/gnu-efi/inc -I/builddir/build/BUILD/shim-16.1/gnu-efi/inc/x86_64 -I/builddir/build/BUILD/shim-16.1/gnu-efi/inc/protocol -I/builddir/build/BUILD/shim-16.1/Cryptlib/OpenSSL/crypto/asn1 -I/builddir/build/BUILD/shim-16.1/Cryptlib/OpenSSL/crypto/evp -I/builddir/build/BUILD/shim-16.1/Cryptlib/OpenSSL/crypto/modes -I/builddir/build/BUILD/shim-16.1/Cryptlib/OpenSSL/crypto/include -isystem /builddir/build/BUILD/shim-16.1/include/system -isystem /usr/lib/gcc/x86_64-redhat-linux/11/include -DL_ENDIAN -D_CRT_SECURE_NO_DEPRECATE -D_CRT_NONSTDC_NO_DEPRECATE -DOPENSSL_SMALL_FOOTPRINT -DPEDANTIC -DMDE_CPU_X64   -c -o crypto/ocsp/ocsp_lib.o /builddir/build/BUILD/shim-16.1/Cryptlib/OpenSSL/crypto/ocsp/ocsp_lib.c
#13 189.7 gcc -std=gnu11 -ggdb -gdwarf-4 -gstrict-dwarf -ffreestanding -fmacro-prefix-map=/builddir/build/BUILD/shim-16.1/= -fno-stack-protector -fno-strict-aliasing -fpic -fshort-wchar -nostdinc -m64 -mno-mmx -mno-sse -mno-red-zone -maccumulate-outgoing-args -Os -Wall -Wextra -Wno-missing-field-initializers -Wno-empty-body -Wno-implicit-fallthrough -Wno-old-style-declaration -Wno-unused-but-set-variable -Wno-unused-parameter -Werror -Wno-error=unused-but-set-variable -Wno-error=unused-parameter -I/builddir/build/BUILD/shim-16.1/Cryptlib/OpenSSL -I/builddir/build/BUILD/shim-16.1/Cryptlib -I/builddir/build/BUILD/shim-16.1/Cryptlib/OpenSSL/Include/ -I/builddir/build/BUILD/shim-16.1/Cryptlib/OpenSSL/crypto -I/builddir/build/BUILD/shim-16.1/Cryptlib/Include -I/builddir/build/BUILD/shim-16.1/gnu-efi/inc -I/builddir/build/BUILD/shim-16.1/gnu-efi/inc/x86_64 -I/builddir/build/BUILD/shim-16.1/gnu-efi/inc/protocol -I/builddir/build/BUILD/shim-16.1/Cryptlib/OpenSSL/crypto/asn1 -I/builddir/build/BUILD/shim-16.1/Cryptlib/OpenSSL/crypto/evp -I/builddir/build/BUILD/shim-16.1/Cryptlib/OpenSSL/crypto/modes -I/builddir/build/BUILD/shim-16.1/Cryptlib/OpenSSL/crypto/include -isystem /builddir/build/BUILD/shim-16.1/include/system -isystem /usr/lib/gcc/x86_64-redhat-linux/11/include -DL_ENDIAN -D_CRT_SECURE_NO_DEPRECATE -D_CRT_NONSTDC_NO_DEPRECATE -DOPENSSL_SMALL_FOOTPRINT -DPEDANTIC -DMDE_CPU_X64   -c -o crypto/ocsp/ocsp_cl.o /builddir/build/BUILD/shim-16.1/Cryptlib/OpenSSL/crypto/ocsp/ocsp_cl.c
#13 190.2 gcc -std=gnu11 -ggdb -gdwarf-4 -gstrict-dwarf -ffreestanding -fmacro-prefix-map=/builddir/build/BUILD/shim-16.1/= -fno-stack-protector -fno-strict-aliasing -fpic -fshort-wchar -nostdinc -m64 -mno-mmx -mno-sse -mno-red-zone -maccumulate-outgoing-args -Os -Wall -Wextra -Wno-missing-field-initializers -Wno-empty-body -Wno-implicit-fallthrough -Wno-old-style-declaration -Wno-unused-but-set-variable -Wno-unused-parameter -Werror -Wno-error=unused-but-set-variable -Wno-error=unused-parameter -I/builddir/build/BUILD/shim-16.1/Cryptlib/OpenSSL -I/builddir/build/BUILD/shim-16.1/Cryptlib -I/builddir/build/BUILD/shim-16.1/Cryptlib/OpenSSL/Include/ -I/builddir/build/BUILD/shim-16.1/Cryptlib/OpenSSL/crypto -I/builddir/build/BUILD/shim-16.1/Cryptlib/Include -I/builddir/build/BUILD/shim-16.1/gnu-efi/inc -I/builddir/build/BUILD/shim-16.1/gnu-efi/inc/x86_64 -I/builddir/build/BUILD/shim-16.1/gnu-efi/inc/protocol -I/builddir/build/BUILD/shim-16.1/Cryptlib/OpenSSL/crypto/asn1 -I/builddir/build/BUILD/shim-16.1/Cryptlib/OpenSSL/crypto/evp -I/builddir/build/BUILD/shim-16.1/Cryptlib/OpenSSL/crypto/modes -I/builddir/build/BUILD/shim-16.1/Cryptlib/OpenSSL/crypto/include -isystem /builddir/build/BUILD/shim-16.1/include/system -isystem /usr/lib/gcc/x86_64-redhat-linux/11/include -DL_ENDIAN -D_CRT_SECURE_NO_DEPRECATE -D_CRT_NONSTDC_NO_DEPRECATE -DOPENSSL_SMALL_FOOTPRINT -DPEDANTIC -DMDE_CPU_X64   -c -o crypto/ocsp/ocsp_srv.o /builddir/build/BUILD/shim-16.1/Cryptlib/OpenSSL/crypto/ocsp/ocsp_srv.c
#13 190.7 gcc -std=gnu11 -ggdb -gdwarf-4 -gstrict-dwarf -ffreestanding -fmacro-prefix-map=/builddir/build/BUILD/shim-16.1/= -fno-stack-protector -fno-strict-aliasing -fpic -fshort-wchar -nostdinc -m64 -mno-mmx -mno-sse -mno-red-zone -maccumulate-outgoing-args -Os -Wall -Wextra -Wno-missing-field-initializers -Wno-empty-body -Wno-implicit-fallthrough -Wno-old-style-declaration -Wno-unused-but-set-variable -Wno-unused-parameter -Werror -Wno-error=unused-but-set-variable -Wno-error=unused-parameter -I/builddir/build/BUILD/shim-16.1/Cryptlib/OpenSSL -I/builddir/build/BUILD/shim-16.1/Cryptlib -I/builddir/build/BUILD/shim-16.1/Cryptlib/OpenSSL/Include/ -I/builddir/build/BUILD/shim-16.1/Cryptlib/OpenSSL/crypto -I/builddir/build/BUILD/shim-16.1/Cryptlib/Include -I/builddir/build/BUILD/shim-16.1/gnu-efi/inc -I/builddir/build/BUILD/shim-16.1/gnu-efi/inc/x86_64 -I/builddir/build/BUILD/shim-16.1/gnu-efi/inc/protocol -I/builddir/build/BUILD/shim-16.1/Cryptlib/OpenSSL/crypto/asn1 -I/builddir/build/BUILD/shim-16.1/Cryptlib/OpenSSL/crypto/evp -I/builddir/build/BUILD/shim-16.1/Cryptlib/OpenSSL/crypto/modes -I/builddir/build/BUILD/shim-16.1/Cryptlib/OpenSSL/crypto/include -isystem /builddir/build/BUILD/shim-16.1/include/system -isystem /usr/lib/gcc/x86_64-redhat-linux/11/include -DL_ENDIAN -D_CRT_SECURE_NO_DEPRECATE -D_CRT_NONSTDC_NO_DEPRECATE -DOPENSSL_SMALL_FOOTPRINT -DPEDANTIC -DMDE_CPU_X64   -c -o crypto/ocsp/ocsp_prn.o /builddir/build/BUILD/shim-16.1/Cryptlib/OpenSSL/crypto/ocsp/ocsp_prn.c
#13 191.2 gcc -std=gnu11 -ggdb -gdwarf-4 -gstrict-dwarf -ffreestanding -fmacro-prefix-map=/builddir/build/BUILD/shim-16.1/= -fno-stack-protector -fno-strict-aliasing -fpic -fshort-wchar -nostdinc -m64 -mno-mmx -mno-sse -mno-red-zone -maccumulate-outgoing-args -Os -Wall -Wextra -Wno-missing-field-initializers -Wno-empty-body -Wno-implicit-fallthrough -Wno-old-style-declaration -Wno-unused-but-set-variable -Wno-unused-parameter -Werror -Wno-error=unused-but-set-variable -Wno-error=unused-parameter -I/builddir/build/BUILD/shim-16.1/Cryptlib/OpenSSL -I/builddir/build/BUILD/shim-16.1/Cryptlib -I/builddir/build/BUILD/shim-16.1/Cryptlib/OpenSSL/Include/ -I/builddir/build/BUILD/shim-16.1/Cryptlib/OpenSSL/crypto -I/builddir/build/BUILD/shim-16.1/Cryptlib/Include -I/builddir/build/BUILD/shim-16.1/gnu-efi/inc -I/builddir/build/BUILD/shim-16.1/gnu-efi/inc/x86_64 -I/builddir/build/BUILD/shim-16.1/gnu-efi/inc/protocol -I/builddir/build/BUILD/shim-16.1/Cryptlib/OpenSSL/crypto/asn1 -I/builddir/build/BUILD/shim-16.1/Cryptlib/OpenSSL/crypto/evp -I/builddir/build/BUILD/shim-16.1/Cryptlib/OpenSSL/crypto/modes -I/builddir/build/BUILD/shim-16.1/Cryptlib/OpenSSL/crypto/include -isystem /builddir/build/BUILD/shim-16.1/include/system -isystem /usr/lib/gcc/x86_64-redhat-linux/11/include -DL_ENDIAN -D_CRT_SECURE_NO_DEPRECATE -D_CRT_NONSTDC_NO_DEPRECATE -DOPENSSL_SMALL_FOOTPRINT -DPEDANTIC -DMDE_CPU_X64   -c -o crypto/ocsp/ocsp_vfy.o /builddir/build/BUILD/shim-16.1/Cryptlib/OpenSSL/crypto/ocsp/ocsp_vfy.c
#13 191.7 gcc -std=gnu11 -ggdb -gdwarf-4 -gstrict-dwarf -ffreestanding -fmacro-prefix-map=/builddir/build/BUILD/shim-16.1/= -fno-stack-protector -fno-strict-aliasing -fpic -fshort-wchar -nostdinc -m64 -mno-mmx -mno-sse -mno-red-zone -maccumulate-outgoing-args -Os -Wall -Wextra -Wno-missing-field-initializers -Wno-empty-body -Wno-implicit-fallthrough -Wno-old-style-declaration -Wno-unused-but-set-variable -Wno-unused-parameter -Werror -Wno-error=unused-but-set-variable -Wno-error=unused-parameter -I/builddir/build/BUILD/shim-16.1/Cryptlib/OpenSSL -I/builddir/build/BUILD/shim-16.1/Cryptlib -I/builddir/build/BUILD/shim-16.1/Cryptlib/OpenSSL/Include/ -I/builddir/build/BUILD/shim-16.1/Cryptlib/OpenSSL/crypto -I/builddir/build/BUILD/shim-16.1/Cryptlib/Include -I/builddir/build/BUILD/shim-16.1/gnu-efi/inc -I/builddir/build/BUILD/shim-16.1/gnu-efi/inc/x86_64 -I/builddir/build/BUILD/shim-16.1/gnu-efi/inc/protocol -I/builddir/build/BUILD/shim-16.1/Cryptlib/OpenSSL/crypto/asn1 -I/builddir/build/BUILD/shim-16.1/Cryptlib/OpenSSL/crypto/evp -I/builddir/build/BUILD/shim-16.1/Cryptlib/OpenSSL/crypto/modes -I/builddir/build/BUILD/shim-16.1/Cryptlib/OpenSSL/crypto/include -isystem /builddir/build/BUILD/shim-16.1/include/system -isystem /usr/lib/gcc/x86_64-redhat-linux/11/include -DL_ENDIAN -D_CRT_SECURE_NO_DEPRECATE -D_CRT_NONSTDC_NO_DEPRECATE -DOPENSSL_SMALL_FOOTPRINT -DPEDANTIC -DMDE_CPU_X64   -c -o crypto/ocsp/ocsp_err.o /builddir/build/BUILD/shim-16.1/Cryptlib/OpenSSL/crypto/ocsp/ocsp_err.c
#13 192.0 gcc -std=gnu11 -ggdb -gdwarf-4 -gstrict-dwarf -ffreestanding -fmacro-prefix-map=/builddir/build/BUILD/shim-16.1/= -fno-stack-protector -fno-strict-aliasing -fpic -fshort-wchar -nostdinc -m64 -mno-mmx -mno-sse -mno-red-zone -maccumulate-outgoing-args -Os -Wall -Wextra -Wno-missing-field-initializers -Wno-empty-body -Wno-implicit-fallthrough -Wno-old-style-declaration -Wno-unused-but-set-variable -Wno-unused-parameter -Werror -Wno-error=unused-but-set-variable -Wno-error=unused-parameter -I/builddir/build/BUILD/shim-16.1/Cryptlib/OpenSSL -I/builddir/build/BUILD/shim-16.1/Cryptlib -I/builddir/build/BUILD/shim-16.1/Cryptlib/OpenSSL/Include/ -I/builddir/build/BUILD/shim-16.1/Cryptlib/OpenSSL/crypto -I/builddir/build/BUILD/shim-16.1/Cryptlib/Include -I/builddir/build/BUILD/shim-16.1/gnu-efi/inc -I/builddir/build/BUILD/shim-16.1/gnu-efi/inc/x86_64 -I/builddir/build/BUILD/shim-16.1/gnu-efi/inc/protocol -I/builddir/build/BUILD/shim-16.1/Cryptlib/OpenSSL/crypto/asn1 -I/builddir/build/BUILD/shim-16.1/Cryptlib/OpenSSL/crypto/evp -I/builddir/build/BUILD/shim-16.1/Cryptlib/OpenSSL/crypto/modes -I/builddir/build/BUILD/shim-16.1/Cryptlib/OpenSSL/crypto/include -isystem /builddir/build/BUILD/shim-16.1/include/system -isystem /usr/lib/gcc/x86_64-redhat-linux/11/include -DL_ENDIAN -D_CRT_SECURE_NO_DEPRECATE -D_CRT_NONSTDC_NO_DEPRECATE -DOPENSSL_SMALL_FOOTPRINT -DPEDANTIC -DMDE_CPU_X64   -c -o crypto/cmac/cmac.o /builddir/build/BUILD/shim-16.1/Cryptlib/OpenSSL/crypto/cmac/cmac.c
#13 192.5 gcc -std=gnu11 -ggdb -gdwarf-4 -gstrict-dwarf -ffreestanding -fmacro-prefix-map=/builddir/build/BUILD/shim-16.1/= -fno-stack-protector -fno-strict-aliasing -fpic -fshort-wchar -nostdinc -m64 -mno-mmx -mno-sse -mno-red-zone -maccumulate-outgoing-args -Os -Wall -Wextra -Wno-missing-field-initializers -Wno-empty-body -Wno-implicit-fallthrough -Wno-old-style-declaration -Wno-unused-but-set-variable -Wno-unused-parameter -Werror -Wno-error=unused-but-set-variable -Wno-error=unused-parameter -I/builddir/build/BUILD/shim-16.1/Cryptlib/OpenSSL -I/builddir/build/BUILD/shim-16.1/Cryptlib -I/builddir/build/BUILD/shim-16.1/Cryptlib/OpenSSL/Include/ -I/builddir/build/BUILD/shim-16.1/Cryptlib/OpenSSL/crypto -I/builddir/build/BUILD/shim-16.1/Cryptlib/Include -I/builddir/build/BUILD/shim-16.1/gnu-efi/inc -I/builddir/build/BUILD/shim-16.1/gnu-efi/inc/x86_64 -I/builddir/build/BUILD/shim-16.1/gnu-efi/inc/protocol -I/builddir/build/BUILD/shim-16.1/Cryptlib/OpenSSL/crypto/asn1 -I/builddir/build/BUILD/shim-16.1/Cryptlib/OpenSSL/crypto/evp -I/builddir/build/BUILD/shim-16.1/Cryptlib/OpenSSL/crypto/modes -I/builddir/build/BUILD/shim-16.1/Cryptlib/OpenSSL/crypto/include -isystem /builddir/build/BUILD/shim-16.1/include/system -isystem /usr/lib/gcc/x86_64-redhat-linux/11/include -DL_ENDIAN -D_CRT_SECURE_NO_DEPRECATE -D_CRT_NONSTDC_NO_DEPRECATE -DOPENSSL_SMALL_FOOTPRINT -DPEDANTIC -DMDE_CPU_X64   -c -o crypto/cmac/cm_ameth.o /builddir/build/BUILD/shim-16.1/Cryptlib/OpenSSL/crypto/cmac/cm_ameth.c
#13 192.8 gcc -std=gnu11 -ggdb -gdwarf-4 -gstrict-dwarf -ffreestanding -fmacro-prefix-map=/builddir/build/BUILD/shim-16.1/= -fno-stack-protector -fno-strict-aliasing -fpic -fshort-wchar -nostdinc -m64 -mno-mmx -mno-sse -mno-red-zone -maccumulate-outgoing-args -Os -Wall -Wextra -Wno-missing-field-initializers -Wno-empty-body -Wno-implicit-fallthrough -Wno-old-style-declaration -Wno-unused-but-set-variable -Wno-unused-parameter -Werror -Wno-error=unused-but-set-variable -Wno-error=unused-parameter -I/builddir/build/BUILD/shim-16.1/Cryptlib/OpenSSL -I/builddir/build/BUILD/shim-16.1/Cryptlib -I/builddir/build/BUILD/shim-16.1/Cryptlib/OpenSSL/Include/ -I/builddir/build/BUILD/shim-16.1/Cryptlib/OpenSSL/crypto -I/builddir/build/BUILD/shim-16.1/Cryptlib/Include -I/builddir/build/BUILD/shim-16.1/gnu-efi/inc -I/builddir/build/BUILD/shim-16.1/gnu-efi/inc/x86_64 -I/builddir/build/BUILD/shim-16.1/gnu-efi/inc/protocol -I/builddir/build/BUILD/shim-16.1/Cryptlib/OpenSSL/crypto/asn1 -I/builddir/build/BUILD/shim-16.1/Cryptlib/OpenSSL/crypto/evp -I/builddir/build/BUILD/shim-16.1/Cryptlib/OpenSSL/crypto/modes -I/builddir/build/BUILD/shim-16.1/Cryptlib/OpenSSL/crypto/include -isystem /builddir/build/BUILD/shim-16.1/include/system -isystem /usr/lib/gcc/x86_64-redhat-linux/11/include -DL_ENDIAN -D_CRT_SECURE_NO_DEPRECATE -D_CRT_NONSTDC_NO_DEPRECATE -DOPENSSL_SMALL_FOOTPRINT -DPEDANTIC -DMDE_CPU_X64   -c -o crypto/cmac/cm_pmeth.o /builddir/build/BUILD/shim-16.1/Cryptlib/OpenSSL/crypto/cmac/cm_pmeth.c
#13 193.3 ar rcs libopenssl.a crypto/cryptlib.o crypto/mem.o crypto/mem_clr.o crypto/mem_dbg.o crypto/cversion.o crypto/ex_data.o crypto/cpt_err.o crypto/ebcdic.o crypto/uid.o crypto/o_time.o crypto/o_str.o crypto/o_dir.o crypto/o_fips.o crypto/o_init.o crypto/fips_ers.o crypto/md5/md5_dgst.o crypto/md5/md5_one.o crypto/sha/sha_dgst.o crypto/sha/sha1dgst.o crypto/sha/sha_one.o crypto/sha/sha1_one.o crypto/sha/sha256.o crypto/sha/sha512.o crypto/hmac/hmac.o crypto/hmac/hm_ameth.o crypto/hmac/hm_pmeth.o crypto/rc4/rc4_enc.o crypto/rc4/rc4_skey.o crypto/rc4/rc4_utl.o crypto/aes/aes_misc.o crypto/aes/aes_ecb.o crypto/aes/aes_cfb.o crypto/aes/aes_ofb.o crypto/aes/aes_ctr.o crypto/aes/aes_ige.o crypto/aes/aes_wrap.o crypto/aes/aes_core.o crypto/aes/aes_cbc.o crypto/modes/cbc128.o crypto/modes/ctr128.o crypto/modes/cts128.o crypto/modes/cfb128.o crypto/modes/ofb128.o crypto/modes/gcm128.o crypto/modes/ccm128.o crypto/modes/xts128.o crypto/modes/wrap128.o crypto/bn/bn_add.o crypto/bn/bn_div.o crypto/bn/bn_exp.o crypto/bn/bn_lib.o crypto/bn/bn_ctx.o crypto/bn/bn_mul.o crypto/bn/bn_mod.o crypto/bn/bn_print.o crypto/bn/bn_rand.o crypto/bn/bn_shift.o crypto/bn/bn_word.o crypto/bn/bn_blind.o crypto/bn/bn_kron.o crypto/bn/bn_sqrt.o crypto/bn/bn_gcd.o crypto/bn/bn_prime.o crypto/bn/bn_err.o crypto/bn/bn_sqr.o crypto/bn/bn_asm.o crypto/bn/bn_recp.o crypto/bn/bn_mont.o crypto/bn/bn_mpi.o crypto/bn/bn_exp2.o crypto/bn/bn_gf2m.o crypto/bn/bn_nist.o crypto/bn/bn_depr.o crypto/bn/bn_x931p.o crypto/bn/bn_const.o crypto/rsa/rsa_eay.o crypto/rsa/rsa_gen.o crypto/rsa/rsa_lib.o crypto/rsa/rsa_sign.o crypto/rsa/rsa_saos.o crypto/rsa/rsa_err.o crypto/rsa/rsa_pk1.o crypto/rsa/rsa_ssl.o crypto/rsa/rsa_none.o crypto/rsa/rsa_oaep.o crypto/rsa/rsa_chk.o crypto/rsa/rsa_null.o crypto/rsa/rsa_pss.o crypto/rsa/rsa_x931.o crypto/rsa/rsa_asn1.o crypto/rsa/rsa_depr.o crypto/rsa/rsa_ameth.o crypto/rsa/rsa_prn.o crypto/rsa/rsa_pmeth.o crypto/rsa/rsa_crpt.o crypto/dso/dso_dl.o crypto/dso/dso_dlfcn.o crypto/dso/dso_err.o crypto/dso/dso_lib.o crypto/dso/dso_null.o crypto/dso/dso_openssl.o crypto/dso/dso_win32.o crypto/dso/dso_vms.o crypto/dso/dso_beos.o crypto/dh/dh_asn1.o crypto/dh/dh_gen.o crypto/dh/dh_key.o crypto/dh/dh_lib.o crypto/dh/dh_check.o crypto/dh/dh_err.o crypto/dh/dh_depr.o crypto/dh/dh_ameth.o crypto/dh/dh_pmeth.o crypto/dh/dh_prn.o crypto/dh/dh_rfc5114.o crypto/buffer/buffer.o crypto/buffer/buf_str.o crypto/buffer/buf_err.o crypto/bio/bio_lib.o crypto/bio/bio_cb.o crypto/bio/bio_err.o crypto/bio/bss_mem.o crypto/bio/bss_null.o crypto/bio/bss_fd.o crypto/bio/bss_file.o crypto/bio/bss_sock.o crypto/bio/bss_conn.o crypto/bio/bf_null.o crypto/bio/bf_buff.o crypto/bio/b_dump.o crypto/bio/b_print.o crypto/bio/b_sock.o crypto/bio/bss_acpt.o crypto/bio/bf_nbio.o crypto/bio/bss_log.o crypto/bio/bss_bio.o crypto/bio/bss_dgram.o crypto/stack/stack.o crypto/lhash/lhash.o crypto/lhash/lh_stats.o crypto/rand/md_rand.o crypto/rand/randfile.o crypto/rand/rand_lib.o crypto/rand/rand_err.o crypto/rand/rand_unix.o crypto/err/err.o crypto/err/err_all.o crypto/err/err_prn.o crypto/objects/o_names.o crypto/objects/obj_dat.o crypto/objects/obj_lib.o crypto/objects/obj_err.o crypto/objects/obj_xref.o crypto/evp/encode.o crypto/evp/digest.o crypto/evp/evp_enc.o crypto/evp/evp_key.o crypto/evp/evp_acnf.o crypto/evp/evp_cnf.o crypto/evp/e_des.o crypto/evp/e_bf.o crypto/evp/e_idea.o crypto/evp/e_des3.o crypto/evp/e_camellia.o crypto/evp/e_rc4.o crypto/evp/e_aes.o crypto/evp/names.o crypto/evp/e_seed.o crypto/evp/e_xcbc_d.o crypto/evp/e_rc2.o crypto/evp/e_cast.o crypto/evp/e_rc5.o crypto/evp/m_null.o crypto/evp/m_md2.o crypto/evp/m_md4.o crypto/evp/m_md5.o crypto/evp/m_sha.o crypto/evp/m_sha1.o crypto/evp/m_wp.o crypto/evp/m_dss.o crypto/evp/m_dss1.o crypto/evp/m_mdc2.o crypto/evp/m_ripemd.o crypto/evp/m_ecdsa.o crypto/evp/p_open.o crypto/evp/p_seal.o crypto/evp/p_sign.o crypto/evp/p_verify.o crypto/evp/p_lib.o crypto/evp/p_enc.o crypto/evp/p_dec.o crypto/evp/bio_md.o crypto/evp/bio_b64.o crypto/evp/bio_enc.o crypto/evp/evp_err.o crypto/evp/e_null.o crypto/evp/c_all.o crypto/evp/c_allc.o crypto/evp/c_alld.o crypto/evp/evp_lib.o crypto/evp/bio_ok.o crypto/evp/evp_pkey.o crypto/evp/evp_pbe.o crypto/evp/p5_crpt.o crypto/evp/p5_crpt2.o crypto/evp/e_old.o crypto/evp/pmeth_lib.o crypto/evp/pmeth_fn.o crypto/evp/pmeth_gn.o crypto/evp/m_sigver.o crypto/evp/e_aes_cbc_hmac_sha1.o crypto/evp/e_aes_cbc_hmac_sha256.o crypto/evp/e_rc4_hmac_md5.o crypto/asn1/a_object.o crypto/asn1/a_bitstr.o crypto/asn1/a_utctm.o crypto/asn1/a_gentm.o crypto/asn1/a_time.o crypto/asn1/a_int.o crypto/asn1/a_octet.o crypto/asn1/a_print.o crypto/asn1/a_type.o crypto/asn1/a_set.o crypto/asn1/a_dup.o crypto/asn1/a_d2i_fp.o crypto/asn1/a_i2d_fp.o crypto/asn1/a_enum.o crypto/asn1/a_utf8.o crypto/asn1/a_sign.o crypto/asn1/a_digest.o crypto/asn1/a_verify.o crypto/asn1/a_mbstr.o crypto/asn1/a_strex.o crypto/asn1/x_algor.o crypto/asn1/x_val.o crypto/asn1/x_pubkey.o crypto/asn1/x_sig.o crypto/asn1/x_req.o crypto/asn1/x_attrib.o crypto/asn1/x_bignum.o crypto/asn1/x_long.o crypto/asn1/x_name.o crypto/asn1/x_x509.o crypto/asn1/x_x509a.o crypto/asn1/x_crl.o crypto/asn1/x_info.o crypto/asn1/x_spki.o crypto/asn1/nsseq.o crypto/asn1/x_nx509.o crypto/asn1/d2i_pu.o crypto/asn1/d2i_pr.o crypto/asn1/i2d_pu.o crypto/asn1/i2d_pr.o crypto/asn1/t_req.o crypto/asn1/t_x509.o crypto/asn1/t_x509a.o crypto/asn1/t_crl.o crypto/asn1/t_pkey.o crypto/asn1/t_spki.o crypto/asn1/t_bitst.o crypto/asn1/tasn_new.o crypto/asn1/tasn_fre.o crypto/asn1/tasn_enc.o crypto/asn1/tasn_dec.o crypto/asn1/tasn_utl.o crypto/asn1/tasn_typ.o crypto/asn1/tasn_prn.o crypto/asn1/ameth_lib.o crypto/asn1/f_int.o crypto/asn1/f_string.o crypto/asn1/n_pkey.o crypto/asn1/f_enum.o crypto/asn1/x_pkey.o crypto/asn1/a_bool.o crypto/asn1/x_exten.o crypto/asn1/bio_asn1.o crypto/asn1/bio_ndef.o crypto/asn1/asn_mime.o crypto/asn1/asn1_gen.o crypto/asn1/asn1_par.o crypto/asn1/asn1_lib.o crypto/asn1/asn1_err.o crypto/asn1/a_bytes.o crypto/asn1/a_strnid.o crypto/asn1/evp_asn1.o crypto/asn1/asn_pack.o crypto/asn1/p5_pbe.o crypto/asn1/p5_pbev2.o crypto/asn1/p8_pkey.o crypto/asn1/asn_moid.o crypto/pem/pem_sign.o crypto/pem/pem_seal.o crypto/pem/pem_info.o crypto/pem/pem_lib.o crypto/pem/pem_all.o crypto/pem/pem_err.o crypto/pem/pem_x509.o crypto/pem/pem_xaux.o crypto/pem/pem_oth.o crypto/pem/pem_pk8.o crypto/pem/pem_pkey.o crypto/pem/pvkfmt.o crypto/x509/x509_def.o crypto/x509/x509_d2.o crypto/x509/x509_r2x.o crypto/x509/x509_cmp.o crypto/x509/x509_obj.o crypto/x509/x509_req.o crypto/x509/x509spki.o crypto/x509/x509_vfy.o crypto/x509/x509_set.o crypto/x509/x509cset.o crypto/x509/x509rset.o crypto/x509/x509_err.o crypto/x509/x509name.o crypto/x509/x509_v3.o crypto/x509/x509_ext.o crypto/x509/x509_att.o crypto/x509/x509type.o crypto/x509/x509_lu.o crypto/x509/x_all.o crypto/x509/x509_txt.o crypto/x509/x509_trs.o crypto/x509/x509_vpm.o crypto/x509v3/v3_bcons.o crypto/x509v3/v3_bitst.o crypto/x509v3/v3_conf.o crypto/x509v3/v3_extku.o crypto/x509v3/v3_ia5.o crypto/x509v3/v3_lib.o crypto/x509v3/v3_prn.o crypto/x509v3/v3_utl.o crypto/x509v3/v3err.o crypto/x509v3/v3_genn.o crypto/x509v3/v3_alt.o crypto/x509v3/v3_skey.o crypto/x509v3/v3_akey.o crypto/x509v3/v3_pku.o crypto/x509v3/v3_int.o crypto/x509v3/v3_enum.o crypto/x509v3/v3_sxnet.o crypto/x509v3/v3_cpols.o crypto/x509v3/v3_crld.o crypto/x509v3/v3_purp.o crypto/x509v3/v3_info.o crypto/x509v3/v3_ocsp.o crypto/x509v3/v3_akeya.o crypto/x509v3/v3_pmaps.o crypto/x509v3/v3_pcons.o crypto/x509v3/v3_ncons.o crypto/x509v3/v3_pcia.o crypto/x509v3/v3_pci.o crypto/x509v3/pcy_cache.o crypto/x509v3/pcy_node.o crypto/x509v3/pcy_data.o crypto/x509v3/pcy_map.o crypto/x509v3/pcy_tree.o crypto/x509v3/pcy_lib.o crypto/x509v3/v3_asid.o crypto/x509v3/v3_addr.o crypto/conf/conf_err.o crypto/conf/conf_lib.o crypto/conf/conf_api.o crypto/conf/conf_def.o crypto/conf/conf_mod.o crypto/conf/conf_mall.o crypto/conf/conf_sap.o crypto/txt_db/txt_db.o crypto/pkcs7/pk7_asn1.o crypto/pkcs7/pk7_lib.o crypto/pkcs7/pkcs7err.o crypto/pkcs7/pk7_doit.o crypto/pkcs7/pk7_smime.o crypto/pkcs7/pk7_attr.o crypto/pkcs7/pk7_mime.o crypto/pkcs7/bio_pk7.o crypto/pkcs12/p12_add.o crypto/pkcs12/p12_asn.o crypto/pkcs12/p12_attr.o crypto/pkcs12/p12_crpt.o crypto/pkcs12/p12_crt.o crypto/pkcs12/p12_decr.o crypto/pkcs12/p12_init.o crypto/pkcs12/p12_key.o crypto/pkcs12/p12_kiss.o crypto/pkcs12/p12_mutl.o crypto/pkcs12/p12_utl.o crypto/pkcs12/p12_npas.o crypto/pkcs12/pk12err.o crypto/pkcs12/p12_p8d.o crypto/pkcs12/p12_p8e.o crypto/comp/comp_lib.o crypto/comp/comp_err.o crypto/comp/c_rle.o crypto/comp/c_zlib.o crypto/ocsp/ocsp_asn.o crypto/ocsp/ocsp_ext.o crypto/ocsp/ocsp_ht.o crypto/ocsp/ocsp_lib.o crypto/ocsp/ocsp_cl.o crypto/ocsp/ocsp_srv.o crypto/ocsp/ocsp_prn.o crypto/ocsp/ocsp_vfy.o crypto/ocsp/ocsp_err.o crypto/cmac/cmac.o crypto/cmac/cm_ameth.o crypto/cmac/cm_pmeth.o 
#13 193.6 make[1]: Leaving directory '/builddir/build/BUILD/shim-16.1/build-x64/Cryptlib/OpenSSL'
#13 193.6 mkdir -p lib
#13 193.6 make VPATH=/builddir/build/BUILD/shim-16.1/lib TOPDIR=/builddir/build/BUILD/shim-16.1 -C lib -f /builddir/build/BUILD/shim-16.1/lib/Makefile 
#13 193.7 make[1]: Entering directory '/builddir/build/BUILD/shim-16.1/build-x64/lib'
#13 193.7 gcc -std=gnu11 -ggdb -gdwarf-4 -gstrict-dwarf -ffreestanding -fmacro-prefix-map=/builddir/build/BUILD/shim-16.1/= -fno-stack-protector -fno-strict-aliasing -fpic -fshort-wchar -m64 -mno-mmx -mno-sse -mno-red-zone -nostdinc -maccumulate-outgoing-args -Os -Wall -Wextra -Wno-missing-field-initializers -Werror -I/builddir/build/BUILD/shim-16.1/gnu-efi/inc -I/builddir/build/BUILD/shim-16.1/gnu-efi/inc/x86_64 -I/builddir/build/BUILD/shim-16.1/gnu-efi/inc/protocol -I/builddir/build/BUILD/shim-16.1/include -I/builddir/build/BUILD/shim-16.1/Cryptlib/Include/openssl/ -I/builddir/build/BUILD/shim-16.1/Cryptlib/Include/ -I/builddir/build/BUILD/shim-16.1/Cryptlib -I/builddir/build/BUILD/shim-16.1 -isystem /builddir/build/BUILD/shim-16.1/include/system -isystem /usr/lib/gcc/x86_64-redhat-linux/11/include -DDEFAULT_LOADER='L"\\\\grubx64.efi"' -DDEFAULT_LOADER_CHAR='"\\\\grubx64.efi"' -DEFI_ARCH='L"x64"' -DDEBUGDIR='L"/usr/lib/debug/usr/share/shim/x64-16.1-2.el9/"' -DVENDOR_CERT_FILE=\"/etc/pki/sb-certs/secureboot-ca-x86_64.cer\" -DVENDOR_DBX_FILE=\"/builddir/build/SOURCES/dbx-x86.esl\" -DSBAT_AUTOMATIC_DATE=2023012900 -DMDE_CPU_X64   -c -o configtable.o /builddir/build/BUILD/shim-16.1/lib/configtable.c
#13 194.1 gcc -std=gnu11 -ggdb -gdwarf-4 -gstrict-dwarf -ffreestanding -fmacro-prefix-map=/builddir/build/BUILD/shim-16.1/= -fno-stack-protector -fno-strict-aliasing -fpic -fshort-wchar -m64 -mno-mmx -mno-sse -mno-red-zone -nostdinc -maccumulate-outgoing-args -Os -Wall -Wextra -Wno-missing-field-initializers -Werror -I/builddir/build/BUILD/shim-16.1/gnu-efi/inc -I/builddir/build/BUILD/shim-16.1/gnu-efi/inc/x86_64 -I/builddir/build/BUILD/shim-16.1/gnu-efi/inc/protocol -I/builddir/build/BUILD/shim-16.1/include -I/builddir/build/BUILD/shim-16.1/Cryptlib/Include/openssl/ -I/builddir/build/BUILD/shim-16.1/Cryptlib/Include/ -I/builddir/build/BUILD/shim-16.1/Cryptlib -I/builddir/build/BUILD/shim-16.1 -isystem /builddir/build/BUILD/shim-16.1/include/system -isystem /usr/lib/gcc/x86_64-redhat-linux/11/include -DDEFAULT_LOADER='L"\\\\grubx64.efi"' -DDEFAULT_LOADER_CHAR='"\\\\grubx64.efi"' -DEFI_ARCH='L"x64"' -DDEBUGDIR='L"/usr/lib/debug/usr/share/shim/x64-16.1-2.el9/"' -DVENDOR_CERT_FILE=\"/etc/pki/sb-certs/secureboot-ca-x86_64.cer\" -DVENDOR_DBX_FILE=\"/builddir/build/SOURCES/dbx-x86.esl\" -DSBAT_AUTOMATIC_DATE=2023012900 -DMDE_CPU_X64   -c -o console.o /builddir/build/BUILD/shim-16.1/lib/console.c
#13 194.8 gcc -std=gnu11 -ggdb -gdwarf-4 -gstrict-dwarf -ffreestanding -fmacro-prefix-map=/builddir/build/BUILD/shim-16.1/= -fno-stack-protector -fno-strict-aliasing -fpic -fshort-wchar -m64 -mno-mmx -mno-sse -mno-red-zone -nostdinc -maccumulate-outgoing-args -Os -Wall -Wextra -Wno-missing-field-initializers -Werror -I/builddir/build/BUILD/shim-16.1/gnu-efi/inc -I/builddir/build/BUILD/shim-16.1/gnu-efi/inc/x86_64 -I/builddir/build/BUILD/shim-16.1/gnu-efi/inc/protocol -I/builddir/build/BUILD/shim-16.1/include -I/builddir/build/BUILD/shim-16.1/Cryptlib/Include/openssl/ -I/builddir/build/BUILD/shim-16.1/Cryptlib/Include/ -I/builddir/build/BUILD/shim-16.1/Cryptlib -I/builddir/build/BUILD/shim-16.1 -isystem /builddir/build/BUILD/shim-16.1/include/system -isystem /usr/lib/gcc/x86_64-redhat-linux/11/include -DDEFAULT_LOADER='L"\\\\grubx64.efi"' -DDEFAULT_LOADER_CHAR='"\\\\grubx64.efi"' -DEFI_ARCH='L"x64"' -DDEBUGDIR='L"/usr/lib/debug/usr/share/shim/x64-16.1-2.el9/"' -DVENDOR_CERT_FILE=\"/etc/pki/sb-certs/secureboot-ca-x86_64.cer\" -DVENDOR_DBX_FILE=\"/builddir/build/SOURCES/dbx-x86.esl\" -DSBAT_AUTOMATIC_DATE=2023012900 -DMDE_CPU_X64   -c -o execute.o /builddir/build/BUILD/shim-16.1/lib/execute.c
#13 195.2 gcc -std=gnu11 -ggdb -gdwarf-4 -gstrict-dwarf -ffreestanding -fmacro-prefix-map=/builddir/build/BUILD/shim-16.1/= -fno-stack-protector -fno-strict-aliasing -fpic -fshort-wchar -m64 -mno-mmx -mno-sse -mno-red-zone -nostdinc -maccumulate-outgoing-args -Os -Wall -Wextra -Wno-missing-field-initializers -Werror -I/builddir/build/BUILD/shim-16.1/gnu-efi/inc -I/builddir/build/BUILD/shim-16.1/gnu-efi/inc/x86_64 -I/builddir/build/BUILD/shim-16.1/gnu-efi/inc/protocol -I/builddir/build/BUILD/shim-16.1/include -I/builddir/build/BUILD/shim-16.1/Cryptlib/Include/openssl/ -I/builddir/build/BUILD/shim-16.1/Cryptlib/Include/ -I/builddir/build/BUILD/shim-16.1/Cryptlib -I/builddir/build/BUILD/shim-16.1 -isystem /builddir/build/BUILD/shim-16.1/include/system -isystem /usr/lib/gcc/x86_64-redhat-linux/11/include -DDEFAULT_LOADER='L"\\\\grubx64.efi"' -DDEFAULT_LOADER_CHAR='"\\\\grubx64.efi"' -DEFI_ARCH='L"x64"' -DDEBUGDIR='L"/usr/lib/debug/usr/share/shim/x64-16.1-2.el9/"' -DVENDOR_CERT_FILE=\"/etc/pki/sb-certs/secureboot-ca-x86_64.cer\" -DVENDOR_DBX_FILE=\"/builddir/build/SOURCES/dbx-x86.esl\" -DSBAT_AUTOMATIC_DATE=2023012900 -DMDE_CPU_X64   -c -o guid.o /builddir/build/BUILD/shim-16.1/lib/guid.c
#13 195.4 gcc -std=gnu11 -ggdb -gdwarf-4 -gstrict-dwarf -ffreestanding -fmacro-prefix-map=/builddir/build/BUILD/shim-16.1/= -fno-stack-protector -fno-strict-aliasing -fpic -fshort-wchar -m64 -mno-mmx -mno-sse -mno-red-zone -nostdinc -maccumulate-outgoing-args -Os -Wall -Wextra -Wno-missing-field-initializers -Werror -I/builddir/build/BUILD/shim-16.1/gnu-efi/inc -I/builddir/build/BUILD/shim-16.1/gnu-efi/inc/x86_64 -I/builddir/build/BUILD/shim-16.1/gnu-efi/inc/protocol -I/builddir/build/BUILD/shim-16.1/include -I/builddir/build/BUILD/shim-16.1/Cryptlib/Include/openssl/ -I/builddir/build/BUILD/shim-16.1/Cryptlib/Include/ -I/builddir/build/BUILD/shim-16.1/Cryptlib -I/builddir/build/BUILD/shim-16.1 -isystem /builddir/build/BUILD/shim-16.1/include/system -isystem /usr/lib/gcc/x86_64-redhat-linux/11/include -DDEFAULT_LOADER='L"\\\\grubx64.efi"' -DDEFAULT_LOADER_CHAR='"\\\\grubx64.efi"' -DEFI_ARCH='L"x64"' -DDEBUGDIR='L"/usr/lib/debug/usr/share/shim/x64-16.1-2.el9/"' -DVENDOR_CERT_FILE=\"/etc/pki/sb-certs/secureboot-ca-x86_64.cer\" -DVENDOR_DBX_FILE=\"/builddir/build/SOURCES/dbx-x86.esl\" -DSBAT_AUTOMATIC_DATE=2023012900 -DMDE_CPU_X64   -c -o print_crypto.o /builddir/build/BUILD/shim-16.1/lib/print_crypto.c
#13 195.7 gcc -std=gnu11 -ggdb -gdwarf-4 -gstrict-dwarf -ffreestanding -fmacro-prefix-map=/builddir/build/BUILD/shim-16.1/= -fno-stack-protector -fno-strict-aliasing -fpic -fshort-wchar -m64 -mno-mmx -mno-sse -mno-red-zone -nostdinc -maccumulate-outgoing-args -Os -Wall -Wextra -Wno-missing-field-initializers -Werror -I/builddir/build/BUILD/shim-16.1/gnu-efi/inc -I/builddir/build/BUILD/shim-16.1/gnu-efi/inc/x86_64 -I/builddir/build/BUILD/shim-16.1/gnu-efi/inc/protocol -I/builddir/build/BUILD/shim-16.1/include -I/builddir/build/BUILD/shim-16.1/Cryptlib/Include/openssl/ -I/builddir/build/BUILD/shim-16.1/Cryptlib/Include/ -I/builddir/build/BUILD/shim-16.1/Cryptlib -I/builddir/build/BUILD/shim-16.1 -isystem /builddir/build/BUILD/shim-16.1/include/system -isystem /usr/lib/gcc/x86_64-redhat-linux/11/include -DDEFAULT_LOADER='L"\\\\grubx64.efi"' -DDEFAULT_LOADER_CHAR='"\\\\grubx64.efi"' -DEFI_ARCH='L"x64"' -DDEBUGDIR='L"/usr/lib/debug/usr/share/shim/x64-16.1-2.el9/"' -DVENDOR_CERT_FILE=\"/etc/pki/sb-certs/secureboot-ca-x86_64.cer\" -DVENDOR_DBX_FILE=\"/builddir/build/SOURCES/dbx-x86.esl\" -DSBAT_AUTOMATIC_DATE=2023012900 -DMDE_CPU_X64   -c -o security_policy.o /builddir/build/BUILD/shim-16.1/lib/security_policy.c
#13 195.9 gcc -std=gnu11 -ggdb -gdwarf-4 -gstrict-dwarf -ffreestanding -fmacro-prefix-map=/builddir/build/BUILD/shim-16.1/= -fno-stack-protector -fno-strict-aliasing -fpic -fshort-wchar -m64 -mno-mmx -mno-sse -mno-red-zone -nostdinc -maccumulate-outgoing-args -Os -Wall -Wextra -Wno-missing-field-initializers -Werror -I/builddir/build/BUILD/shim-16.1/gnu-efi/inc -I/builddir/build/BUILD/shim-16.1/gnu-efi/inc/x86_64 -I/builddir/build/BUILD/shim-16.1/gnu-efi/inc/protocol -I/builddir/build/BUILD/shim-16.1/include -I/builddir/build/BUILD/shim-16.1/Cryptlib/Include/openssl/ -I/builddir/build/BUILD/shim-16.1/Cryptlib/Include/ -I/builddir/build/BUILD/shim-16.1/Cryptlib -I/builddir/build/BUILD/shim-16.1 -isystem /builddir/build/BUILD/shim-16.1/include/system -isystem /usr/lib/gcc/x86_64-redhat-linux/11/include -DDEFAULT_LOADER='L"\\\\grubx64.efi"' -DDEFAULT_LOADER_CHAR='"\\\\grubx64.efi"' -DEFI_ARCH='L"x64"' -DDEBUGDIR='L"/usr/lib/debug/usr/share/shim/x64-16.1-2.el9/"' -DVENDOR_CERT_FILE=\"/etc/pki/sb-certs/secureboot-ca-x86_64.cer\" -DVENDOR_DBX_FILE=\"/builddir/build/SOURCES/dbx-x86.esl\" -DSBAT_AUTOMATIC_DATE=2023012900 -DMDE_CPU_X64   -c -o shell.o /builddir/build/BUILD/shim-16.1/lib/shell.c
#13 196.3 gcc -std=gnu11 -ggdb -gdwarf-4 -gstrict-dwarf -ffreestanding -fmacro-prefix-map=/builddir/build/BUILD/shim-16.1/= -fno-stack-protector -fno-strict-aliasing -fpic -fshort-wchar -m64 -mno-mmx -mno-sse -mno-red-zone -nostdinc -maccumulate-outgoing-args -Os -Wall -Wextra -Wno-missing-field-initializers -Werror -I/builddir/build/BUILD/shim-16.1/gnu-efi/inc -I/builddir/build/BUILD/shim-16.1/gnu-efi/inc/x86_64 -I/builddir/build/BUILD/shim-16.1/gnu-efi/inc/protocol -I/builddir/build/BUILD/shim-16.1/include -I/builddir/build/BUILD/shim-16.1/Cryptlib/Include/openssl/ -I/builddir/build/BUILD/shim-16.1/Cryptlib/Include/ -I/builddir/build/BUILD/shim-16.1/Cryptlib -I/builddir/build/BUILD/shim-16.1 -isystem /builddir/build/BUILD/shim-16.1/include/system -isystem /usr/lib/gcc/x86_64-redhat-linux/11/include -DDEFAULT_LOADER='L"\\\\grubx64.efi"' -DDEFAULT_LOADER_CHAR='"\\\\grubx64.efi"' -DEFI_ARCH='L"x64"' -DDEBUGDIR='L"/usr/lib/debug/usr/share/shim/x64-16.1-2.el9/"' -DVENDOR_CERT_FILE=\"/etc/pki/sb-certs/secureboot-ca-x86_64.cer\" -DVENDOR_DBX_FILE=\"/builddir/build/SOURCES/dbx-x86.esl\" -DSBAT_AUTOMATIC_DATE=2023012900 -DMDE_CPU_X64   -c -o simple_file.o /builddir/build/BUILD/shim-16.1/lib/simple_file.c
#13 196.9 gcc -std=gnu11 -ggdb -gdwarf-4 -gstrict-dwarf -ffreestanding -fmacro-prefix-map=/builddir/build/BUILD/shim-16.1/= -fno-stack-protector -fno-strict-aliasing -fpic -fshort-wchar -m64 -mno-mmx -mno-sse -mno-red-zone -nostdinc -maccumulate-outgoing-args -Os -Wall -Wextra -Wno-missing-field-initializers -Werror -I/builddir/build/BUILD/shim-16.1/gnu-efi/inc -I/builddir/build/BUILD/shim-16.1/gnu-efi/inc/x86_64 -I/builddir/build/BUILD/shim-16.1/gnu-efi/inc/protocol -I/builddir/build/BUILD/shim-16.1/include -I/builddir/build/BUILD/shim-16.1/Cryptlib/Include/openssl/ -I/builddir/build/BUILD/shim-16.1/Cryptlib/Include/ -I/builddir/build/BUILD/shim-16.1/Cryptlib -I/builddir/build/BUILD/shim-16.1 -isystem /builddir/build/BUILD/shim-16.1/include/system -isystem /usr/lib/gcc/x86_64-redhat-linux/11/include -DDEFAULT_LOADER='L"\\\\grubx64.efi"' -DDEFAULT_LOADER_CHAR='"\\\\grubx64.efi"' -DEFI_ARCH='L"x64"' -DDEBUGDIR='L"/usr/lib/debug/usr/share/shim/x64-16.1-2.el9/"' -DVENDOR_CERT_FILE=\"/etc/pki/sb-certs/secureboot-ca-x86_64.cer\" -DVENDOR_DBX_FILE=\"/builddir/build/SOURCES/dbx-x86.esl\" -DSBAT_AUTOMATIC_DATE=2023012900 -DMDE_CPU_X64   -c -o string.o /builddir/build/BUILD/shim-16.1/lib/string.c
#13 197.3 gcc -std=gnu11 -ggdb -gdwarf-4 -gstrict-dwarf -ffreestanding -fmacro-prefix-map=/builddir/build/BUILD/shim-16.1/= -fno-stack-protector -fno-strict-aliasing -fpic -fshort-wchar -m64 -mno-mmx -mno-sse -mno-red-zone -nostdinc -maccumulate-outgoing-args -Os -Wall -Wextra -Wno-missing-field-initializers -Werror -I/builddir/build/BUILD/shim-16.1/gnu-efi/inc -I/builddir/build/BUILD/shim-16.1/gnu-efi/inc/x86_64 -I/builddir/build/BUILD/shim-16.1/gnu-efi/inc/protocol -I/builddir/build/BUILD/shim-16.1/include -I/builddir/build/BUILD/shim-16.1/Cryptlib/Include/openssl/ -I/builddir/build/BUILD/shim-16.1/Cryptlib/Include/ -I/builddir/build/BUILD/shim-16.1/Cryptlib -I/builddir/build/BUILD/shim-16.1 -isystem /builddir/build/BUILD/shim-16.1/include/system -isystem /usr/lib/gcc/x86_64-redhat-linux/11/include -DDEFAULT_LOADER='L"\\\\grubx64.efi"' -DDEFAULT_LOADER_CHAR='"\\\\grubx64.efi"' -DEFI_ARCH='L"x64"' -DDEBUGDIR='L"/usr/lib/debug/usr/share/shim/x64-16.1-2.el9/"' -DVENDOR_CERT_FILE=\"/etc/pki/sb-certs/secureboot-ca-x86_64.cer\" -DVENDOR_DBX_FILE=\"/builddir/build/SOURCES/dbx-x86.esl\" -DSBAT_AUTOMATIC_DATE=2023012900 -DMDE_CPU_X64   -c -o variables.o /builddir/build/BUILD/shim-16.1/lib/variables.c
#13 197.8 ar rcs lib.a configtable.o console.o execute.o guid.o print_crypto.o security_policy.o shell.o simple_file.o string.o variables.o
#13 197.9 make[1]: Leaving directory '/builddir/build/BUILD/shim-16.1/build-x64/lib'
#13 197.9 mkdir -p gnu-efi/lib gnu-efi/gnuefi
#13 198.0 make -C gnu-efi \
#13 198.0 	COMPILER="gcc" \
#13 198.0 	CCC_CC="gcc" \
#13 198.0 	CC="gcc" \
#13 198.0 	ARCH=x86_64 \
#13 198.0 	TOPDIR=/builddir/build/BUILD/shim-16.1/gnu-efi \
#13 198.0 	-f /builddir/build/BUILD/shim-16.1/gnu-efi/Makefile \
#13 198.0 	lib gnuefi inc 
#13 198.0 make[1]: Entering directory '/builddir/build/BUILD/shim-16.1/build-x64/gnu-efi'
#13 198.3 mkdir -p /builddir/build/BUILD/shim-16.1/build-x64/gnu-efi/x86_64/lib
#13 198.4 make -C /builddir/build/BUILD/shim-16.1/build-x64/gnu-efi/x86_64/lib -f /builddir/build/BUILD/shim-16.1/gnu-efi//lib/Makefile SRCDIR=/builddir/build/BUILD/shim-16.1/gnu-efi//lib ARCH=x86_64
#13 198.4 make[2]: Entering directory '/builddir/build/BUILD/shim-16.1/build-x64/gnu-efi/x86_64/lib'
#13 198.9 gcc -I/builddir/build/BUILD/shim-16.1/gnu-efi//lib -I/builddir/build/BUILD/shim-16.1/gnu-efi/inc -I/builddir/build/BUILD/shim-16.1/gnu-efi/inc/x86_64 -I/builddir/build/BUILD/shim-16.1/gnu-efi/inc/protocol -Wno-error=pragmas -mno-red-zone -mno-avx -fpic  -Os -Wall -Wextra -Wno-missing-field-initializers -Werror -fshort-wchar -fno-strict-aliasing -ffreestanding -fno-stack-protector -fno-stack-check -nostdinc   -isystem /builddir/build/BUILD/shim-16.1/gnu-efi/../include/system -isystem /usr/lib/gcc/x86_64-redhat-linux/11/include -fno-merge-all-constants -DCONFIG_x86_64 -DGNU_EFI_USE_MS_ABI -DGNU_EFI_USE_EXTERNAL_STDARG -maccumulate-outgoing-args --std=c11 -c /builddir/build/BUILD/shim-16.1/gnu-efi//lib/boxdraw.c -o boxdraw.o
#13 199.3 gcc -I/builddir/build/BUILD/shim-16.1/gnu-efi//lib -I/builddir/build/BUILD/shim-16.1/gnu-efi/inc -I/builddir/build/BUILD/shim-16.1/gnu-efi/inc/x86_64 -I/builddir/build/BUILD/shim-16.1/gnu-efi/inc/protocol -Wno-error=pragmas -mno-red-zone -mno-avx -fpic  -Os -Wall -Wextra -Wno-missing-field-initializers -Werror -fshort-wchar -fno-strict-aliasing -ffreestanding -fno-stack-protector -fno-stack-check -nostdinc   -isystem /builddir/build/BUILD/shim-16.1/gnu-efi/../include/system -isystem /usr/lib/gcc/x86_64-redhat-linux/11/include -fno-merge-all-constants -DCONFIG_x86_64 -DGNU_EFI_USE_MS_ABI -DGNU_EFI_USE_EXTERNAL_STDARG -maccumulate-outgoing-args --std=c11 -c /builddir/build/BUILD/shim-16.1/gnu-efi//lib/smbios.c -o smbios.o
#13 199.7 gcc -I/builddir/build/BUILD/shim-16.1/gnu-efi//lib -I/builddir/build/BUILD/shim-16.1/gnu-efi/inc -I/builddir/build/BUILD/shim-16.1/gnu-efi/inc/x86_64 -I/builddir/build/BUILD/shim-16.1/gnu-efi/inc/protocol -Wno-error=pragmas -mno-red-zone -mno-avx -fpic  -Os -Wall -Wextra -Wno-missing-field-initializers -Werror -fshort-wchar -fno-strict-aliasing -ffreestanding -fno-stack-protector -fno-stack-check -nostdinc   -isystem /builddir/build/BUILD/shim-16.1/gnu-efi/../include/system -isystem /usr/lib/gcc/x86_64-redhat-linux/11/include -fno-merge-all-constants -DCONFIG_x86_64 -DGNU_EFI_USE_MS_ABI -DGNU_EFI_USE_EXTERNAL_STDARG -maccumulate-outgoing-args --std=c11 -c /builddir/build/BUILD/shim-16.1/gnu-efi//lib/console.c -o console.o
#13 200.1 gcc -I/builddir/build/BUILD/shim-16.1/gnu-efi//lib -I/builddir/build/BUILD/shim-16.1/gnu-efi/inc -I/builddir/build/BUILD/shim-16.1/gnu-efi/inc/x86_64 -I/builddir/build/BUILD/shim-16.1/gnu-efi/inc/protocol -Wno-error=pragmas -mno-red-zone -mno-avx -fpic  -Os -Wall -Wextra -Wno-missing-field-initializers -Werror -fshort-wchar -fno-strict-aliasing -ffreestanding -fno-stack-protector -fno-stack-check -nostdinc   -isystem /builddir/build/BUILD/shim-16.1/gnu-efi/../include/system -isystem /usr/lib/gcc/x86_64-redhat-linux/11/include -fno-merge-all-constants -DCONFIG_x86_64 -DGNU_EFI_USE_MS_ABI -DGNU_EFI_USE_EXTERNAL_STDARG -maccumulate-outgoing-args --std=c11 -c /builddir/build/BUILD/shim-16.1/gnu-efi//lib/crc.c -o crc.o
#13 200.5 gcc -I/builddir/build/BUILD/shim-16.1/gnu-efi//lib -I/builddir/build/BUILD/shim-16.1/gnu-efi/inc -I/builddir/build/BUILD/shim-16.1/gnu-efi/inc/x86_64 -I/builddir/build/BUILD/shim-16.1/gnu-efi/inc/protocol -Wno-error=pragmas -mno-red-zone -mno-avx -fpic  -Os -Wall -Wextra -Wno-missing-field-initializers -Werror -fshort-wchar -fno-strict-aliasing -ffreestanding -fno-stack-protector -fno-stack-check -nostdinc   -isystem /builddir/build/BUILD/shim-16.1/gnu-efi/../include/system -isystem /usr/lib/gcc/x86_64-redhat-linux/11/include -fno-merge-all-constants -DCONFIG_x86_64 -DGNU_EFI_USE_MS_ABI -DGNU_EFI_USE_EXTERNAL_STDARG -maccumulate-outgoing-args --std=c11 -c /builddir/build/BUILD/shim-16.1/gnu-efi//lib/data.c -o data.o
#13 200.7 gcc -I/builddir/build/BUILD/shim-16.1/gnu-efi//lib -I/builddir/build/BUILD/shim-16.1/gnu-efi/inc -I/builddir/build/BUILD/shim-16.1/gnu-efi/inc/x86_64 -I/builddir/build/BUILD/shim-16.1/gnu-efi/inc/protocol -Wno-error=pragmas -mno-red-zone -mno-avx -fpic  -Os -Wall -Wextra -Wno-missing-field-initializers -Werror -fshort-wchar -fno-strict-aliasing -ffreestanding -fno-stack-protector -fno-stack-check -nostdinc   -isystem /builddir/build/BUILD/shim-16.1/gnu-efi/../include/system -isystem /usr/lib/gcc/x86_64-redhat-linux/11/include -fno-merge-all-constants -DCONFIG_x86_64 -DGNU_EFI_USE_MS_ABI -DGNU_EFI_USE_EXTERNAL_STDARG -maccumulate-outgoing-args --std=c11 -c /builddir/build/BUILD/shim-16.1/gnu-efi//lib/debug.c -o debug.o
#13 201.0 gcc -I/builddir/build/BUILD/shim-16.1/gnu-efi//lib -I/builddir/build/BUILD/shim-16.1/gnu-efi/inc -I/builddir/build/BUILD/shim-16.1/gnu-efi/inc/x86_64 -I/builddir/build/BUILD/shim-16.1/gnu-efi/inc/protocol -Wno-error=pragmas -mno-red-zone -mno-avx -fpic  -Os -Wall -Wextra -Wno-missing-field-initializers -Werror -fshort-wchar -fno-strict-aliasing -ffreestanding -fno-stack-protector -fno-stack-check -nostdinc   -isystem /builddir/build/BUILD/shim-16.1/gnu-efi/../include/system -isystem /usr/lib/gcc/x86_64-redhat-linux/11/include -fno-merge-all-constants -DCONFIG_x86_64 -DGNU_EFI_USE_MS_ABI -DGNU_EFI_USE_EXTERNAL_STDARG -maccumulate-outgoing-args --std=c11 -c /builddir/build/BUILD/shim-16.1/gnu-efi//lib/dpath.c -o dpath.o
#13 201.6 gcc -I/builddir/build/BUILD/shim-16.1/gnu-efi//lib -I/builddir/build/BUILD/shim-16.1/gnu-efi/inc -I/builddir/build/BUILD/shim-16.1/gnu-efi/inc/x86_64 -I/builddir/build/BUILD/shim-16.1/gnu-efi/inc/protocol -Wno-error=pragmas -mno-red-zone -mno-avx -fpic  -Os -Wall -Wextra -Wno-missing-field-initializers -Werror -fshort-wchar -fno-strict-aliasing -ffreestanding -fno-stack-protector -fno-stack-check -nostdinc   -isystem /builddir/build/BUILD/shim-16.1/gnu-efi/../include/system -isystem /usr/lib/gcc/x86_64-redhat-linux/11/include -fno-merge-all-constants -DCONFIG_x86_64 -DGNU_EFI_USE_MS_ABI -DGNU_EFI_USE_EXTERNAL_STDARG -maccumulate-outgoing-args --std=c11 -c /builddir/build/BUILD/shim-16.1/gnu-efi//lib/error.c -o error.o
#13 202.0 gcc -I/builddir/build/BUILD/shim-16.1/gnu-efi//lib -I/builddir/build/BUILD/shim-16.1/gnu-efi/inc -I/builddir/build/BUILD/shim-16.1/gnu-efi/inc/x86_64 -I/builddir/build/BUILD/shim-16.1/gnu-efi/inc/protocol -Wno-error=pragmas -mno-red-zone -mno-avx -fpic  -Os -Wall -Wextra -Wno-missing-field-initializers -Werror -fshort-wchar -fno-strict-aliasing -ffreestanding -fno-stack-protector -fno-stack-check -nostdinc   -isystem /builddir/build/BUILD/shim-16.1/gnu-efi/../include/system -isystem /usr/lib/gcc/x86_64-redhat-linux/11/include -fno-merge-all-constants -DCONFIG_x86_64 -DGNU_EFI_USE_MS_ABI -DGNU_EFI_USE_EXTERNAL_STDARG -maccumulate-outgoing-args --std=c11 -c /builddir/build/BUILD/shim-16.1/gnu-efi//lib/event.c -o event.o
#13 202.3 gcc -I/builddir/build/BUILD/shim-16.1/gnu-efi//lib -I/builddir/build/BUILD/shim-16.1/gnu-efi/inc -I/builddir/build/BUILD/shim-16.1/gnu-efi/inc/x86_64 -I/builddir/build/BUILD/shim-16.1/gnu-efi/inc/protocol -Wno-error=pragmas -mno-red-zone -mno-avx -fpic  -Os -Wall -Wextra -Wno-missing-field-initializers -Werror -fshort-wchar -fno-strict-aliasing -ffreestanding -fno-stack-protector -fno-stack-check -nostdinc   -isystem /builddir/build/BUILD/shim-16.1/gnu-efi/../include/system -isystem /usr/lib/gcc/x86_64-redhat-linux/11/include -fno-merge-all-constants -DCONFIG_x86_64 -DGNU_EFI_USE_MS_ABI -DGNU_EFI_USE_EXTERNAL_STDARG -maccumulate-outgoing-args --std=c11 -c /builddir/build/BUILD/shim-16.1/gnu-efi//lib/exit.c -o exit.o
#13 202.7 gcc -I/builddir/build/BUILD/shim-16.1/gnu-efi//lib -I/builddir/build/BUILD/shim-16.1/gnu-efi/inc -I/builddir/build/BUILD/shim-16.1/gnu-efi/inc/x86_64 -I/builddir/build/BUILD/shim-16.1/gnu-efi/inc/protocol -Wno-error=pragmas -mno-red-zone -mno-avx -fpic  -Os -Wall -Wextra -Wno-missing-field-initializers -Werror -fshort-wchar -fno-strict-aliasing -ffreestanding -fno-stack-protector -fno-stack-check -nostdinc   -isystem /builddir/build/BUILD/shim-16.1/gnu-efi/../include/system -isystem /usr/lib/gcc/x86_64-redhat-linux/11/include -fno-merge-all-constants -DCONFIG_x86_64 -DGNU_EFI_USE_MS_ABI -DGNU_EFI_USE_EXTERNAL_STDARG -maccumulate-outgoing-args --std=c11 -c /builddir/build/BUILD/shim-16.1/gnu-efi//lib/guid.c -o guid.o
#13 203.1 gcc -I/builddir/build/BUILD/shim-16.1/gnu-efi//lib -I/builddir/build/BUILD/shim-16.1/gnu-efi/inc -I/builddir/build/BUILD/shim-16.1/gnu-efi/inc/x86_64 -I/builddir/build/BUILD/shim-16.1/gnu-efi/inc/protocol -Wno-error=pragmas -mno-red-zone -mno-avx -fpic  -Os -Wall -Wextra -Wno-missing-field-initializers -Werror -fshort-wchar -fno-strict-aliasing -ffreestanding -fno-stack-protector -fno-stack-check -nostdinc   -isystem /builddir/build/BUILD/shim-16.1/gnu-efi/../include/system -isystem /usr/lib/gcc/x86_64-redhat-linux/11/include -fno-merge-all-constants -DCONFIG_x86_64 -DGNU_EFI_USE_MS_ABI -DGNU_EFI_USE_EXTERNAL_STDARG -maccumulate-outgoing-args --std=c11 -c /builddir/build/BUILD/shim-16.1/gnu-efi//lib/hand.c -o hand.o
#13 203.5 gcc -I/builddir/build/BUILD/shim-16.1/gnu-efi//lib -I/builddir/build/BUILD/shim-16.1/gnu-efi/inc -I/builddir/build/BUILD/shim-16.1/gnu-efi/inc/x86_64 -I/builddir/build/BUILD/shim-16.1/gnu-efi/inc/protocol -Wno-error=pragmas -mno-red-zone -mno-avx -fpic  -Os -Wall -Wextra -Wno-missing-field-initializers -Werror -fshort-wchar -fno-strict-aliasing -ffreestanding -fno-stack-protector -fno-stack-check -nostdinc   -isystem /builddir/build/BUILD/shim-16.1/gnu-efi/../include/system -isystem /usr/lib/gcc/x86_64-redhat-linux/11/include -fno-merge-all-constants -DCONFIG_x86_64 -DGNU_EFI_USE_MS_ABI -DGNU_EFI_USE_EXTERNAL_STDARG -maccumulate-outgoing-args --std=c11 -c /builddir/build/BUILD/shim-16.1/gnu-efi//lib/hw.c -o hw.o
#13 203.9 gcc -I/builddir/build/BUILD/shim-16.1/gnu-efi//lib -I/builddir/build/BUILD/shim-16.1/gnu-efi/inc -I/builddir/build/BUILD/shim-16.1/gnu-efi/inc/x86_64 -I/builddir/build/BUILD/shim-16.1/gnu-efi/inc/protocol -Wno-error=pragmas -mno-red-zone -mno-avx -fpic  -Os -Wall -Wextra -Wno-missing-field-initializers -Werror -fshort-wchar -fno-strict-aliasing -ffreestanding -fno-stack-protector -fno-stack-check -nostdinc   -isystem /builddir/build/BUILD/shim-16.1/gnu-efi/../include/system -isystem /usr/lib/gcc/x86_64-redhat-linux/11/include -fno-merge-all-constants -DCONFIG_x86_64 -DGNU_EFI_USE_MS_ABI -DGNU_EFI_USE_EXTERNAL_STDARG -maccumulate-outgoing-args --std=c11 -c /builddir/build/BUILD/shim-16.1/gnu-efi//lib/init.c -o init.o
#13 204.4 gcc -I/builddir/build/BUILD/shim-16.1/gnu-efi//lib -I/builddir/build/BUILD/shim-16.1/gnu-efi/inc -I/builddir/build/BUILD/shim-16.1/gnu-efi/inc/x86_64 -I/builddir/build/BUILD/shim-16.1/gnu-efi/inc/protocol -Wno-error=pragmas -mno-red-zone -mno-avx -fpic  -Os -Wall -Wextra -Wno-missing-field-initializers -Werror -fshort-wchar -fno-strict-aliasing -ffreestanding -fno-stack-protector -fno-stack-check -nostdinc   -isystem /builddir/build/BUILD/shim-16.1/gnu-efi/../include/system -isystem /usr/lib/gcc/x86_64-redhat-linux/11/include -fno-merge-all-constants -DCONFIG_x86_64 -DGNU_EFI_USE_MS_ABI -DGNU_EFI_USE_EXTERNAL_STDARG -maccumulate-outgoing-args --std=c11 -c /builddir/build/BUILD/shim-16.1/gnu-efi//lib/lock.c -o lock.o
#13 204.7 gcc -I/builddir/build/BUILD/shim-16.1/gnu-efi//lib -I/builddir/build/BUILD/shim-16.1/gnu-efi/inc -I/builddir/build/BUILD/shim-16.1/gnu-efi/inc/x86_64 -I/builddir/build/BUILD/shim-16.1/gnu-efi/inc/protocol -Wno-error=pragmas -mno-red-zone -mno-avx -fpic  -Os -Wall -Wextra -Wno-missing-field-initializers -Werror -fshort-wchar -fno-strict-aliasing -ffreestanding -fno-stack-protector -fno-stack-check -nostdinc   -isystem /builddir/build/BUILD/shim-16.1/gnu-efi/../include/system -isystem /usr/lib/gcc/x86_64-redhat-linux/11/include -fno-merge-all-constants -DCONFIG_x86_64 -DGNU_EFI_USE_MS_ABI -DGNU_EFI_USE_EXTERNAL_STDARG -maccumulate-outgoing-args --std=c11 -c /builddir/build/BUILD/shim-16.1/gnu-efi//lib/misc.c -o misc.o
#13 205.2 gcc -I/builddir/build/BUILD/shim-16.1/gnu-efi//lib -I/builddir/build/BUILD/shim-16.1/gnu-efi/inc -I/builddir/build/BUILD/shim-16.1/gnu-efi/inc/x86_64 -I/builddir/build/BUILD/shim-16.1/gnu-efi/inc/protocol -Wno-error=pragmas -mno-red-zone -mno-avx -fpic  -Os -Wall -Wextra -Wno-missing-field-initializers -Werror -fshort-wchar -fno-strict-aliasing -ffreestanding -fno-stack-protector -fno-stack-check -nostdinc   -isystem /builddir/build/BUILD/shim-16.1/gnu-efi/../include/system -isystem /usr/lib/gcc/x86_64-redhat-linux/11/include -fno-merge-all-constants -DCONFIG_x86_64 -DGNU_EFI_USE_MS_ABI -DGNU_EFI_USE_EXTERNAL_STDARG -maccumulate-outgoing-args --std=c11 -c /builddir/build/BUILD/shim-16.1/gnu-efi//lib/pause.c -o pause.o
#13 205.5 gcc -I/builddir/build/BUILD/shim-16.1/gnu-efi//lib -I/builddir/build/BUILD/shim-16.1/gnu-efi/inc -I/builddir/build/BUILD/shim-16.1/gnu-efi/inc/x86_64 -I/builddir/build/BUILD/shim-16.1/gnu-efi/inc/protocol -Wno-error=pragmas -mno-red-zone -mno-avx -fpic  -Os -Wall -Wextra -Wno-missing-field-initializers -Werror -fshort-wchar -fno-strict-aliasing -ffreestanding -fno-stack-protector -fno-stack-check -nostdinc   -isystem /builddir/build/BUILD/shim-16.1/gnu-efi/../include/system -isystem /usr/lib/gcc/x86_64-redhat-linux/11/include -fno-merge-all-constants -DCONFIG_x86_64 -DGNU_EFI_USE_MS_ABI -DGNU_EFI_USE_EXTERNAL_STDARG -maccumulate-outgoing-args --std=c11 -c /builddir/build/BUILD/shim-16.1/gnu-efi//lib/print.c -o print.o
#13 206.1 gcc -I/builddir/build/BUILD/shim-16.1/gnu-efi//lib -I/builddir/build/BUILD/shim-16.1/gnu-efi/inc -I/builddir/build/BUILD/shim-16.1/gnu-efi/inc/x86_64 -I/builddir/build/BUILD/shim-16.1/gnu-efi/inc/protocol -Wno-error=pragmas -mno-red-zone -mno-avx -fpic  -Os -Wall -Wextra -Wno-missing-field-initializers -Werror -fshort-wchar -fno-strict-aliasing -ffreestanding -fno-stack-protector -fno-stack-check -nostdinc   -isystem /builddir/build/BUILD/shim-16.1/gnu-efi/../include/system -isystem /usr/lib/gcc/x86_64-redhat-linux/11/include -fno-merge-all-constants -DCONFIG_x86_64 -DGNU_EFI_USE_MS_ABI -DGNU_EFI_USE_EXTERNAL_STDARG -maccumulate-outgoing-args --std=c11 -c /builddir/build/BUILD/shim-16.1/gnu-efi//lib/sread.c -o sread.o
#13 206.6 gcc -I/builddir/build/BUILD/shim-16.1/gnu-efi//lib -I/builddir/build/BUILD/shim-16.1/gnu-efi/inc -I/builddir/build/BUILD/shim-16.1/gnu-efi/inc/x86_64 -I/builddir/build/BUILD/shim-16.1/gnu-efi/inc/protocol -Wno-error=pragmas -mno-red-zone -mno-avx -fpic  -Os -Wall -Wextra -Wno-missing-field-initializers -Werror -fshort-wchar -fno-strict-aliasing -ffreestanding -fno-stack-protector -fno-stack-check -nostdinc   -isystem /builddir/build/BUILD/shim-16.1/gnu-efi/../include/system -isystem /usr/lib/gcc/x86_64-redhat-linux/11/include -fno-merge-all-constants -DCONFIG_x86_64 -DGNU_EFI_USE_MS_ABI -DGNU_EFI_USE_EXTERNAL_STDARG -maccumulate-outgoing-args --std=c11 -c /builddir/build/BUILD/shim-16.1/gnu-efi//lib/str.c -o str.o
#13 207.1 gcc -I/builddir/build/BUILD/shim-16.1/gnu-efi//lib -I/builddir/build/BUILD/shim-16.1/gnu-efi/inc -I/builddir/build/BUILD/shim-16.1/gnu-efi/inc/x86_64 -I/builddir/build/BUILD/shim-16.1/gnu-efi/inc/protocol -Wno-error=pragmas -mno-red-zone -mno-avx -fpic  -Os -Wall -Wextra -Wno-missing-field-initializers -Werror -fshort-wchar -fno-strict-aliasing -ffreestanding -fno-stack-protector -fno-stack-check -nostdinc   -isystem /builddir/build/BUILD/shim-16.1/gnu-efi/../include/system -isystem /usr/lib/gcc/x86_64-redhat-linux/11/include -fno-merge-all-constants -DCONFIG_x86_64 -DGNU_EFI_USE_MS_ABI -DGNU_EFI_USE_EXTERNAL_STDARG -maccumulate-outgoing-args --std=c11 -c /builddir/build/BUILD/shim-16.1/gnu-efi//lib/cmdline.c -o cmdline.o
#13 207.5 gcc -I/builddir/build/BUILD/shim-16.1/gnu-efi//lib -I/builddir/build/BUILD/shim-16.1/gnu-efi/inc -I/builddir/build/BUILD/shim-16.1/gnu-efi/inc/x86_64 -I/builddir/build/BUILD/shim-16.1/gnu-efi/inc/protocol -Wno-error=pragmas -mno-red-zone -mno-avx -fpic  -Os -Wall -Wextra -Wno-missing-field-initializers -Werror -fshort-wchar -fno-strict-aliasing -ffreestanding -fno-stack-protector -fno-stack-check -nostdinc   -isystem /builddir/build/BUILD/shim-16.1/gnu-efi/../include/system -isystem /usr/lib/gcc/x86_64-redhat-linux/11/include -fno-merge-all-constants -DCONFIG_x86_64 -DGNU_EFI_USE_MS_ABI -DGNU_EFI_USE_EXTERNAL_STDARG -maccumulate-outgoing-args --std=c11 -c /builddir/build/BUILD/shim-16.1/gnu-efi//lib/runtime/rtlock.c -o runtime/rtlock.o
#13 207.8 gcc -I/builddir/build/BUILD/shim-16.1/gnu-efi//lib -I/builddir/build/BUILD/shim-16.1/gnu-efi/inc -I/builddir/build/BUILD/shim-16.1/gnu-efi/inc/x86_64 -I/builddir/build/BUILD/shim-16.1/gnu-efi/inc/protocol -Wno-error=pragmas -mno-red-zone -mno-avx -fpic  -Os -Wall -Wextra -Wno-missing-field-initializers -Werror -fshort-wchar -fno-strict-aliasing -ffreestanding -fno-stack-protector -fno-stack-check -nostdinc   -isystem /builddir/build/BUILD/shim-16.1/gnu-efi/../include/system -isystem /usr/lib/gcc/x86_64-redhat-linux/11/include -fno-merge-all-constants -DCONFIG_x86_64 -DGNU_EFI_USE_MS_ABI -DGNU_EFI_USE_EXTERNAL_STDARG -maccumulate-outgoing-args --std=c11 -c /builddir/build/BUILD/shim-16.1/gnu-efi//lib/runtime/efirtlib.c -o runtime/efirtlib.o
#13 208.2 gcc -I/builddir/build/BUILD/shim-16.1/gnu-efi//lib -I/builddir/build/BUILD/shim-16.1/gnu-efi/inc -I/builddir/build/BUILD/shim-16.1/gnu-efi/inc/x86_64 -I/builddir/build/BUILD/shim-16.1/gnu-efi/inc/protocol -Wno-error=pragmas -mno-red-zone -mno-avx -fpic  -Os -Wall -Wextra -Wno-missing-field-initializers -Werror -fshort-wchar -fno-strict-aliasing -ffreestanding -fno-stack-protector -fno-stack-check -nostdinc   -isystem /builddir/build/BUILD/shim-16.1/gnu-efi/../include/system -isystem /usr/lib/gcc/x86_64-redhat-linux/11/include -fno-merge-all-constants -DCONFIG_x86_64 -DGNU_EFI_USE_MS_ABI -DGNU_EFI_USE_EXTERNAL_STDARG -maccumulate-outgoing-args --std=c11 -c /builddir/build/BUILD/shim-16.1/gnu-efi//lib/runtime/rtstr.c -o runtime/rtstr.o
#13 208.6 gcc -I/builddir/build/BUILD/shim-16.1/gnu-efi//lib -I/builddir/build/BUILD/shim-16.1/gnu-efi/inc -I/builddir/build/BUILD/shim-16.1/gnu-efi/inc/x86_64 -I/builddir/build/BUILD/shim-16.1/gnu-efi/inc/protocol -Wno-error=pragmas -mno-red-zone -mno-avx -fpic  -Os -Wall -Wextra -Wno-missing-field-initializers -Werror -fshort-wchar -fno-strict-aliasing -ffreestanding -fno-stack-protector -fno-stack-check -nostdinc   -isystem /builddir/build/BUILD/shim-16.1/gnu-efi/../include/system -isystem /usr/lib/gcc/x86_64-redhat-linux/11/include -fno-merge-all-constants -DCONFIG_x86_64 -DGNU_EFI_USE_MS_ABI -DGNU_EFI_USE_EXTERNAL_STDARG -maccumulate-outgoing-args --std=c11 -c /builddir/build/BUILD/shim-16.1/gnu-efi//lib/runtime/vm.c -o runtime/vm.o
#13 209.0 gcc -I/builddir/build/BUILD/shim-16.1/gnu-efi//lib -I/builddir/build/BUILD/shim-16.1/gnu-efi/inc -I/builddir/build/BUILD/shim-16.1/gnu-efi/inc/x86_64 -I/builddir/build/BUILD/shim-16.1/gnu-efi/inc/protocol -Wno-error=pragmas -mno-red-zone -mno-avx -fpic  -Os -Wall -Wextra -Wno-missing-field-initializers -Werror -fshort-wchar -fno-strict-aliasing -ffreestanding -fno-stack-protector -fno-stack-check -nostdinc   -isystem /builddir/build/BUILD/shim-16.1/gnu-efi/../include/system -isystem /usr/lib/gcc/x86_64-redhat-linux/11/include -fno-merge-all-constants -DCONFIG_x86_64 -DGNU_EFI_USE_MS_ABI -DGNU_EFI_USE_EXTERNAL_STDARG -maccumulate-outgoing-args --std=c11 -c /builddir/build/BUILD/shim-16.1/gnu-efi//lib/runtime/rtdata.c -o runtime/rtdata.o
#13 209.2 gcc -I/builddir/build/BUILD/shim-16.1/gnu-efi//lib -I/builddir/build/BUILD/shim-16.1/gnu-efi/inc -I/builddir/build/BUILD/shim-16.1/gnu-efi/inc/x86_64 -I/builddir/build/BUILD/shim-16.1/gnu-efi/inc/protocol -Wno-error=pragmas -mno-red-zone -mno-avx -fpic  -Os -Wall -Wextra -Wno-missing-field-initializers -Werror -fshort-wchar -fno-strict-aliasing -ffreestanding -fno-stack-protector -fno-stack-check -nostdinc   -isystem /builddir/build/BUILD/shim-16.1/gnu-efi/../include/system -isystem /usr/lib/gcc/x86_64-redhat-linux/11/include -fno-merge-all-constants -DCONFIG_x86_64 -DGNU_EFI_USE_MS_ABI -DGNU_EFI_USE_EXTERNAL_STDARG -maccumulate-outgoing-args --std=c11 -c /builddir/build/BUILD/shim-16.1/gnu-efi//lib/x86_64/initplat.c -o x86_64/initplat.o
#13 209.4 gcc -I/builddir/build/BUILD/shim-16.1/gnu-efi//lib -I/builddir/build/BUILD/shim-16.1/gnu-efi/inc -I/builddir/build/BUILD/shim-16.1/gnu-efi/inc/x86_64 -I/builddir/build/BUILD/shim-16.1/gnu-efi/inc/protocol -Wno-error=pragmas -mno-red-zone -mno-avx -fpic  -Os -Wall -Wextra -Wno-missing-field-initializers -Werror -fshort-wchar -fno-strict-aliasing -ffreestanding -fno-stack-protector -fno-stack-check -nostdinc   -isystem /builddir/build/BUILD/shim-16.1/gnu-efi/../include/system -isystem /usr/lib/gcc/x86_64-redhat-linux/11/include -fno-merge-all-constants -DCONFIG_x86_64 -DGNU_EFI_USE_MS_ABI -DGNU_EFI_USE_EXTERNAL_STDARG -maccumulate-outgoing-args --std=c11 -c /builddir/build/BUILD/shim-16.1/gnu-efi//lib/x86_64/math.c -o x86_64/math.o
#13 209.8 gcc -I/builddir/build/BUILD/shim-16.1/gnu-efi//lib -I/builddir/build/BUILD/shim-16.1/gnu-efi/inc -I/builddir/build/BUILD/shim-16.1/gnu-efi/inc/x86_64 -I/builddir/build/BUILD/shim-16.1/gnu-efi/inc/protocol -Wno-error=pragmas -mno-red-zone -mno-avx -fpic  -Os -Wall -Wextra -Wno-missing-field-initializers -Werror -fshort-wchar -fno-strict-aliasing -ffreestanding -fno-stack-protector -fno-stack-check -nostdinc   -isystem /builddir/build/BUILD/shim-16.1/gnu-efi/../include/system -isystem /usr/lib/gcc/x86_64-redhat-linux/11/include -fno-merge-all-constants -DCONFIG_x86_64 -DGNU_EFI_USE_MS_ABI -DGNU_EFI_USE_EXTERNAL_STDARG -maccumulate-outgoing-args --std=c11 -c /builddir/build/BUILD/shim-16.1/gnu-efi//lib/x86_64/setjmp.S -o x86_64/setjmp.o
#13 209.9 /builddir/build/BUILD/shim-16.1/gnu-efi//lib/x86_64/setjmp.S: Assembler messages:
#13 209.9 /builddir/build/BUILD/shim-16.1/gnu-efi//lib/x86_64/setjmp.S:49: Warning: setting incorrect section attributes for .note.GNU-stack
#13 209.9 gcc -I/builddir/build/BUILD/shim-16.1/gnu-efi//lib -I/builddir/build/BUILD/shim-16.1/gnu-efi/inc -I/builddir/build/BUILD/shim-16.1/gnu-efi/inc/x86_64 -I/builddir/build/BUILD/shim-16.1/gnu-efi/inc/protocol -Wno-error=pragmas -mno-red-zone -mno-avx -fpic  -Os -Wall -Wextra -Wno-missing-field-initializers -Werror -fshort-wchar -fno-strict-aliasing -ffreestanding -fno-stack-protector -fno-stack-check -nostdinc   -isystem /builddir/build/BUILD/shim-16.1/gnu-efi/../include/system -isystem /usr/lib/gcc/x86_64-redhat-linux/11/include -fno-merge-all-constants -DCONFIG_x86_64 -DGNU_EFI_USE_MS_ABI -DGNU_EFI_USE_EXTERNAL_STDARG -maccumulate-outgoing-args --std=c11 -c /builddir/build/BUILD/shim-16.1/gnu-efi//lib/x86_64/callwrap.c -o x86_64/callwrap.o
#13 210.0 gcc -I/builddir/build/BUILD/shim-16.1/gnu-efi//lib -I/builddir/build/BUILD/shim-16.1/gnu-efi/inc -I/builddir/build/BUILD/shim-16.1/gnu-efi/inc/x86_64 -I/builddir/build/BUILD/shim-16.1/gnu-efi/inc/protocol -Wno-error=pragmas -mno-red-zone -mno-avx -fpic  -Os -Wall -Wextra -Wno-missing-field-initializers -Werror -fshort-wchar -fno-strict-aliasing -ffreestanding -fno-stack-protector -fno-stack-check -nostdinc   -isystem /builddir/build/BUILD/shim-16.1/gnu-efi/../include/system -isystem /usr/lib/gcc/x86_64-redhat-linux/11/include -fno-merge-all-constants -DCONFIG_x86_64 -DGNU_EFI_USE_MS_ABI -DGNU_EFI_USE_EXTERNAL_STDARG -maccumulate-outgoing-args --std=c11 -c /builddir/build/BUILD/shim-16.1/gnu-efi//lib/x86_64/efi_stub.S -o x86_64/efi_stub.o
#13 210.1 /builddir/build/BUILD/shim-16.1/gnu-efi//lib/x86_64/efi_stub.S: Assembler messages:
#13 210.1 /builddir/build/BUILD/shim-16.1/gnu-efi//lib/x86_64/efi_stub.S:190: Warning: setting incorrect section attributes for .note.GNU-stack
#13 210.1 gcc-ar rv -U libefi.a boxdraw.o smbios.o console.o crc.o data.o debug.o dpath.o error.o event.o exit.o guid.o hand.o hw.o init.o lock.o misc.o pause.o print.o sread.o str.o cmdline.o runtime/rtlock.o runtime/efirtlib.o runtime/rtstr.o runtime/vm.o runtime/rtdata.o x86_64/initplat.o x86_64/math.o x86_64/setjmp.o x86_64/callwrap.o x86_64/efi_stub.o
#13 210.2 /usr/bin/ar: creating libefi.a
#13 210.2 a - boxdraw.o
#13 210.2 a - smbios.o
#13 210.2 a - console.o
#13 210.2 a - crc.o
#13 210.2 a - data.o
#13 210.2 a - debug.o
#13 210.2 a - dpath.o
#13 210.2 a - error.o
#13 210.2 a - event.o
#13 210.2 a - exit.o
#13 210.2 a - guid.o
#13 210.2 a - hand.o
#13 210.2 a - hw.o
#13 210.2 a - init.o
#13 210.2 a - lock.o
#13 210.2 a - misc.o
#13 210.2 a - pause.o
#13 210.2 a - print.o
#13 210.2 a - sread.o
#13 210.2 a - str.o
#13 210.2 a - cmdline.o
#13 210.2 a - runtime/rtlock.o
#13 210.2 a - runtime/efirtlib.o
#13 210.2 a - runtime/rtstr.o
#13 210.2 a - runtime/vm.o
#13 210.2 a - runtime/rtdata.o
#13 210.2 a - x86_64/initplat.o
#13 210.2 a - x86_64/math.o
#13 210.2 a - x86_64/setjmp.o
#13 210.2 a - x86_64/callwrap.o
#13 210.2 a - x86_64/efi_stub.o
#13 210.2 make[2]: Leaving directory '/builddir/build/BUILD/shim-16.1/build-x64/gnu-efi/x86_64/lib'
#13 210.2 mkdir -p /builddir/build/BUILD/shim-16.1/build-x64/gnu-efi/x86_64/gnuefi
#13 210.3 make -C /builddir/build/BUILD/shim-16.1/build-x64/gnu-efi/x86_64/gnuefi -f /builddir/build/BUILD/shim-16.1/gnu-efi//gnuefi/Makefile SRCDIR=/builddir/build/BUILD/shim-16.1/gnu-efi//gnuefi ARCH=x86_64
#13 210.3 make[2]: Entering directory '/builddir/build/BUILD/shim-16.1/build-x64/gnu-efi/x86_64/gnuefi'
#13 210.6 gcc -I/builddir/build/BUILD/shim-16.1/gnu-efi//gnuefi -I/builddir/build/BUILD/shim-16.1/gnu-efi/inc -I/builddir/build/BUILD/shim-16.1/gnu-efi/inc/x86_64 -I/builddir/build/BUILD/shim-16.1/gnu-efi/inc/protocol -Wno-error=pragmas -mno-red-zone -mno-avx -fpic  -Os -Wall -Wextra -Wno-missing-field-initializers -Werror -fshort-wchar -fno-strict-aliasing -ffreestanding -fno-stack-protector -fno-stack-check -nostdinc   -isystem /builddir/build/BUILD/shim-16.1/gnu-efi/../include/system -isystem /usr/lib/gcc/x86_64-redhat-linux/11/include -fno-merge-all-constants -DCONFIG_x86_64 -DGNU_EFI_USE_MS_ABI -DGNU_EFI_USE_EXTERNAL_STDARG -maccumulate-outgoing-args --std=c11 -c /builddir/build/BUILD/shim-16.1/gnu-efi//gnuefi/crt0-efi-x86_64.S -o crt0-efi-x86_64.o
#13 210.7 /builddir/build/BUILD/shim-16.1/gnu-efi//gnuefi/crt0-efi-x86_64.S: Assembler messages:
#13 210.7 /builddir/build/BUILD/shim-16.1/gnu-efi//gnuefi/crt0-efi-x86_64.S:75: Warning: setting incorrect section attributes for .note.GNU-stack
#13 210.8 gcc -I/builddir/build/BUILD/shim-16.1/gnu-efi//gnuefi -I/builddir/build/BUILD/shim-16.1/gnu-efi/inc -I/builddir/build/BUILD/shim-16.1/gnu-efi/inc/x86_64 -I/builddir/build/BUILD/shim-16.1/gnu-efi/inc/protocol -Wno-error=pragmas -mno-red-zone -mno-avx -fpic  -Os -Wall -Wextra -Wno-missing-field-initializers -Werror -fshort-wchar -fno-strict-aliasing -ffreestanding -fno-stack-protector -fno-stack-check -nostdinc   -isystem /builddir/build/BUILD/shim-16.1/gnu-efi/../include/system -isystem /usr/lib/gcc/x86_64-redhat-linux/11/include -fno-merge-all-constants -DCONFIG_x86_64 -DGNU_EFI_USE_MS_ABI -DGNU_EFI_USE_EXTERNAL_STDARG -maccumulate-outgoing-args --std=c11 -c /builddir/build/BUILD/shim-16.1/gnu-efi//gnuefi/reloc_x86_64.c -o reloc_x86_64.o
#13 211.1 gcc-ar rv -U libgnuefi.a reloc_x86_64.o
#13 211.2 /usr/bin/ar: creating libgnuefi.a
#13 211.2 a - reloc_x86_64.o
#13 211.2 make[2]: Leaving directory '/builddir/build/BUILD/shim-16.1/build-x64/gnu-efi/x86_64/gnuefi'
#13 211.2 mkdir -p /builddir/build/BUILD/shim-16.1/build-x64/gnu-efi/x86_64/inc
#13 211.2 make -C /builddir/build/BUILD/shim-16.1/build-x64/gnu-efi/x86_64/inc -f /builddir/build/BUILD/shim-16.1/gnu-efi//inc/Makefile SRCDIR=/builddir/build/BUILD/shim-16.1/gnu-efi//inc ARCH=x86_64
#13 211.3 make[2]: Entering directory '/builddir/build/BUILD/shim-16.1/build-x64/gnu-efi/x86_64/inc'
#13 211.6 make[2]: Nothing to be done for 'all'.
#13 211.6 make[2]: Leaving directory '/builddir/build/BUILD/shim-16.1/build-x64/gnu-efi/x86_64/inc'
#13 211.6 make[1]: Leaving directory '/builddir/build/BUILD/shim-16.1/build-x64/gnu-efi'
#13 211.7 ld -o shimx64.so --hash-style=sysv -nostdlib -znocombreloc -T /builddir/build/BUILD/shim-16.1/elf_x86_64_efi.lds -shared -Bsymbolic -Lgnu-efi/x86_64/gnuefi -Lgnu-efi/x86_64/lib -LCryptlib -LCryptlib/OpenSSL gnu-efi/x86_64/gnuefi/crt0-efi-x86_64.o --build-id=sha1  --no-undefined shim.o globals.o memattrs.o mok.o netboot.o cert.o dp.o loader-proto.o tpm.o version.o errlog.o sbat.o sbat_data.o sbat_var.o pe.o pe-relocate.o httpboot.o csv.o load-options.o utils.o verify.o Cryptlib/libcryptlib.a Cryptlib/OpenSSL/libopenssl.a lib/lib.a gnu-efi/x86_64/lib/libefi.a gnu-efi/x86_64/gnuefi/libgnuefi.a -lefi -lgnuefi --start-group Cryptlib/libcryptlib.a Cryptlib/OpenSSL/libopenssl.a --end-group /usr/lib/gcc/x86_64-redhat-linux/11/libgcc.a lib/lib.a
#13 211.8 gcc -std=gnu11 -Og -g3 -Wall -Wextra -Wno-missing-field-initializers -Werror -o post-process-pe /builddir/build/BUILD/shim-16.1/post-process-pe.c
#13 212.4 objcopy -D -j .text -j .sdata -j .data -j .data.ident \
#13 212.4 	-j .dynamic -j .rodata -j .rel* \
#13 212.4 	-j .rela* -j .dyn -j .reloc -j .eh_frame \
#13 212.4 	-j .vendor_cert -j .sbat -j .sbatlevel \
#13 212.4 	--file-alignment 0x1000 \
#13 212.4 	--target efi-app-x86_64 shimx64.so shimx64.efi
#13 212.5 ./post-process-pe -vv  shimx64.efi
#13 212.5 validate_nx_compat():380: NX Compatibility flag is not set
#13 212.5 objcopy -D -j .text -j .sdata -j .data \
#13 212.5 	-j .dynamic -j .rodata -j .rel* \
#13 212.5 	-j .rela* -j .dyn -j .reloc -j .eh_frame -j .sbat \
#13 212.5 	-j .sbatlevel \
#13 212.5 	-j .debug_info -j .debug_abbrev -j .debug_aranges \
#13 212.5 	-j .debug_line -j .debug_str -j .debug_ranges \
#13 212.5 	-j .note.gnu.build-id \
#13 212.5 	--file-alignment 0x1000 \
#13 212.5 	shimx64.so shimx64.efi.debug
#13 212.6 gcc -std=gnu11 -ggdb -gdwarf-4 -gstrict-dwarf -ffreestanding -fmacro-prefix-map=/builddir/build/BUILD/shim-16.1/= -fno-stack-protector -fno-strict-aliasing -fpic -fshort-wchar -Os -Wall -Wextra -Wno-missing-field-initializers  -mno-mmx -mno-sse -mno-red-zone -nostdinc -maccumulate-outgoing-args  -m64 -DMDE_CPU_X64 -DPAGE_SIZE=4096 -Werror -nostdinc -I/builddir/build/BUILD/shim-16.1/Cryptlib -I/builddir/build/BUILD/shim-16.1/Cryptlib/Include -I/builddir/build/BUILD/shim-16.1/gnu-efi/inc -I/builddir/build/BUILD/shim-16.1/gnu-efi/inc/x86_64 -I/builddir/build/BUILD/shim-16.1/gnu-efi/inc/protocol -I/builddir/build/BUILD/shim-16.1/include -iquote /builddir/build/BUILD/shim-16.1 -iquote /builddir/build/BUILD/shim-16.1/build-x64 -isystem /builddir/build/BUILD/shim-16.1/include/system -isystem /usr/lib/gcc/x86_64-redhat-linux/11/include -DDEFAULT_LOADER='L"\\\\grubx64.efi"' -DDEFAULT_LOADER_CHAR='"\\\\grubx64.efi"' -DEFI_ARCH='L"x64"' -DDEBUGDIR='L"/usr/lib/debug/usr/share/shim/x64-16.1-2.el9/"' -DVENDOR_CERT_FILE=\"/etc/pki/sb-certs/secureboot-ca-x86_64.cer\" -DVENDOR_DBX_FILE=\"/builddir/build/SOURCES/dbx-x86.esl\" -DSBAT_AUTOMATIC_DATE=2023012900   -c -o MokManager.o /builddir/build/BUILD/shim-16.1/MokManager.c
#13 213.7 gcc -std=gnu11 -ggdb -gdwarf-4 -gstrict-dwarf -ffreestanding -fmacro-prefix-map=/builddir/build/BUILD/shim-16.1/= -fno-stack-protector -fno-strict-aliasing -fpic -fshort-wchar -Os -Wall -Wextra -Wno-missing-field-initializers  -mno-mmx -mno-sse -mno-red-zone -nostdinc -maccumulate-outgoing-args  -m64 -DMDE_CPU_X64 -DPAGE_SIZE=4096 -Werror -nostdinc -I/builddir/build/BUILD/shim-16.1/Cryptlib -I/builddir/build/BUILD/shim-16.1/Cryptlib/Include -I/builddir/build/BUILD/shim-16.1/gnu-efi/inc -I/builddir/build/BUILD/shim-16.1/gnu-efi/inc/x86_64 -I/builddir/build/BUILD/shim-16.1/gnu-efi/inc/protocol -I/builddir/build/BUILD/shim-16.1/include -iquote /builddir/build/BUILD/shim-16.1 -iquote /builddir/build/BUILD/shim-16.1/build-x64 -isystem /builddir/build/BUILD/shim-16.1/include/system -isystem /usr/lib/gcc/x86_64-redhat-linux/11/include -DDEFAULT_LOADER='L"\\\\grubx64.efi"' -DDEFAULT_LOADER_CHAR='"\\\\grubx64.efi"' -DEFI_ARCH='L"x64"' -DDEBUGDIR='L"/usr/lib/debug/usr/share/shim/x64-16.1-2.el9/"' -DVENDOR_CERT_FILE=\"/etc/pki/sb-certs/secureboot-ca-x86_64.cer\" -DVENDOR_DBX_FILE=\"/builddir/build/SOURCES/dbx-x86.esl\" -DSBAT_AUTOMATIC_DATE=2023012900   -c -o PasswordCrypt.o /builddir/build/BUILD/shim-16.1/PasswordCrypt.c
#13 214.3 gcc -std=gnu11 -ggdb -gdwarf-4 -gstrict-dwarf -ffreestanding -fmacro-prefix-map=/builddir/build/BUILD/shim-16.1/= -fno-stack-protector -fno-strict-aliasing -fpic -fshort-wchar -Os -Wall -Wextra -Wno-missing-field-initializers  -mno-mmx -mno-sse -mno-red-zone -nostdinc -maccumulate-outgoing-args  -m64 -DMDE_CPU_X64 -DPAGE_SIZE=4096 -Werror -nostdinc -I/builddir/build/BUILD/shim-16.1/Cryptlib -I/builddir/build/BUILD/shim-16.1/Cryptlib/Include -I/builddir/build/BUILD/shim-16.1/gnu-efi/inc -I/builddir/build/BUILD/shim-16.1/gnu-efi/inc/x86_64 -I/builddir/build/BUILD/shim-16.1/gnu-efi/inc/protocol -I/builddir/build/BUILD/shim-16.1/include -iquote /builddir/build/BUILD/shim-16.1 -iquote /builddir/build/BUILD/shim-16.1/build-x64 -isystem /builddir/build/BUILD/shim-16.1/include/system -isystem /usr/lib/gcc/x86_64-redhat-linux/11/include -DDEFAULT_LOADER='L"\\\\grubx64.efi"' -DDEFAULT_LOADER_CHAR='"\\\\grubx64.efi"' -DEFI_ARCH='L"x64"' -DDEBUGDIR='L"/usr/lib/debug/usr/share/shim/x64-16.1-2.el9/"' -DVENDOR_CERT_FILE=\"/etc/pki/sb-certs/secureboot-ca-x86_64.cer\" -DVENDOR_DBX_FILE=\"/builddir/build/SOURCES/dbx-x86.esl\" -DSBAT_AUTOMATIC_DATE=2023012900   -c -o crypt_blowfish.o /builddir/build/BUILD/shim-16.1/crypt_blowfish.c
#13 215.2 ld -o mmx64.so --hash-style=sysv -nostdlib -znocombreloc -T /builddir/build/BUILD/shim-16.1/elf_x86_64_efi.lds -shared -Bsymbolic -Lgnu-efi/x86_64/gnuefi -Lgnu-efi/x86_64/lib -LCryptlib -LCryptlib/OpenSSL gnu-efi/x86_64/gnuefi/crt0-efi-x86_64.o --build-id=sha1  --no-undefined MokManager.o PasswordCrypt.o crypt_blowfish.o errlog.o sbat_data.o globals.o dp.o Cryptlib/libcryptlib.a Cryptlib/OpenSSL/libopenssl.a lib/lib.a gnu-efi/x86_64/lib/libefi.a gnu-efi/x86_64/gnuefi/libgnuefi.a -lefi -lgnuefi --start-group Cryptlib/libcryptlib.a Cryptlib/OpenSSL/libopenssl.a --end-group /usr/lib/gcc/x86_64-redhat-linux/11/libgcc.a lib/lib.a
#13 215.3 objcopy -D -j .text -j .sdata -j .data \
#13 215.3 	-j .dynamic -j .rodata -j .rel* \
#13 215.3 	-j .rela* -j .dyn -j .reloc -j .eh_frame -j .sbat \
#13 215.3 	-j .sbatlevel \
#13 215.3 	-j .debug_info -j .debug_abbrev -j .debug_aranges \
#13 215.3 	-j .debug_line -j .debug_str -j .debug_ranges \
#13 215.3 	-j .note.gnu.build-id \
#13 215.3 	--file-alignment 0x1000 \
#13 215.3 	mmx64.so mmx64.efi.debug
#13 215.4 gcc -std=gnu11 -ggdb -gdwarf-4 -gstrict-dwarf -ffreestanding -fmacro-prefix-map=/builddir/build/BUILD/shim-16.1/= -fno-stack-protector -fno-strict-aliasing -fpic -fshort-wchar -Os -Wall -Wextra -Wno-missing-field-initializers  -mno-mmx -mno-sse -mno-red-zone -nostdinc -maccumulate-outgoing-args  -m64 -DMDE_CPU_X64 -DPAGE_SIZE=4096 -Werror -nostdinc -I/builddir/build/BUILD/shim-16.1/Cryptlib -I/builddir/build/BUILD/shim-16.1/Cryptlib/Include -I/builddir/build/BUILD/shim-16.1/gnu-efi/inc -I/builddir/build/BUILD/shim-16.1/gnu-efi/inc/x86_64 -I/builddir/build/BUILD/shim-16.1/gnu-efi/inc/protocol -I/builddir/build/BUILD/shim-16.1/include -iquote /builddir/build/BUILD/shim-16.1 -iquote /builddir/build/BUILD/shim-16.1/build-x64 -isystem /builddir/build/BUILD/shim-16.1/include/system -isystem /usr/lib/gcc/x86_64-redhat-linux/11/include -DDEFAULT_LOADER='L"\\\\grubx64.efi"' -DDEFAULT_LOADER_CHAR='"\\\\grubx64.efi"' -DEFI_ARCH='L"x64"' -DDEBUGDIR='L"/usr/lib/debug/usr/share/shim/x64-16.1-2.el9/"' -DVENDOR_CERT_FILE=\"/etc/pki/sb-certs/secureboot-ca-x86_64.cer\" -DVENDOR_DBX_FILE=\"/builddir/build/SOURCES/dbx-x86.esl\" -DSBAT_AUTOMATIC_DATE=2023012900   -c -o fallback.o /builddir/build/BUILD/shim-16.1/fallback.c
#13 216.2 ld -o fbx64.so --hash-style=sysv -nostdlib -znocombreloc -T /builddir/build/BUILD/shim-16.1/elf_x86_64_efi.lds -shared -Bsymbolic -Lgnu-efi/x86_64/gnuefi -Lgnu-efi/x86_64/lib -LCryptlib -LCryptlib/OpenSSL gnu-efi/x86_64/gnuefi/crt0-efi-x86_64.o --build-id=sha1  --no-undefined fallback.o tpm.o errlog.o sbat_data.o globals.o utils.o Cryptlib/libcryptlib.a Cryptlib/OpenSSL/libopenssl.a lib/lib.a gnu-efi/x86_64/lib/libefi.a gnu-efi/x86_64/gnuefi/libgnuefi.a -lefi -lgnuefi --start-group Cryptlib/libcryptlib.a Cryptlib/OpenSSL/libopenssl.a --end-group /usr/lib/gcc/x86_64-redhat-linux/11/libgcc.a lib/lib.a
#13 216.2 objcopy -D -j .text -j .sdata -j .data \
#13 216.2 	-j .dynamic -j .rodata -j .rel* \
#13 216.2 	-j .rela* -j .dyn -j .reloc -j .eh_frame -j .sbat \
#13 216.2 	-j .sbatlevel \
#13 216.2 	-j .debug_info -j .debug_abbrev -j .debug_aranges \
#13 216.2 	-j .debug_line -j .debug_str -j .debug_ranges \
#13 216.2 	-j .note.gnu.build-id \
#13 216.2 	--file-alignment 0x1000 \
#13 216.2 	fbx64.so fbx64.efi.debug
#13 216.3 pesign -i shimx64.efi -P -h > shimx64.hash
#13 216.5 objcopy -D -j .text -j .sdata -j .data -j .data.ident \
#13 216.5 	-j .dynamic -j .rodata -j .rel* \
#13 216.5 	-j .rela* -j .dyn -j .reloc -j .eh_frame \
#13 216.5 	-j .vendor_cert -j .sbat -j .sbatlevel \
#13 216.5 	--file-alignment 0x1000 \
#13 216.5 	--target efi-app-x86_64 mmx64.so mmx64.efi
#13 216.6 ./post-process-pe -vv  mmx64.efi
#13 216.6 validate_nx_compat():380: NX Compatibility flag is not set
#13 216.7 objcopy -D -j .text -j .sdata -j .data -j .data.ident \
#13 216.7 	-j .dynamic -j .rodata -j .rel* \
#13 216.7 	-j .rela* -j .dyn -j .reloc -j .eh_frame \
#13 216.7 	-j .vendor_cert -j .sbat -j .sbatlevel \
#13 216.7 	--file-alignment 0x1000 \
#13 216.7 	--target efi-app-x86_64 fbx64.so fbx64.efi
#13 216.8 ./post-process-pe -vv  fbx64.efi
#13 216.8 validate_nx_compat():380: NX Compatibility flag is not set
#13 216.8 + cd ..
#13 216.8 + RPM_EC=0
#13 216.8 ++ jobs -p
#13 216.8 + exit 0
#13 216.8 Executing(%install): /bin/sh -e /var/tmp/rpm-tmp.igsJxD
#13 216.8 + umask 022
#13 216.8 + cd /builddir/build//BUILD
#13 216.8 + '[' /builddir/build/BUILDROOT/shim-unsigned-x64-16.1-2.el9.x86_64 '!=' / ']'
#13 216.8 + rm -rf /builddir/build/BUILDROOT/shim-unsigned-x64-16.1-2.el9.x86_64
#13 216.9 ++ dirname /builddir/build/BUILDROOT/shim-unsigned-x64-16.1-2.el9.x86_64
#13 216.9 + mkdir -p /builddir/build/BUILDROOT
#13 216.9 + mkdir /builddir/build/BUILDROOT/shim-unsigned-x64-16.1-2.el9.x86_64
#13 216.9 + cd shim-16.1
#13 216.9 + COMMIT_ID=afc49558b34548644c1cd0ad1b6526a9470182ed
#13 216.9 + MAKEFLAGS='TOPDIR=.. -f ../Makefile COMMIT_ID=afc49558b34548644c1cd0ad1b6526a9470182ed '
#13 216.9 + MAKEFLAGS+='EFIDIR=navix PKGNAME=shim RELEASE=2.el9 '
#13 216.9 + MAKEFLAGS+='ENABLE_SHIM_HASH=true '
#13 216.9 + MAKEFLAGS+='SBAT_AUTOMATIC_DATE=2023012900 '
#13 216.9 + '[' -f /etc/pki/sb-certs/secureboot-ca-x86_64.cer ']'
#13 216.9 + MAKEFLAGS='TOPDIR=.. -f ../Makefile COMMIT_ID=afc49558b34548644c1cd0ad1b6526a9470182ed EFIDIR=navix PKGNAME=shim RELEASE=2.el9 ENABLE_SHIM_HASH=true SBAT_AUTOMATIC_DATE=2023012900  VENDOR_CERT_FILE=/etc/pki/sb-certs/secureboot-ca-x86_64.cer'
#13 216.9 + '[' -f /builddir/build/SOURCES/dbx-x86.esl ']'
#13 216.9 + MAKEFLAGS='TOPDIR=.. -f ../Makefile COMMIT_ID=afc49558b34548644c1cd0ad1b6526a9470182ed EFIDIR=navix PKGNAME=shim RELEASE=2.el9 ENABLE_SHIM_HASH=true SBAT_AUTOMATIC_DATE=2023012900  VENDOR_CERT_FILE=/etc/pki/sb-certs/secureboot-ca-x86_64.cer VENDOR_DBX_FILE=/builddir/build/SOURCES/dbx-x86.esl'
#13 216.9 + cd build-x64
#13 216.9 + make TOPDIR=.. -f ../Makefile COMMIT_ID=afc49558b34548644c1cd0ad1b6526a9470182ed EFIDIR=navix PKGNAME=shim RELEASE=2.el9 ENABLE_SHIM_HASH=true SBAT_AUTOMATIC_DATE=2023012900 VENDOR_CERT_FILE=/etc/pki/sb-certs/secureboot-ca-x86_64.cer VENDOR_DBX_FILE=/builddir/build/SOURCES/dbx-x86.esl 'DEFAULT_LOADER=\\\\grubx64.efi' DESTDIR=/builddir/build/BUILDROOT/shim-unsigned-x64-16.1-2.el9.x86_64 install-as-data install-debuginfo install-debugsource
#13 217.4 gcc -I/usr/include -Og -g3 -Wall -Werror -Wextra -o buildid /builddir/build/BUILD/shim-16.1/buildid.c -lelf
#13 217.9 Making BOOTX64.CSV
#13 217.9 install -d -m 0755 /builddir/build/BUILDROOT/shim-unsigned-x64-16.1-2.el9.x86_64//usr/share//shim/16.1-2.el9/x64/
#13 218.0 install -m 0644 shimx64.efi /builddir/build/BUILDROOT/shim-unsigned-x64-16.1-2.el9.x86_64//usr/share//shim/16.1-2.el9/x64//
#13 218.0 install -m 0644 BOOTX64.CSV /builddir/build/BUILDROOT/shim-unsigned-x64-16.1-2.el9.x86_64//usr/share//shim/16.1-2.el9/x64//
#13 218.0 install -m 0644 shimx64.hash /builddir/build/BUILDROOT/shim-unsigned-x64-16.1-2.el9.x86_64//usr/share//shim/16.1-2.el9/x64//
#13 218.0 install -m 0644 mmx64.efi /builddir/build/BUILDROOT/shim-unsigned-x64-16.1-2.el9.x86_64//usr/share//shim/16.1-2.el9/x64//mmx64.efi
#13 218.1 install -m 0644 fbx64.efi /builddir/build/BUILDROOT/shim-unsigned-x64-16.1-2.el9.x86_64//usr/share//shim/16.1-2.el9/x64//fbx64.efi
#13 218.1 install -d -m 0755 /builddir/build/BUILDROOT/shim-unsigned-x64-16.1-2.el9.x86_64/
#13 218.1 install -d -m 0755 /builddir/build/BUILDROOT/shim-unsigned-x64-16.1-2.el9.x86_64//usr/lib/debug/boot/efi/EFI/navix//
#13 218.4 install -d -m 0755 /builddir/build/BUILDROOT/shim-unsigned-x64-16.1-2.el9.x86_64//usr/src/debug//shim-16.1-2.el9
#13 218.5 find /builddir/build/BUILD/shim-16.1 -type f -a '(' -iname '*.c' -o -iname '*.h' -o -iname '*.S' ')' | while read file ; do \
#13 218.5 	outfile=$(echo ${file} | sed -e "s,^/builddir/build/BUILD/shim-16.1,,") ; \
#13 218.5 	install -d -m 0755 /builddir/build/BUILDROOT/shim-unsigned-x64-16.1-2.el9.x86_64//usr/src/debug//shim-16.1-2.el9/$(dirname ${outfile}) ; \
#13 218.5 	install -m 0644 ${file} /builddir/build/BUILDROOT/shim-unsigned-x64-16.1-2.el9.x86_64//usr/src/debug//shim-16.1-2.el9/${outfile} ; \
#13 218.5 done
#13 270.7 + cd ..
#13 270.7 + /builddir/build/SOURCES/shim-find-debuginfo.sh x64 ia32
#13 271.8 + /usr/lib/rpm/check-buildroot
#13 272.1 + /usr/lib/rpm/redhat/brp-ldconfig
#13 272.1 + /usr/lib/rpm/brp-compress
#13 272.2 + /usr/lib/rpm/redhat/brp-strip-lto /usr/bin/strip
#13 272.3 + /usr/lib/rpm/brp-strip-static-archive /usr/bin/strip
#13 272.9 + /usr/lib/rpm/redhat/brp-python-bytecompile '' 1 0
#13 273.0 + /usr/lib/rpm/brp-python-hardlink
#13 273.0 + /usr/lib/rpm/redhat/brp-mangle-shebangs
#13 273.1 Processing files: shim-unsigned-x64-16.1-2.el9.x86_64
#13 273.1 Executing(%license): /bin/sh -e /var/tmp/rpm-tmp.bBFW2J
#13 273.1 + umask 022
#13 273.1 + cd /builddir/build//BUILD
#13 273.1 + cd shim-16.1
#13 273.1 + LICENSEDIR=/builddir/build/BUILDROOT/shim-unsigned-x64-16.1-2.el9.x86_64/usr/share/licenses/shim-unsigned-x64
#13 273.1 + export LC_ALL=C
#13 273.1 + LC_ALL=C
#13 273.1 + export LICENSEDIR
#13 273.1 + /usr/bin/mkdir -p /builddir/build/BUILDROOT/shim-unsigned-x64-16.1-2.el9.x86_64/usr/share/licenses/shim-unsigned-x64
#13 273.2 + cp -pr COPYRIGHT /builddir/build/BUILDROOT/shim-unsigned-x64-16.1-2.el9.x86_64/usr/share/licenses/shim-unsigned-x64
#13 273.2 + RPM_EC=0
#13 273.2 ++ jobs -p
#13 273.2 + exit 0
#13 273.3 Provides: bundled(openssl) = 1.0.2j shim-unsigned-x64 = 16.1-2.el9 shim-unsigned-x64(x86-64) = 16.1-2.el9
#13 273.3 Requires(rpmlib): rpmlib(CompressedFileNames) <= 3.0.4-1 rpmlib(FileDigests) <= 4.6.0-1 rpmlib(PayloadFilesHavePrefix) <= 4.0-1
#13 273.3 Processing files: shim-unsigned-x64-debuginfo-16.1-2.el9.noarch
#13 273.3 Provides: shim-unsigned-x64-debuginfo = 16.1-2.el9
#13 273.3 Requires(rpmlib): rpmlib(CompressedFileNames) <= 3.0.4-1 rpmlib(FileDigests) <= 4.6.0-1 rpmlib(PayloadFilesHavePrefix) <= 4.0-1
#13 273.3 Recommends: shim-unsigned-x64-debugsource(x86-64) = 16.1-2.el9
#13 273.3 Processing files: shim-unsigned-x64-debugsource-16.1-2.el9.noarch
#13 273.6 Provides: shim-unsigned-x64-debugsource = 16.1-2.el9
#13 273.6 Requires(rpmlib): rpmlib(CompressedFileNames) <= 3.0.4-1 rpmlib(FileDigests) <= 4.6.0-1 rpmlib(PayloadFilesHavePrefix) <= 4.0-1
#13 273.6 Checking for unpackaged file(s): /usr/lib/rpm/check-files /builddir/build/BUILDROOT/shim-unsigned-x64-16.1-2.el9.x86_64
#13 274.1 Wrote: /builddir/build/RPMS/x86_64/shim-unsigned-x64-16.1-2.el9.x86_64.rpm
#13 274.9 Wrote: /builddir/build/RPMS/noarch/shim-unsigned-x64-debuginfo-16.1-2.el9.noarch.rpm
#13 275.6 Wrote: /builddir/build/RPMS/noarch/shim-unsigned-x64-debugsource-16.1-2.el9.noarch.rpm
#13 275.6 Executing(%clean): /bin/sh -e /var/tmp/rpm-tmp.DhvUFM
#13 275.6 + umask 022
#13 275.6 + cd /builddir/build//BUILD
#13 275.6 + cd shim-16.1
#13 275.6 + /usr/bin/rm -rf /builddir/build/BUILDROOT/shim-unsigned-x64-16.1-2.el9.x86_64
#13 275.7 + RPM_EC=0
#13 275.7 ++ jobs -p
#13 275.7 + exit 0
#13 DONE 275.7s

#14 [10/21] RUN mkdir /built_shim/
#14 DONE 0.2s

#15 [11/21] COPY shimx64.efi /
#15 DONE 0.0s

#16 [12/21] RUN rpm2cpio /builddir/build/RPMS/x86_64/shim-unsigned-x64-16.1-2.el9.x86_64.rpm | cpio -diu -D /built_shim
#16 0.188 3952 blocks
#16 DONE 0.2s

#17 [13/21] RUN ls -l /*.efi /built_shim/usr/share/shim/16.1-2.el9/*/shim*.efi
#17 0.148 -rw-r--r-- 1 root root 1025931 Sep 14 02:08 /built_shim/usr/share/shim/16.1-2.el9/x64/shimx64.efi
#17 0.148 -rw-r--r-- 1 root root 1025931 Sep 14 01:28 /shimx64.efi
#17 DONE 0.2s

#18 [14/21] RUN sha256sum /built_shim/usr/share/shim/16.1-2.el9/x64/shimx64.efi /shimx64.efi
#18 0.146 8f79b1724c58838569733a8ed1611463d0aec9bd6d5bdc6c306f7d0a43cbdc66  /built_shim/usr/share/shim/16.1-2.el9/x64/shimx64.efi
#18 0.150 8f79b1724c58838569733a8ed1611463d0aec9bd6d5bdc6c306f7d0a43cbdc66  /shimx64.efi
#18 DONE 0.2s

#19 [15/21] RUN hexdump -Cv /built_shim/usr/share/shim/16.1-2.el9/x64/shimx64.efi > built-x64.hex
#19 DONE 0.4s

#20 [16/21] RUN hexdump -Cv /shimx64.efi > orig-x64.hex
#20 DONE 0.4s

#21 [17/21] RUN diff -u orig-x64.hex built-x64.hex
#21 DONE 0.2s

#22 [18/21] RUN cmp /built_shim/usr/share/shim/16.1-2.el9/x64/shimx64.efi /shimx64.efi
#22 DONE 0.2s

#23 [19/21] RUN pesign -h -P -i /built_shim/usr/share/shim/16.1-2.el9/x64/shimx64.efi
#23 0.238 /built_shim/usr/share/shim/16.1-2.el9/x64/shimx64.efi 0217807c406610e5fbae9f666dc59ac75d699eb28e0f5b7f571abf88539a8a01
#23 DONE 0.2s

#24 [20/21] RUN pesign -h -P -i /shimx64.efi
#24 0.219 /shimx64.efi 0217807c406610e5fbae9f666dc59ac75d699eb28e0f5b7f571abf88539a8a01
#24 DONE 0.2s

#25 [21/21] RUN sha256sum /built_shim/usr/share/shim/16.1-2.el9/x64/shimx64.efi /shimx64.efi
#25 0.152 8f79b1724c58838569733a8ed1611463d0aec9bd6d5bdc6c306f7d0a43cbdc66  /built_shim/usr/share/shim/16.1-2.el9/x64/shimx64.efi
#25 0.156 8f79b1724c58838569733a8ed1611463d0aec9bd6d5bdc6c306f7d0a43cbdc66  /shimx64.efi
#25 DONE 0.2s

#26 exporting to image
#26 exporting layers
#26 exporting layers 0.8s done
#26 writing image sha256:a9668f84924cf9781f589b71f3eef96307e7ac75f64c47151e2e4493e2004470
#26 writing image sha256:a9668f84924cf9781f589b71f3eef96307e7ac75f64c47151e2e4493e2004470 done
#26 DONE 0.8s

View build details: docker-desktop://dashboard/build/desktop-linux/desktop-linux/9cwhgqyw4rqt1305f4xv0ra0g
